bank,country,listed,ticker,market_cap_native,evidence_level,date_of_evidence,why_included,source_url,receipt_path
"Banque Misr UAE (branch of Banque Misr, Egypt)",UAE,No (branch of unlisted Egyptian state bank),,n/a,proven,2026-08,FinCEN proposed cutting it off from US correspondent banking; Treasury says ~$1.8bn for 103 possible Iranian shadow-banking firms Jan 2024-Jun 2026,https://home.treasury.gov/news/press-releases/sb0617,receipts/banks/listed-bank-filings/us-2026-banque-misr-uae_treasury_sb0617.png
Golden Global Yatirim Bankasi,Turkey,No,,n/a,proven,2026-09-04,OFAC designated under EO 13902; now under TMSF control,https://home.treasury.gov/news/press-releases/sb0622,receipts/banks/listed-bank-filings/tr-2026-golden-global-bank_treasury_sb0622.png
VTB Bank,Russia,Yes - MOEX,VTBR,not captured,proven,2026-09,OFAC designated under Iran authority for correspondent ties with sanctioned Iranian banks (out of geographic scope; context),https://home.treasury.gov/news/press-releases/sb0629,receipts/banks/listed-bank-filings/ru-2026-vtb_treasury_sb0629.png
Halkbank (Turkiye Halk Bankasi),Turkey,Yes - Borsa Istanbul,HALKB,321.73B TRY,proven,2026-03-09,DOJ deferred prosecution agreement (Mar 2026) barring Iran-benefiting transactions; case dismissed Jun 2026. Former Halkbank staff ran Golden Global (Iran International). Could be sanctioned under the 2026-10-05 warning if Iran dealings resumed,https://www.aa.com.tr/en/americas/turkish-bank-us-justice-department-agree-to-deferred-prosecution/3857135,receipts/banks/listed-bank-filings/tr-halkbank-2026-03-09_anadolu_dpa.png; receipts/banks/listed-bank-filings/tr-halkbank-2026-03-10_occrp_deal.png; receipts/banks/listed-bank-filings/tr-2026-09-16_iranintl_turkey-bank-ties.png; receipts/banks/listed-bank-filings/mcap_ist-HALKB_stockanalysis.png
HSBC Holdings,Hong Kong / UK,"Yes - HKEX, LSE, NYSE",0005.HK / HSBA / HSBC,not captured (CDP crash),documented,2026-02-26,"Own 20-F Section 13(r): ~14 legacy guarantees/counter-indemnities involving Bank Tejarat, Bank Melli, Bank of Industry and Mine; no new ones, winding down. Telegraph Apr 2026: US judge ordered HSBC and StanChart to hand over records in Iran laundering probe (lead)",https://www.sec.gov/Archives/edgar/data/1089113/000108911326000010/hsbc-20251231.htm,receipts/banks/listed-bank-filings/hk-hsbc-2026-02-26_20F-FY2025_iran-pages.pdf; receipts/banks/listed-bank-filings/hsbc-stanchart-2026-04-18_telegraph_iran-laundering.png
Standard Chartered,Hong Kong / UK,"Yes - HKEX, LSE",2888.HK / STAN,not captured,lead,2026-04-18,Telegraph: ordered by US judge to turn over records in Iran sanctions-evasion probe (headline only captured; paywall),https://www.telegraph.co.uk/,receipts/banks/listed-bank-filings/hsbc-stanchart-2026-04-18_telegraph_iran-laundering.png
UCO Bank,India,Yes - NSE/BSE,UCOBANK,291.80B INR,documented,2026-07-23,CEO on record: still runs sanctions-compliant rupee vostro trade with banks in Iran and Russia; historical rupee-rial oil channel,https://www.livemint.com/companies/news/uco-bank-says-iran-russia-rupee-trade-channels-remain-open-within-sanctions-ai-cybersecurity-digital-lending-11784779446635.html,receipts/banks/listed-bank-filings/in-uco-2026-07-23_livemint_iran-rupee-channel.png; receipts/banks/listed-bank-filings/in-2026-04-07_moneycontrol_iran-oil-rupee.png; receipts/banks/listed-bank-filings/mcap_nse-UCOBANK_stockanalysis.png
HDFC Bank,India,"Yes - NSE/BSE, NYSE ADR",HDFCBANK / HDB,not captured,lead,2026-07-29,20-F FY2026 mentions Iran only as war/macro risk; no Iranian counterparties disclosed. Checked and found nothing material,https://www.sec.gov/Archives/edgar/data/1144967/000119312526322004/d88195d20f.htm,receipts/banks/listed-bank-filings/in-hdfc-2026-07-29_20F-FY2026_iran-pages.pdf
VakifBank,Turkey,Yes - Borsa Istanbul,VAKBN,336.55B TRY,lead,2026-09,Turkish listed bank in the jurisdiction where Treasury acted (Golden Global) and Bank Mellat Istanbul lost its licence; no bank-specific Iran evidence found in time box (annual reports/KAP not read),https://www.aljazeera.com/economy/2026/9/19/turkiye-revokes-operating-licence-of-irans-bank-mellat,receipts/banks/listed-bank-filings/mcap_ist-VAKBN_stockanalysis.png; receipts/banks/listed-bank-filings/tr-2026-09-19_aljazeera_mellat-licence.png
Isbank,Turkey,Yes - Borsa Istanbul,ISCTR,364.94B TRY,lead,2026-09,Turkish listed bank in the jurisdiction where Treasury acted (Golden Global) and Bank Mellat Istanbul lost its licence; no bank-specific Iran evidence found in time box (annual reports/KAP not read),https://www.aljazeera.com/economy/2026/9/19/turkiye-revokes-operating-licence-of-irans-bank-mellat,receipts/banks/listed-bank-filings/mcap_ist-ISCTR_stockanalysis.png; receipts/banks/listed-bank-filings/tr-2026-09-19_aljazeera_mellat-licence.png
Garanti BBVA,Turkey,Yes - Borsa Istanbul,GARAN,551.04B TRY,lead,2026-09,Turkish listed bank in the jurisdiction where Treasury acted (Golden Global) and Bank Mellat Istanbul lost its licence; no bank-specific Iran evidence found in time box (annual reports/KAP not read),https://www.aljazeera.com/economy/2026/9/19/turkiye-revokes-operating-licence-of-irans-bank-mellat,receipts/banks/listed-bank-filings/mcap_ist-GARAN_stockanalysis.png; receipts/banks/listed-bank-filings/tr-2026-09-19_aljazeera_mellat-licence.png
Akbank,Turkey,Yes - Borsa Istanbul,AKBNK,361.40B TRY,lead,2026-09,Turkish listed bank in the jurisdiction where Treasury acted (Golden Global) and Bank Mellat Istanbul lost its licence; no bank-specific Iran evidence found in time box (annual reports/KAP not read),https://www.aljazeera.com/economy/2026/9/19/turkiye-revokes-operating-licence-of-irans-bank-mellat,receipts/banks/listed-bank-filings/mcap_ist-AKBNK_stockanalysis.png; receipts/banks/listed-bank-filings/tr-2026-09-19_aljazeera_mellat-licence.png
Yapi Kredi,Turkey,Yes - Borsa Istanbul,YKBNK,303.25B TRY,lead,2026-09,Turkish listed bank in the jurisdiction where Treasury acted (Golden Global) and Bank Mellat Istanbul lost its licence; no bank-specific Iran evidence found in time box (annual reports/KAP not read),https://www.aljazeera.com/economy/2026/9/19/turkiye-revokes-operating-licence-of-irans-bank-mellat,receipts/banks/listed-bank-filings/mcap_ist-YKBNK_stockanalysis.png; receipts/banks/listed-bank-filings/tr-2026-09-19_aljazeera_mellat-licence.png
QNB Turkey (QNB Bank A.S.),Turkey,Yes - Borsa Istanbul,QNBTR,928.95B TRY,lead,2026-09,Turkish listed bank in the jurisdiction where Treasury acted (Golden Global) and Bank Mellat Istanbul lost its licence; no bank-specific Iran evidence found in time box (annual reports/KAP not read),https://www.aljazeera.com/economy/2026/9/19/turkiye-revokes-operating-licence-of-irans-bank-mellat,receipts/banks/listed-bank-filings/mcap_ist-QNBTR_stockanalysis.png; receipts/banks/listed-bank-filings/tr-2026-09-19_aljazeera_mellat-licence.png
Albaraka Turk,Turkey,Yes - Borsa Istanbul,ALBRK,22.13B TRY,lead,2026-09,Turkish listed bank in the jurisdiction where Treasury acted (Golden Global) and Bank Mellat Istanbul lost its licence; no bank-specific Iran evidence found in time box (annual reports/KAP not read),https://www.aljazeera.com/economy/2026/9/19/turkiye-revokes-operating-licence-of-irans-bank-mellat,receipts/banks/listed-bank-filings/mcap_ist-ALBRK_stockanalysis.png; receipts/banks/listed-bank-filings/tr-2026-09-19_aljazeera_mellat-licence.png
TSKB,Turkey,Yes - Borsa Istanbul,TSKB,27.92B TRY,lead,2026-09,Turkish listed bank in the jurisdiction where Treasury acted (Golden Global) and Bank Mellat Istanbul lost its licence; no bank-specific Iran evidence found in time box (annual reports/KAP not read),https://www.aljazeera.com/economy/2026/9/19/turkiye-revokes-operating-licence-of-irans-bank-mellat,receipts/banks/listed-bank-filings/mcap_ist-TSKB_stockanalysis.png; receipts/banks/listed-bank-filings/tr-2026-09-19_aljazeera_mellat-licence.png
ICBC Turkey,Turkey,Yes - Borsa Istanbul,ICBCT,13.24B TRY,lead,2026-09,Turkish listed bank in the jurisdiction where Treasury acted (Golden Global) and Bank Mellat Istanbul lost its licence; no bank-specific Iran evidence found in time box (annual reports/KAP not read),https://www.aljazeera.com/economy/2026/9/19/turkiye-revokes-operating-licence-of-irans-bank-mellat,receipts/banks/listed-bank-filings/mcap_ist-ICBCT_stockanalysis.png; receipts/banks/listed-bank-filings/tr-2026-09-19_aljazeera_mellat-licence.png
Ziraat Bankasi,Turkey,No shares listed (Aktif: bonds only); not verified on KAP,,n/a,lead,,Requested; not screened in time box,,
Denizbank,Turkey,No shares listed (Aktif: bonds only); not verified on KAP,,n/a,lead,,Requested; not screened in time box,,
Kuveyt Turk,Turkey,No shares listed (Aktif: bonds only); not verified on KAP,,n/a,lead,,Requested; not screened in time box,,
Turkiye Finans,Turkey,No shares listed (Aktif: bonds only); not verified on KAP,,n/a,lead,,Requested; not screened in time box,,
Aktif Bank,Turkey,No shares listed (Aktif: bonds only); not verified on KAP,,n/a,lead,,Requested; not screened in time box,,
Emirates NBD,UAE,Yes - DFM,EMIRATESNBD,194.55B AED,lead,2026-08,UAE is Treasury's most common Iran-evasion jurisdiction; Banque Misr UAE proposed cut-off; Treasury sanctioned UAE exchange houses/fronts; UAE halted Iran transactions 2026-08-18/19. No bank-specific evidence found in time box,https://home.treasury.gov/news/press-releases/sb0617,receipts/banks/listed-bank-filings/mcap_dfm-EMIRATESNBD_stockanalysis.png; receipts/banks/listed-bank-filings/uae-2026-08-21_fdd_uae-sanctions-evasion.png; receipts/banks/listed-bank-filings/uae-2026-08-24_winep_emirati-back-door.png
Mashreq,UAE,Yes - DFM,MASQ,65.22B AED,lead,2026-08,UAE is Treasury's most common Iran-evasion jurisdiction; Banque Misr UAE proposed cut-off; Treasury sanctioned UAE exchange houses/fronts; UAE halted Iran transactions 2026-08-18/19. No bank-specific evidence found in time box,https://home.treasury.gov/news/press-releases/sb0617,receipts/banks/listed-bank-filings/mcap_dfm-MASQ_stockanalysis.png; receipts/banks/listed-bank-filings/uae-2026-08-21_fdd_uae-sanctions-evasion.png; receipts/banks/listed-bank-filings/uae-2026-08-24_winep_emirati-back-door.png
Dubai Islamic Bank,UAE,Yes - DFM,DIB,52.32B AED,lead,2026-08,UAE is Treasury's most common Iran-evasion jurisdiction; Banque Misr UAE proposed cut-off; Treasury sanctioned UAE exchange houses/fronts; UAE halted Iran transactions 2026-08-18/19. No bank-specific evidence found in time box,https://home.treasury.gov/news/press-releases/sb0617,receipts/banks/listed-bank-filings/mcap_dfm-DIB_stockanalysis.png; receipts/banks/listed-bank-filings/uae-2026-08-21_fdd_uae-sanctions-evasion.png; receipts/banks/listed-bank-filings/uae-2026-08-24_winep_emirati-back-door.png
Commercial Bank of Dubai,UAE,Yes - DFM,CBD,28.78B AED,lead,2026-08,UAE is Treasury's most common Iran-evasion jurisdiction; Banque Misr UAE proposed cut-off; Treasury sanctioned UAE exchange houses/fronts; UAE halted Iran transactions 2026-08-18/19. No bank-specific evidence found in time box,https://home.treasury.gov/news/press-releases/sb0617,receipts/banks/listed-bank-filings/mcap_dfm-CBD_stockanalysis.png; receipts/banks/listed-bank-filings/uae-2026-08-21_fdd_uae-sanctions-evasion.png; receipts/banks/listed-bank-filings/uae-2026-08-24_winep_emirati-back-door.png
ADCB,UAE,Yes - ADX,ADCB,128.53B AED,lead,2026-08,UAE is Treasury's most common Iran-evasion jurisdiction; Banque Misr UAE proposed cut-off; Treasury sanctioned UAE exchange houses/fronts; UAE halted Iran transactions 2026-08-18/19. No bank-specific evidence found in time box,https://home.treasury.gov/news/press-releases/sb0617,receipts/banks/listed-bank-filings/mcap_adx-ADCB_stockanalysis.png; receipts/banks/listed-bank-filings/uae-2026-08-21_fdd_uae-sanctions-evasion.png; receipts/banks/listed-bank-filings/uae-2026-08-24_winep_emirati-back-door.png
First Abu Dhabi Bank,UAE,Yes - ADX,FAB,211.23B AED,lead,2026-08,UAE is Treasury's most common Iran-evasion jurisdiction; Banque Misr UAE proposed cut-off; Treasury sanctioned UAE exchange houses/fronts; UAE halted Iran transactions 2026-08-18/19. No bank-specific evidence found in time box,https://home.treasury.gov/news/press-releases/sb0617,receipts/banks/listed-bank-filings/mcap_adx-FAB_stockanalysis.png; receipts/banks/listed-bank-filings/uae-2026-08-21_fdd_uae-sanctions-evasion.png; receipts/banks/listed-bank-filings/uae-2026-08-24_winep_emirati-back-door.png
Abu Dhabi Islamic Bank,UAE,Yes - ADX,ADIB,84.99B AED,lead,2026-08,UAE is Treasury's most common Iran-evasion jurisdiction; Banque Misr UAE proposed cut-off; Treasury sanctioned UAE exchange houses/fronts; UAE halted Iran transactions 2026-08-18/19. No bank-specific evidence found in time box,https://home.treasury.gov/news/press-releases/sb0617,receipts/banks/listed-bank-filings/mcap_adx-ADIB_stockanalysis.png; receipts/banks/listed-bank-filings/uae-2026-08-21_fdd_uae-sanctions-evasion.png; receipts/banks/listed-bank-filings/uae-2026-08-24_winep_emirati-back-door.png
RAKBANK,UAE,Yes - ADX,RAKBANK,20.11B AED,lead,2026-08,UAE is Treasury's most common Iran-evasion jurisdiction; Banque Misr UAE proposed cut-off; Treasury sanctioned UAE exchange houses/fronts; UAE halted Iran transactions 2026-08-18/19. No bank-specific evidence found in time box,https://home.treasury.gov/news/press-releases/sb0617,receipts/banks/listed-bank-filings/mcap_adx-RAKBANK_stockanalysis.png; receipts/banks/listed-bank-filings/uae-2026-08-21_fdd_uae-sanctions-evasion.png; receipts/banks/listed-bank-filings/uae-2026-08-24_winep_emirati-back-door.png
National Bank of Fujairah,UAE,Yes - ADX,NBF,12.26B AED,lead,2026-08,UAE is Treasury's most common Iran-evasion jurisdiction; Banque Misr UAE proposed cut-off; Treasury sanctioned UAE exchange houses/fronts; UAE halted Iran transactions 2026-08-18/19. No bank-specific evidence found in time box,https://home.treasury.gov/news/press-releases/sb0617,receipts/banks/listed-bank-filings/mcap_adx-NBF_stockanalysis.png; receipts/banks/listed-bank-filings/uae-2026-08-21_fdd_uae-sanctions-evasion.png; receipts/banks/listed-bank-filings/uae-2026-08-24_winep_emirati-back-door.png
Al Ansari Financial Services (exchange house),UAE,Yes - DFM,ALANSARI,7.13B AED,lead,2026-08,UAE is Treasury's most common Iran-evasion jurisdiction; Banque Misr UAE proposed cut-off; Treasury sanctioned UAE exchange houses/fronts; UAE halted Iran transactions 2026-08-18/19. No bank-specific evidence found in time box,https://home.treasury.gov/news/press-releases/sb0617,receipts/banks/listed-bank-filings/mcap_dfm-ALANSARI_stockanalysis.png; receipts/banks/listed-bank-filings/uae-2026-08-21_fdd_uae-sanctions-evasion.png; receipts/banks/listed-bank-filings/uae-2026-08-24_winep_emirati-back-door.png
Emirates Islamic,UAE,"Yes - DFM (thinly traded, ENBD subsidiary)",EIB,not captured,lead,,Not screened in time box,,
Bank Muscat,Oman,Yes - Muscat (MSX),BKMB,3.19B OMR,lead,2026-08,Oman named by Treasury with UAE and Iraq as Iran shadow-banking jurisdictions (per WINEP); no bank-specific evidence found,,receipts/banks/listed-bank-filings/mcap_msm-BKMB_stockanalysis.png; receipts/banks/listed-bank-filings/uae-2026-08-24_winep_emirati-back-door.png
Sohar International,Oman,Yes - Muscat (MSX),BKSB,1.48B OMR,lead,2026-08,Oman named by Treasury with UAE and Iraq as Iran shadow-banking jurisdictions (per WINEP); no bank-specific evidence found,,receipts/banks/listed-bank-filings/mcap_msm-BKSB_stockanalysis.png; receipts/banks/listed-bank-filings/uae-2026-08-24_winep_emirati-back-door.png
Kaspi.kz,Kazakhstan,"Yes - Nasdaq, AIX",KSPI,17.70B USD,lead,,Requested; no Iran mention found in time box,,receipts/banks/listed-bank-filings/mcap_nasdaq-KSPI_stockanalysis.png
Keremet Bank,Kyrgyzstan,No,,n/a,proven,2026-10-06,Already US-sanctioned (Russia program); FDD links A7/Russia network with Iran; context only,,receipts/banks/listed-bank-filings/ru-kg-2026-10-06_fdd_russian-shadow-banking.png
Halyk Bank,Kazakhstan,varies; not verified,,not captured,lead,,Requested; not screened in the time box,, 
Bank of Georgia (Lion Finance),Georgia,varies; not verified,,not captured,lead,,Requested; not screened in the time box,, 
TBC Bank,Georgia,varies; not verified,,not captured,lead,,Requested; not screened in the time box,, 
"Armenian banks (Ameriabank, Ardshinbank etc.)",Armenia,varies; not verified,,not captured,lead,,Requested; not screened in the time box,, 
"Qatar banks (QNB, etc.)",Qatar,varies; not verified,,not captured,lead,,Requested; not screened in the time box,, 
Pakistan banks,Pakistan,varies; not verified,,not captured,lead,,Requested; not screened in the time box,, 
Afghan banks,Afghanistan,varies; not verified,,not captured,lead,,Requested; not screened in the time box,, 
Lebanese banks,Lebanon,varies; not verified,,not captured,lead,,Requested; not screened in the time box,, 
Al Mustashar Islamic Bank,Iraq,ISX listing not verified (ISX site refused connection),,not captured,documented,2023-07-19,"One of 14 Iraqi banks barred by the NY Fed from US-dollar transactions, July 2023 (press list; US did not publish names)",,receipts/banks/listed-bank-filings/iraq-2023-07-19_shafaq_14-banks-names.png; receipts/banks/listed-bank-filings/iraq-2023-07-28_reuters_banks-challenge_wayback.png
Al Qurtas Islamic Bank,Iraq,ISX listing not verified (ISX site refused connection),,not captured,documented,2023-07-19,"One of 14 Iraqi banks barred by the NY Fed from US-dollar transactions, July 2023 (press list; US did not publish names)",,receipts/banks/listed-bank-filings/iraq-2023-07-19_shafaq_14-banks-names.png; receipts/banks/listed-bank-filings/iraq-2023-07-28_reuters_banks-challenge_wayback.png
Al Taif Islamic Bank,Iraq,ISX listing not verified (ISX site refused connection),,not captured,documented,2023-07-19,"One of 14 Iraqi banks barred by the NY Fed from US-dollar transactions, July 2023 (press list; US did not publish names)",,receipts/banks/listed-bank-filings/iraq-2023-07-19_shafaq_14-banks-names.png; receipts/banks/listed-bank-filings/iraq-2023-07-28_reuters_banks-challenge_wayback.png
Elaf Islamic Bank,Iraq,ISX listing not verified (ISX site refused connection),,not captured,documented,2023-07-19,"One of 14 Iraqi banks barred by the NY Fed from US-dollar transactions, July 2023 (press list; US did not publish names)",,receipts/banks/listed-bank-filings/iraq-2023-07-19_shafaq_14-banks-names.png; receipts/banks/listed-bank-filings/iraq-2023-07-28_reuters_banks-challenge_wayback.png
Erbil Bank,Iraq,ISX listing not verified (ISX site refused connection),,not captured,documented,2023-07-19,"One of 14 Iraqi banks barred by the NY Fed from US-dollar transactions, July 2023 (press list; US did not publish names)",,receipts/banks/listed-bank-filings/iraq-2023-07-19_shafaq_14-banks-names.png; receipts/banks/listed-bank-filings/iraq-2023-07-28_reuters_banks-challenge_wayback.png
International Islamic Bank,Iraq,ISX listing not verified (ISX site refused connection),,not captured,documented,2023-07-19,"One of 14 Iraqi banks barred by the NY Fed from US-dollar transactions, July 2023 (press list; US did not publish names)",,receipts/banks/listed-bank-filings/iraq-2023-07-19_shafaq_14-banks-names.png; receipts/banks/listed-bank-filings/iraq-2023-07-28_reuters_banks-challenge_wayback.png
Iraq Trans Bank,Iraq,ISX listing not verified (ISX site refused connection),,not captured,documented,2023-07-19,"One of 14 Iraqi banks barred by the NY Fed from US-dollar transactions, July 2023 (press list; US did not publish names)",,receipts/banks/listed-bank-filings/iraq-2023-07-19_shafaq_14-banks-names.png; receipts/banks/listed-bank-filings/iraq-2023-07-28_reuters_banks-challenge_wayback.png
Mosul Bank for Development and Investment,Iraq,ISX listing not verified (ISX site refused connection),,not captured,documented,2023-07-19,"One of 14 Iraqi banks barred by the NY Fed from US-dollar transactions, July 2023 (press list; US did not publish names)",,receipts/banks/listed-bank-filings/iraq-2023-07-19_shafaq_14-banks-names.png; receipts/banks/listed-bank-filings/iraq-2023-07-28_reuters_banks-challenge_wayback.png
Rajih Bank,Iraq,ISX listing not verified (ISX site refused connection),,not captured,documented,2023-07-19,"One of 14 Iraqi banks barred by the NY Fed from US-dollar transactions, July 2023 (press list; US did not publish names)",,receipts/banks/listed-bank-filings/iraq-2023-07-19_shafaq_14-banks-names.png; receipts/banks/listed-bank-filings/iraq-2023-07-28_reuters_banks-challenge_wayback.png
Sumer Commercial Bank,Iraq,ISX listing not verified (ISX site refused connection),,not captured,documented,2023-07-19,"One of 14 Iraqi banks barred by the NY Fed from US-dollar transactions, July 2023 (press list; US did not publish names)",,receipts/banks/listed-bank-filings/iraq-2023-07-19_shafaq_14-banks-names.png; receipts/banks/listed-bank-filings/iraq-2023-07-28_reuters_banks-challenge_wayback.png
Trust International Islamic Bank,Iraq,ISX listing not verified (ISX site refused connection),,not captured,documented,2023-07-19,"One of 14 Iraqi banks barred by the NY Fed from US-dollar transactions, July 2023 (press list; US did not publish names)",,receipts/banks/listed-bank-filings/iraq-2023-07-19_shafaq_14-banks-names.png; receipts/banks/listed-bank-filings/iraq-2023-07-28_reuters_banks-challenge_wayback.png
Ur Islamic Bank,Iraq,ISX listing not verified (ISX site refused connection),,not captured,documented,2023-07-19,"One of 14 Iraqi banks barred by the NY Fed from US-dollar transactions, July 2023 (press list; US did not publish names)",,receipts/banks/listed-bank-filings/iraq-2023-07-19_shafaq_14-banks-names.png; receipts/banks/listed-bank-filings/iraq-2023-07-28_reuters_banks-challenge_wayback.png
World Islamic Bank,Iraq,ISX listing not verified (ISX site refused connection),,not captured,documented,2023-07-19,"One of 14 Iraqi banks barred by the NY Fed from US-dollar transactions, July 2023 (press list; US did not publish names)",,receipts/banks/listed-bank-filings/iraq-2023-07-19_shafaq_14-banks-names.png; receipts/banks/listed-bank-filings/iraq-2023-07-28_reuters_banks-challenge_wayback.png
Zain Iraq Islamic Bank,Iraq,ISX listing not verified (ISX site refused connection),,not captured,documented,2023-07-19,"One of 14 Iraqi banks barred by the NY Fed from US-dollar transactions, July 2023 (press list; US did not publish names)",,receipts/banks/listed-bank-filings/iraq-2023-07-19_shafaq_14-banks-names.png; receipts/banks/listed-bank-filings/iraq-2023-07-28_reuters_banks-challenge_wayback.png
Ashur International Bank,Iraq,ISX listing not verified,,not captured,documented,2024-02-05,"One of 8 Iraqi banks barred from US-dollar transactions, Feb 2024 (press list)",,receipts/banks/listed-bank-filings/iraq-2024-02-05_newarab_8-banks.png
Investment Bank of Iraq,Iraq,ISX listing not verified,,not captured,documented,2024-02-05,"One of 8 Iraqi banks barred from US-dollar transactions, Feb 2024 (press list)",,receipts/banks/listed-bank-filings/iraq-2024-02-05_newarab_8-banks.png
Union Bank of Iraq,Iraq,ISX listing not verified,,not captured,documented,2024-02-05,"One of 8 Iraqi banks barred from US-dollar transactions, Feb 2024 (press list)",,receipts/banks/listed-bank-filings/iraq-2024-02-05_newarab_8-banks.png
Kurdistan International Islamic Bank,Iraq,ISX listing not verified,,not captured,documented,2024-02-05,"One of 8 Iraqi banks barred from US-dollar transactions, Feb 2024 (press list)",,receipts/banks/listed-bank-filings/iraq-2024-02-05_newarab_8-banks.png
Al Huda Bank,Iraq,ISX listing not verified,,not captured,documented,2024-02-05,"One of 8 Iraqi banks barred from US-dollar transactions, Feb 2024 (press list)",,receipts/banks/listed-bank-filings/iraq-2024-02-05_newarab_8-banks.png
Al Janoob Islamic Bank,Iraq,ISX listing not verified,,not captured,documented,2024-02-05,"One of 8 Iraqi banks barred from US-dollar transactions, Feb 2024 (press list); owned/chaired by PM Al-Zaidi, still banned per Treasury Jul 2026",,receipts/banks/listed-bank-filings/iraq-2024-02-05_newarab_8-banks.png; receipts/banks/listed-bank-filings/iraq-2026-07-22_thenational_rebuild-plan.png
Arabia Islamic Bank,Iraq,ISX listing not verified,,not captured,documented,2024-02-05,"One of 8 Iraqi banks barred from US-dollar transactions, Feb 2024 (press list)",,receipts/banks/listed-bank-filings/iraq-2024-02-05_newarab_8-banks.png
Hammurabi Commercial Bank,Iraq,ISX listing not verified,,not captured,documented,2024-02-05,"One of 8 Iraqi banks barred from US-dollar transactions, Feb 2024 (press list)",,receipts/banks/listed-bank-filings/iraq-2024-02-05_newarab_8-banks.png
Amin Iraq Islamic Bank,Iraq,ISX listing not verified,,not captured,documented,2025-02-18,"One of 5 more Iraqi banks barred from USD, Feb 2025 (press list)",,receipts/banks/listed-bank-filings/iraq-2025-02-18_iraqinews_5-banks.png
Misk Islamic Bank,Iraq,ISX listing not verified,,not captured,documented,2025-02-18,"One of 5 more Iraqi banks barred from USD, Feb 2025 (press list)",,receipts/banks/listed-bank-filings/iraq-2025-02-18_iraqinews_5-banks.png
Al-Mashreq Al-Arabi Islamic Bank,Iraq,ISX listing not verified,,not captured,documented,2025-02-18,"One of 5 more Iraqi banks barred from USD, Feb 2025 (press list)",,receipts/banks/listed-bank-filings/iraq-2025-02-18_iraqinews_5-banks.png
United Bank for Investment,Iraq,ISX listing not verified,,not captured,documented,2025-02-18,"One of 5 more Iraqi banks barred from USD, Feb 2025 (press list)",,receipts/banks/listed-bank-filings/iraq-2025-02-18_iraqinews_5-banks.png
Al Sanam Islamic Bank,Iraq,ISX listing not verified,,not captured,documented,2025-02-18,"One of 5 more Iraqi banks barred from USD, Feb 2025 (press list)",,receipts/banks/listed-bank-filings/iraq-2025-02-18_iraqinews_5-banks.png
