region,snapshot,swift,name,country_fa,tier,settlement,address
europe,20111018145926,BSIR DE FFA,BANK SADERAT IRAN (FRANKFURT),آلمان,1,تسويه يوروئي عهده حساب ما نزد شعبه هامبورگ,"FRIEDENSSTR.4 , P.O. BOX 160151 , 60311 FRANKFURT/MAIN , GERMANY"
europe,20111018145926,BSIR DE HH,BANK SADERAT IRAN (HAMBURG),آلمان,1,تسويه يوروئي از طريق شعبه هامبورگ,"ZWEIGNIEDERLASSUNG HAMBURG, DEICHSTRASSE 11, P.O. BOX 11 2227 , 20459 HAMBURG, GERMANY"
europe,20111018145926,BSIR DE FFA,BANK SADERAT IRAN (FRANKFURT),اتریش,1,تسويه يوروئي عهده حساب ما نزد شعبه هامبورگ,"FRIEDENSSTR.4 , P.O. BOX 160151 , 60311 FRANKFURT/MAIN , GERMANY"
europe,20111018145926,RZBA AT WW,RAIFFEISEN ZENTRALBANK OESTERREICH AG/VIENNA ( RZB ),اتريش,2,تسويه يورويي از طريق  شعبه هامبورگ,"AM STADTPARK 9, P.O. BOX 50/A-1011 VIENNA, AUSTRIA"
europe,20111018145926,BKAU AT WW,UNICREDIT CAIB AG  ( BANK AUSTRIA AG.  نام سابق ),اتريش,3,تسويه يورويي از طريق شعبه هامبورگ,"VORDERO ZOLLANTRASSE 13, A-1011 , VIENNA, AUSTRIA"
europe,20111018145926,OBKLAT 2L,OBER BANK,اتريش,4,تسويه يورويي از طريق شعبه هامبورگ,"HAUPTPLATZ 10-11 , A-4020 , LINZ , OBEROSTERREICH , AUSTRIA"
europe,20111018145926,AREB ES MM,BANCO ARABE ESPANOL SA (ARES BANK),اسپانیا,1,تسویه یورویی از طریق صادرات هامبورگ,"CASTELLANA HALL , PASEO DE LA CASTELLANA 257 , 28046 , MADRID , SPAIN"
europe,20111018145926,UBAI IT RR,BANCA UBAE SPA,اسپانیا,2,تسويه يورويي از طريق شعبه هامبورگ,"P.O.BOX 290, VIA QUINTINO SELLA 2 , 00187 ROME , ITALY"
europe,20111018145926,PSTR ES MM,BANCO PASTOR SA,اسپانیا,3,تسويه يورويي از طريق شعبه هامبورگ,"CANTON  PEQUENO 1 , 15003 A CORUNA , LA CORUNA , SPAIN"
europe,20111018145926,CEKOSKBXBRA,CESKOSLOVENSKA OBCHODNI BANKA AS,اسلواك,1,تسويه يورويي از طريق شعبه هامبورگ,"LEHOCKEHO 3, 812 25 BRATISLAVA, SLOVAKIA"
europe,20111018145926,BSIR GR AA,"BANK SADERAT IRAN, ATHENS BRANCH",اسلوانيا,1,تسويه يورويي از طريق شعبه هامبورگ,"25-29 PANEPISTIMIOU STR. , GR-105 64 ATHENS-GREECE, P.O. BOX 4308 GR-102 10, ATHENS, 10672 GREECE"
europe,20111018145926,LJBA SI 2X,NLB dd  ( NOVA LJUBLJANSKA BANKA DD ) نام قدیم,اسلوانيا,2,تسويه يورويي از طريق شعبه هامبورگ,"P.O. BOX 534, TRG REPUBLIKE 2, 1520  LJUBLJANA, SLOVENIA"
europe,20111018145926,BSIR GR AA,"BANK SADERAT IRAN , ATHENS BRANCH",اكراين,1,تسويه يورويي از طريق شعبه هامبورگ,"25-29 PANEPISTIMIOU STR. , GR-105 64 ATHENS-GREECE, P.O. BOX 4308 GR-102 10, ATHENS, 10672 GREECE"
europe,20111018145926,0,STATE EXPORT-IMPORT BANK OF THE UKRAINE KIEV,اكراين,2,تسويه يورويي از طريق شعبه هامبورگ,"8 KRESHCHATIK STREET, KIEV-19 252001 , UKRAINE"
europe,20111018145926,BSPLGB2L,BANK SADERAT PLC,انگلستان,1,تسویه يورويي عهده حساب ما نزد آن بانک,"120 MOORGATE, LONDON EC2M 6TS, LONDON , ENGLAND"
europe,20111018145926,BSIR DE FFA,BANK SADERAT IRAN (FRANKFURT),ایتالیا,1,تسويه يورویي عهده حساب ما نزد شعبه هامبورگ,"FRIEDENSSTR.4 , P.O. BOX 160151 , 60311 FRANKFURT/MAIN , GERMANY"
europe,20111018145926,BSIR FR PP,"BANK SADERAT IRAN , PARIS BRANCH",ایتالیا,2,تسويه يورويي از طريق صادرات هامبورگ,"16 RUE DE LA PAIX ,  75002 PARIS , FRANCE"
europe,20111018145926,"BCIT IT MM , BCIT IT 33",INTESA SANPAOLO SPA,ایتالیا,3,تسویه یورویی از طریق صادرات هامبورگ,"VIA MONTE DI PIETA 8 , I - 20121 MILAN , MI , ITALY"
europe,20111018145926,UBAI IT RR,BANCA UBAE SPA,ایتالیا,4,تسويه يورويي از طريق صادرات هامبورگ,"P.O.BOX 290, VIA QUINTINO SELLA 2 , 00187 ROME , RM , ITALY"
europe,20111018145926,AKBB BY 2X,BELARUSBANK,بلاروس,1,تسویه یورویی از طریق صادرات هامبورگ,"32 MYASNIKOV STR. , 220050 MINSK , BELARUS"
europe,20111018145926,PJCB BY 2X,PRIORBANK JSC,بلاروس,2,تسویه یورویی از طریق صادرات هامبورگ,"31A V KHORUZHEY STR. , 220002 MINSK , BELARUS"
europe,20111018145926,BSPL GB2L,BANK SADERAT PLC,ايرلند,1,تسويه  يورويي عهده حساب ما نزد آن بانک,"120 MOORGATE, LONDON EC2M 6TS , ENGLAND"
europe,20111018145926,UBAI IT RR,BANCA UBAE SPA,بلژيك,1,تسويه يورويي از طريق شعبه هامبورگ,"P.O.BOX 290, VIA QUINTINO SELLA 2 , 00187 ROME , ITALY"
europe,20111018145926,BSIR GR AA,BANK SADERAT IRAN ( ATHENS BRANCH),بلغارستان,1,تسويه يورويي از طريق صادرات هامبورگ,"25-29 PANEPISTIMIOU STR. , GR-105 64 ATHENS-GREECE, P.O. BOX  4308 GR-102 10, ATHENS, 10672 GREECE"
europe,20111018145926,RZBBBGSF,RAIFFEISENBANK (BULGARIA) AD,بلغارستان,2,تسويه يورويي از طريق شعبه هامبورگ,"18/20 GOGOL STR, BG-1504 SOFIA, BULGARIA"
europe,20111018145926,BCOM PT PL,BANCO COMMERCIAL PORTUGUES SA,پرتغال,1,تسويه يورويي از طريق صادرات هامبورگ,"AV. JOSE MALHOA , 1686-1070-157, LISBON , PORTUGAL"
europe,20111018145926,BKMTTRIS,BANK MELLAT (ISTANBUL),تركيه,1,تسويه يورويي از طريق  صادرات هامبورگ,"1 BINBIR CICEK SOKAK, BUYUKDERE CADDESI, P.O. BOX 67, LEVANT, ISTANBUL, TURKEY"
europe,20111018145926,BKMTTRIS 200,BANK MELLAT (IZMIR),تركيه,1,تسويه يورويي از طريق صادرات هامبورگ,"CUMHURIYET BULVARI NO.88/A , P.K. 7103521 KONAK / IZMIR , TURKEY"
europe,20111018145926,TRHB TR 2A,TURKIYE HALK BANKASI,تركيه,2,تسويه يورويي از طريق  صادرات هامبورگ,"ESKISEHIRYOLU , 2 CADDE NO. 63 , SOGUTOZU , 06520 , ANKARA , TURKEY"
europe,20111018145926,CEKO CZ PP,CESKOSLOVENSKA OBCHODNI BANKA AS,جمهوري چك,1,تسويه يورويي از طريق صادرات هامبورگ,"NA PRIKOPE 14 , 115 20 PRAGUE, CZECH REPUBLIC"
europe,20111018145926,OBKL CZ 2X,OBER BANK,جمهوری چک,2,تسويه يورويي از طريق  صادرات هامبورگ,"CESKE BUDEJOVICE: NAM PREMYSLA OTAKARA II 6/3 , CZ-37001 , CESKE BUDEJOVICE"
europe,20111018145926,DABA DK KK,DANSKE BANK A/S,دانمارك,1,تسويه يورويي از طريق  صادرات هامبورگ - کرون دانمارک عهده حساب ما نزد آن بانک,"2-12 HOLMENS KANAL, DK-1092 , COPENHAGEN , DENMARK"
europe,20111018145926,MELIRUMM XXX,BANK MELLI IRAN C.J.S.C. MOSCOW,روسیه,1,تسويه يورويي از طريق  صادرات هامبورگ,"MASHKOVA STR. NO.9/1 CODE 105064 , RUSSIAN FEDERATION"
europe,20111018145926,RZBMRUMM,ZAO RAIFFEISENBANK AUSTRIA,روسيه,2,تسويه يورويي از طريق صادرات هامبورگ,"17/1 TROITSKAYA STREET, 129090 MOSCOW, RUSSIA"
europe,20111018145926,RZBRROBU,RAIFFEISENBANK  SA,روماني,1,تسويه يورويي از طريق  صادرات هامبورگ,"15 CHARLES DE GAULLE SQUARE , 011857 BUCHAREST 1 , ROMANIA"
europe,20111018145926,BSIR GR AA,"BANK SADERAT IRAN, ATHENS BRANCH",روماني,2,تسويه يورويي از طريق صادرات هامبورگ,"25-29 PANEPISTIMIOU STR, GR-105 64 ATHENS-GREECE, P.O. BOX 4308 GR-102 10, ATHENS, 10672 GREECE"
europe,20111018145926,EGNAROBX,MARFIN BANK ( ROMANIA ) S.A.      (  EGNATIA BANK  :  نام سابق ),روماني,3,تسويه يورويي از طريق  صادرات هامبورگ,"36, STRADAC. A. ROSETTI, 70205 BUCHAREST, ROMANIA"
europe,20111018145926,NDEASESS,NORDEA BANK  AB (PUBL),سوئد,1,تسويه يورويي از طريق صادرات هامبورگ - معاملات به کرون سوئد عهده  حساب ما نزد اسکانديناويسکا استکهلم,"HAMNGATAN 10, S-105 71 STOCKHOLM, SWEDEN"
europe,20111018145926,ESSE SE SS,SKANDINAVISKA ENSKILDA BANKEN AB (PUBL),سوئد,2,- تسويه يورويي از طريق صادرات هامبورگ- معاملات به کرون سوئد عهده حساب ما نزد آن بانک,"KUNGSTRADGARDSGATAN 8, S-106 40 , STOCKHOLM , SWEDEN"
europe,20111018145926,SWED SE SS,SWEDBANK,سوئد,3,- تسويه يورويي از طريق صادرات هامبورگ - معاملات به کرون سوئد عهده  حساب ما نزد اسکانديناويسکا استکهلم,"BRUNKEBERGSTORG 8 , 105 34 STOCKHOLM , SWEDEN"
europe,20111018145926,HAND SE SS,SVENSKA HANDELSBANKEN AB PUBL,سوئد,4,تسويه يورويي از طريق صادرات هامبورگ -معاملات به کرون سوئد عهده حساب ما نزد اسکانديناويسکا استکهلم,"KUNGSTRADGARDSGATAN 2, 106 70 STOCKHOLM, SWEDEN"
europe,20111018145926,ZKBK CH ZZ 80A,ZURCHER KANTONAL BANK,سوئیس,1,تسویه فرانک سوئیس از طریق حساب فرانک سوئیس ما نزد آن بانک  تسویه یورویی از طریق صادرات هامبورگ,"BAHNHOFSTRASSE 9 , CH -8010 ZURICH , SWITZERLAND"
europe,20111018145926,BPCP CH GG,BANQUE DE COMMERCE ET DE PLACEMENTS SA,سوئیس,2,تسویه فرانک سوئیس از طریق حساب فرانک سوئیس ما نزد آن بانک  تسویه یورویی از طریق صادرات هامبورگ,BANQUE DE COMMERCE ET DE PLACEMENTS SA
europe,20111018145926,BSIR DE FFA,BANK SADERAT IRAN (FRANKFURT),سوئیس,3,تسويه يوروئي عهده حساب ما نزد شعبه هامبورگ,"FRIEDENSSTR.4 , P.O. BOX 160151 , 60311 FRANKFURT/MAIN , GERMANY"
europe,20111018145926,UBAI IT RR,BANCA UBAE SPA,سوئیس,4,تسويه يورويي از طريق شعبه هامبورگ,"P.O.BOX 290, VIA QUINTINO SELLA 2 , 00187 ROME , ITALY"
europe,20111018145926,BSIR FR PP,BANK SADERAT IRAN (PARIS),فرانسه,1,تسويه يوروئي عهده حساب ما نزد شعبه هامبورگ,"16 RUE DE LA PAIX ,  75002 PARIS , FRANCE"
europe,20111018145926,PSPB FI HH,SAMPO BANK PLC,فنلاند,1,تسويه يورويي از طريق شعبه هامبورگ,"UNIONINKATU 22 , FIN-000075 HELSINKI 7 , FINLAND"
europe,20111018145926,NDEAFIHH,NORDEA BANK FINLAND PLC,فنلاند,2,تسويه يوروئي عهده حساب ما نزد شعبه هامبورگ,"ALEKSANTERINKATU 30, 00100 HELSINKI, FINLAND"
europe,20111018145926,OKOY FI HH,POHJOLA BANK PLC   ( OKO BANK نام سابق ),فنلاند,3,تسويه يورويي از طريق شعبه هامبورگ,"TEOLLISUUSKATO 1 B , 00510 HELSINKI , FINLAND"
europe,20111018145926,BSIR GR AA,"BANK SADERAT IRAN , ATHENS BRANCH",قبرس,1,تسويه يوروئي عهده حساب ما نزد شعبه هامبورگ,"25-29 PANEPISTIMIOU STR., GR-105 64 ATHENS-GREECE, P.O. BOX 4308 GR-102 10, ATHENS, 10672 GREECE"
europe,20111018145926,BCYP CY2N,BANK OF CYPRUS LTD,قبرس,2,تسويه يورويي از طريق شعبه هامبورگ,"P.O. BOX 1472, 51 STASSINOS STR., AYIA PARASKEVI, STROVOLOS, NICOSIA, CYPRUS"
europe,20111018145926,BYBA CY 2I,BYBLOS BANK,قبرس,3,تسويه يوروئي عهده حساب ما نزد شعبه هامبورگ,"P.O.BOX 50218 , LOUCAIDES BLDG. , 1 , ARCHBISHOP KYPRIANOS STR. ST. ANDREW STR. , 3602 LIMASSOL , CYPROS"
europe,20111018145926,BSIR GR AA,"BANK SADERAT IRAN , ATHENS BRANCH",كروواسي,1,تسويه يورويي از طريق شعبه هامبورگ,"25-29 PANEPISTIMIOU STR., GR-105 64 ATHENS-GREECE, P.O. BOX 4308 GR-102 10, ATHENS, 10672 GREECE"
europe,20111018145926,RZBH HR2X,RAIFFEISENBANK AUSTRIA D.D.,كروواسي,2,تسويه يوروئي عهده حساب ما نزد شعبه هامبورگ,"PETRINJSKA 59, HR-10.000 ZAGREB, CROATIA"
europe,20111018145926,0,BANK SADERAT IRAN (PARIS),لوكزامبورگ,1,تسويه يورويي از طريق شعبه هامبورگ,"16 RUE DE LA PAIX , PARIS 2 EME, 750022 PARIS"
europe,20111018145926,UBAI IT RR,BANCA UBAE SPA,لوکزامبورگ,2,تسويه يوروئي عهده حساب ما نزد شعبه هامبورگ,"P.O.BOX 290, VIA QUINTINO SELLA 2 , 00187 ROME , ITALY"
europe,20111018145926,BSIR DE FF,"BANK SADERAT IRAN , FRANKFURT BRANCH",لهستان,1,تسويه يورويي از طريق شعبه هامبورگ,"FRIEDENSSTR. 4, P.O. BOX 160151 , 60311 FRANKFURT / MAIN, GERMANY"
europe,20111018145926,KRDB PL PW,KREDYT BANK POLAND,لهستان,2,تسويه يوروئي عهده حساب ما نزد شعبه هامبورگ,"UL KASPRZAKA 2/8 , OL - 211 WARSAW , MAZOWIECKIE , POLAND"
europe,20111018145926,2,"UL KASPRZAKA 2/8 , OL - 211 WARSAW , MAZOWIECKIE , POLAND",مالت,نحوه تسویه حساب:,01 32 51 154,218385 SABK GR
europe,20111018145926,BSIR GR AA,"BANK SADERAT IRAN , ATHENS BRANCH",مقدونيه,1,تسويه يوروئي عهده حساب ما نزد شعبه هامبورگ,"25-29 PANEPISTIMIOU STR., GR-105 64 ATHENS-GREECE , P.O. BOX 4308  GR-102 10, ATHENS, 10672 GREECE"
europe,20111018145926,BSIR GR AA,"BANK SADERAT IRAN , ATHENS BRANCH",مجارستان,1,تسويه يورويي از طريق صادرات هامبورگ,"25-29 PANEPISTIMIOU STR., GR-105 64 ATHENS- GREECE, P.O. BOX 4308 GR-102 10 , ATHENS , 10672 GREECE"
europe,20111018145926,UBRT HUHB,RAIFFEISEN BANK RT.,مجارستان,2,تسويه يوروئي عهده حساب ما نزد شعبه هامبورگ,"AKADEMIA UTCA 6, H-1054 BUDAPEST, HUNGARY"
europe,20111018145926,INEB HU HB,INTER - EUROPA BANK RT.,مجارستان,3,تسويه يورويي از طريق صادرات هامبورگ,"S ZABDDSAG TER 15 , H - 1054 BUDAPEST , HUNGARY"
europe,20111018145926,OBKLHUHB,OBER BANK,مجارستان,4,تسويه يوروئي عهده حساب ما نزد شعبه هامبورگ,"KAPAS U , B-12 , GEBAUDE B , H-1027 , BUDAPEST , HUNGARI"
europe,20111018145926,DNBANOKX,DNB NOR BANK ASA,نروژ,1,تسويه يورويي از طريق صادرات هامبورگ,"P.O. BOX 1171 SENTRUM, STRANDEN 21 , N-0250 OSLO 2, NORWAY"
europe,20111018145926,NDEANOKK,NORDEA BANK NORGE ASA,نروژ,2,تسويه يورويي از طريق صادرات هامبورگ  - معاملات به کرون نروژ عهده حساب ما نزد آن بانک,"MIDDELTHUNSGT 17, P.O. BOX 1166, SENTRUM, 0368 OSLO 3, NORWAY"
europe,20111018145926,UBAI IT RR,BANCA UBAE SPA,نروژ,3,تسويه يورويي از طريق صادرات هامبورگ,"P.O.BOX 290, VIA QUINTINO SELLA 2 , 00187 ROME , ITALY"
europe,20111018145926,BSIR DE HH,"BANK SADERAT IRAN , HAMBOURG BRANCH",هلند,1,تسويه يورويي عهده حساب ما نزد آن شعبه,"ZWEIGNIEDERLASSUNG HAMBOURG, DEICHSTRASSE 11,  P.O. BOX 112227, 20459 HAMBOURG, GERMANY"
europe,20111018145926,BSIR DE FF,"BANK SADERAT IRAN , FRANKFURT BRANCH",هلند,1,تسويه يورويي از طريق صادرات هامبورگ,"FRIEDENSSTR. 4, P.O. BOX 160151 , 60311 FRANKFURT / MAIN, GERMANY"
europe,20111018145926,UBAI IT RR,BANCA UBAE SPA,هلند,2,تسويه يورويي عهده حساب ما نزد آن شعبه,"P.O.BOX 290, VIA QUINTINO SELLA 2 , 00187 ROME , ITALY"
europe,20111018145926,BSIR DE FF,"BANK SADERAT IRAN , FRANKFURT BRANCH",يوگسلاوي,1,تسويه يورويي از طريق صادرات هامبورگ,"FRIEDENSSTR. 4 , P.O. BOX 160151 , 60311 FRANKFURT / MAIN, GERMANY"
europe,20111018145926,UBAI IT RR,BANCA UBAE SPA,یوگسلاوی,2,تسويه يورويي از طريق شعبه هامبورگ,"P.O.BOX 290, VIA QUINTINO SELLA 2 , 00187 ROME , ITALY"
europe,20111018145926,0,BANK SADERAT IRAN (ATHENS),يونان,1,تسويه يورويي از طريق صادرات هامبورگ,"25-29 PANEPISTIMIOU STR., GR-105 64 ATHENS-GREECE, P.O. BOX 4308 GR-102 10, ATHENS , 10672 GREECE"
asia,20111018151910,0,"BANK SADERAT IRAN , TASHKENT",ازبكستان,1,تسويه يورويي از طريق شعبه دوبي بانک صادرات,"NO.10 , ANTOOAN CHEKHOF STR. , TASHKENT , UZBEKISTAN"
asia,20111018151910,"MIL IAZ 21 , MELI AZ 22",BANK MELLI IRAN,آذربایجان,1,تسويه يورويي از طريق شعبه دوبي بانک صادرات,"85 SALATIN ASKEROVA , BAKU 370009 , AZERBAIJAN"
asia,20111018151910,ROBKAZ 22,ROYAL BANK OF BAKU,آذربایجان,2,تسويه يورويي از طريق شعبه دوبي بانک صادرات,"72 , 28  MAY STR. BAKU AZ 1010 , AZERBAIJAN REPUBLIC"
asia,20111018151910,0,ARAB BANKING CORPORATION,اردن هاشمي,1,تسويه يورويي از طريق شعبه دوبي بانک صادرات,"P.O.BOX 926691 , AMMAN , JORDAN"
asia,20111018151910,HBHO JO AX,THE HOUSING BANK (JORDAN),اردن هاشمی,2,تسويه يورويي از طريق شعبه دوبي بانک صادرات,"PARLIAMENT STR, P.O. BOX 7693 , ABDALI , AMMAN , JORDAN"
asia,20111018151910,BKMTAM 22,BANK MELLAT - YEREVAN BR.,ارمنستان,1,تسويه يورويي از طريق شعبه دوبي بانک صادرات,"PAVSTOS BUZANDI STR, , HANVAPETOUCHIAN SQU, P.O. BOX 375010 P/H 406 , 375010 YEREVAN , REPUBLIC OF ARMENIA"
asia,20111018151910,AFABAFKA,"ARIAN BANK , KABUL BRANCH",افغانستان,1,تسويه يورويي از طريق شعبه دوبي بانک صادرات,"OPPOSITE OF NATIONAL SECURITY PRESIDENT SHIP, AFTER TROBAZKHAN CROSS ROAD , SHIR ALIKHAN STR. , NEW CITY AVE. , KABUL, AFGHANISTAN"
asia,20111018151910,AFABAFKA,"ARIAN BANK , HARAT  BRANCH",افغانستان,1,تسويه يورويي از طريق شعبه دوبي بانک صادرات,"GROUND FLOOR , BUSINESS ROOM BUILDING , BANKE KHOON ROAD , HARAT , AFGHANISTAN"
asia,20111018151910,BSIRAEAD,BANK SADERAT IRAN (DUBAI),امارات متحده عربي,1,معاملات به درهم امارات عهده حساب ما نزد آن شعبه- تسويه  يوروئي از طريق آن شعبه,"AL-MAKTOUM ROAD, P.O. BOX 4182 , DEIRA, DUBAI"
asia,20111018151910,BEII ID JA,PT BANK MANDIRI (PERSERO),اندونزي,1,تسويه يورويي از طريق شعبه دوبي بانک صادرات,"PLAZA MANDIRI, JALAN GATOT SUBROTO KAV. 36-38 , JAKARTA 12190 , INDONESIA"
asia,20111018151910,MFTB MM MY,BANK SADERAT IRAN (DUBAI),برمه,1,"P.O. BOX 203, 80-86 MAHA BANDOOLA GARDEN STR, YANGON, MYANMAR",BSIR BH BM
asia,20111018151910,BSIR BH BM,"FUTURE BANK B.S.C , MAIN BRANCH",بحرين,1,حساب دينار بحرين ما نزد آنها جهت معاملات به دينار,"P.O. BOX 785 , MANAMA, KINGDOM OF BAHRAIN"
asia,20111018151910,0,FAISAL ISLAMIC BANK OF BAHRAIN,بحرين,2,تسويه يورويي از طريق شعبه دوبي بانک صادرات,"CHAMBER OF COMMERCE BUILDING, KING FAISAL ROAD, P.O. BOX 3005,  MANAMA, BAHRAIN-->"
asia,20111018151910,BSON BD DH,SONALI BANK (DHAKA) /H.O,بنگلادش,1,معاملات اعتبارات اسنادي در چارچوب مقررات ACU عهده حساب دلار ACU ما نزد شعبه DHAKA آن بانک,"35-44 MOTIJHEEL COMMERCIAL AREA , DHAKA 1000 , BANGLADESH"
asia,20111018151910,IBBL BD DH,ISLAMI BANK BANGLADESH LTD.,بنگلادش,2,معاملات اعتبارات اسنادي در چارچوب مقررات ACU عهده حساب دلار ACU ما نزد شعبه DHAKA سونالی بانک,"P.O.BOX: 233, ISLAMI BANK TOWER , 40 DILKUSHA COMMERCIAL AREA , DHAKA 1000 , DHAKA , BANGLADESH"
asia,20111018151910,BSON BD DH,SONALI BANK (DHAKA) /H.O,بنگلادش,1,معاملات اعتبارات اسنادي در چارچوب مقررات ACU عهده حساب دلار ACU ما نزد شعبه DHAKA آن بانک,"P.O.BOX: 233, ISLAMI BANK TOWER , 40 DILKUSHA COMMERCIAL AREA , DHAKA 1000 , DHAKA , BANGLADESH"
asia,20111018151910,UCBL BD DH,UNITED COMMERCIAL BANK,بنگلادش,3,"معاملات اعتبارات اسنادي در چارچوب مقررات ACU عهده حساب دلار ACU ما نزد SONALI BANK ,DHAKA","4TH -6TH FLOOR, FEDERATION BHABAN , 60 MOTIJHEEL COMMERCIAL AREA , DHAKA1000 , BANGLADESH"
asia,20111018151910,MUCBPKKA,"MCB BANK LIMITED ,  KARACHI",پاكستان,1,"INTERNATIONAL DIVISION, PRINCIPAL OFFICE, 9TH FLOOR, SHAIKH SULTAN TRUST, BUILDING, BEAUMONT ROAD, KARACHI-75530 PAKISTAN",0
asia,20111018151910,0,HABIB BANK LTD/H.O(KARACHI),پاكستان,1,"HABIB BANK PLAZA, I.I.CHUNDRIGAR ROAD, KARACHI 21, PAKISTAN",MUCBPKKA
asia,20111018151910,MUCBPKKA,"MCB BANK LIMITED ,  KARACHI",پاكستان,1,"INTERNATIONAL DIVISION, PRINCIPAL OFFICE, 9TH FLOOR, SHAIKH SULTAN TRUST, BUILDING, BEAUMONT ROAD, KARACHI-75530 PAKISTAN",EXTH TH BK
asia,20111018151910,EXTH TH BK,EXPORT IMPORT BANK OF THAILAND,تایلند,1,تسويه  يورويي از طريق شعبه دوبي بانک صادرات,"EXIM BLDG. , 1193 PHAHOLYOTHIN ROAD , PHAYATHAI , BANGKOK 10400 , THAILAND"
asia,20111018151910,HNBKTWTP,HUA NAN COMMERCIAL BANK LTD.,تایوان,1,تسويه  يورويي از طريق شعبه دوبي بانک صادرات,"MAKHTOOMGHOLI AVE. , NO. 181 , ASHKHABAD, TURKMENISTAN"
asia,20111018151910,YZBK CN 2N,YINZHOU BANK (NINGBO YINZHOU RURAL COOPERATIVE BANK),چین,1,تسويه  يورويي از طريق شعبه دوبي بانک صادرات,"88 MIN HUI XI ROAD, YINZHOU DISTRICT , NINGBO 315100 , ZHEJIANG, CHINA"
asia,20111018151910,RZCB CN BD,RIZHAO CITY COMMERCIAL BANK (SHANDONG ),چین,2,تسويه  يورويي از طريق شعبه دوبي بانک صادرات,"59 YANTAI ROAD , RIZHAO 276826 , SHANDONG , CHINA"
asia,20111018151910,ABOC CN BJ,AGRICULTURAL BANK OF CHINA,چین,3,تسويه  يورويي از طريق شعبه دوبي بانک صادرات,"JIA 23 FU XING ROAD , BEIJING 100036 , CHINA"
asia,20111018151910,EVER CN BJ,CHINA EVERBRIGHT BANK,چین,4,تسويه  يورويي از طريق شعبه دوبي بانک صادرات,"EVERBRIGHT BUILDING , 6 FUXINGMEN WAI AVE. , BEIJING 100045 , CHINA"
asia,20111018151910,BKMT KRSE,"BANK MELLAT , SEOUL",ژاپن,1,تسويه  يورويي از طريق شعبه دوبي بانک صادرات,"THE KEUMKANG TOWER , 13/14 TH FLOORS , 889-13 DAECHI - DONG , GANGNAM , KU SEOUL 135-280 , KOREA"
asia,20111018151910,CMSY SY DAD17,COMMERCIAL BANK OF SYRIA,سوريه,1,تسويه يوروئي از طريق  صادرات دوبي - تسویه یورویی همچنین از طریق حساب یورویی ما نزد آن بانک,"P.O. BOX 933, YOUSSEF AZMEH SQUARE, DAMASCUS, SYRIA"
asia,20111018151910,BCEY LK LX,BANK OF CEYLON,سريلانكا,1,معاملات به دلار ACU عهده حساب دلار ACU ما نزد آن بانك,"P.O.BOX 241, NO.4 , BANK OF CEYLON MAWATHA, COLOMBO, SRILANKA"
asia,20111018151910,BFCE SG SG,NATEXIS,سنگاپور,1,تسويه يورويي از طريق شعبه دوبي بانک صادرات,"41ST STOREY, SINGAPORE LAND TOWER, 50 RAFFLES PI, SINGAPORE 048623"
asia,20111018151910,NCBK SA JE,NATIONAL COMMERCIAL BANK,عربستان سعودي,1,تسويه يورويي از طريق شعبه دوبي بانک صادرات,"P.O. BOX 3555, KING ABDUL AZIZ STREET, JEDDAH 21481, SAUDI ARABIA"
asia,20111018151910,RIBL SA RI,RIYADH BANK,عربستان سعودي,2,تسويه يورويي از طريق شعبه دوبي بانک صادرات,"P.O. BOX 22622, RIYADH 11416, SAUDI ARABIA"
asia,20111018151910,RJHI SA RI,AL RAJHI BANKING & INVESTMENT CORP.,عربستان سعودي,3,تسويه يورويي از طريق شعبه دوبي بانک صادرات,"P.O.BOX: 28 , AL AKARIYA BUILDING , OLEYA STREET , RIYADH 11411 , SAUDI ARABIA"
asia,20111018151910,BSFR SA RI,BANQUE SAUDI FRANSI,عربستان سعودي,4,تسويه يورويي از طريق شعبه دوبي بانک صادرات,"P.O.BOX 56006 , MA`ATHER ROAD , RIYADH 11554 , SAUDI ARABIA"
asia,20111018151910,BSIROMRX,BANK SADERAT IRAN (MUSCAT),عمان,1,تسويه يورويي از طريق شعبه دوبي بانک صادرات,"P.O. BOX 1269, RUWI, SULTANATE OF OMAN"
asia,20111018151910,PNBM PH MM,PHILIPPINE NATIONAL BANK,فيليپين,1,تسويه يورويي از طريق شعبه دوبي بانک صادرات,"PNB FINANCIAL CENTER, PRESIDENT DIOSDADO MACAPAGAL BLVD. , PASSAY CITY, METRO MANILA, LUZON, PHILIPPINES"
asia,20111018151910,0,BANK SADERAT IRAN ( QATAR BRANCH),قطر,1,"CODE NO. 2623 , GRAND HAMAD AVE., P.O. BOX 2256 , DOHA, QATAR",0
asia,20111018151910,0,BANK SADERAT IRAN ( QATAR BRANCH),قطر,1,"CODE NO. 4557 , SALWA AVE., P.O. BOX 4425 , DOHA, QATAR",BKMT KRSE
asia,20111018151910,BKMT KRSE,"BANK MELLAT , SEOUL",كره جنوبي,1,تسويه يورويي از طريق شعبه دوبي بانک صادرات,"THE KEUMKANG TOWER , 13/14 TH FLOORS , 889-13 DAECHI - DONG , GANGNAM , KU SEOUL 135-280 , KOREA"
asia,20111018151910,FTBD KP PY,FOREIGN TRADE BANK OF THE D.P.R. OF KOREA,كره شمالي,1,"FTB BUILDING, JUNGSONG DONG , CENTRAL DISTRICT, PYONGYANG, KOREA",COMB KW KW
asia,20111018151910,"FTB BUILDING, JUNGSONG DONG , CENTRAL DISTRICT, PYONGYANG, KOREA",COMMERCIAL BANK OF KUWAIT SAK,كويت,1,تسويه يورويي از طريق شعبه دوبي بانک صادرات,"MUBARAK AL-KABIR STR., P.O. BOX 2861 SAFAT-13029 SAFAT, KUWAIT"
asia,20111018151910,ABKK KW KW,ALAHLI BANK OF KUWAIT KSC,كويت,2,تسويه يوروئي از طريق صادرات دوبي,"AHMED AL-JABER STREET,SAFAT SQUARE, P.O. BOX 1387 SAFAT , KUWAIT"
asia,20111018151910,BSIR LB BE,BANK SADERAT IRAN (BEIRUT),لبنان,1,تسويه يورويي از طريق شعبه دوبي بانک صادرات,"VERDUN STREET, ROSE BLDG - 1ST FLOOR, BEIRUT , LEBANON"
asia,20111018151910,HLBB MY KL,HONG LEONG BANK BHD,مالزی,1,تسویه یورویی از طریق شعبه دوبی بانک صادرات ایران,"LEVEL 3 , WISMA HONG LEONG, 18 JALAN PERAK , 50450 , KUALA LUMPUR , MALAYSIA"
asia,20111018151910,BIMB MY KL,BANK ISLAM MALAYSIA BERHAD,مالزي,2,تسويه يورويي از طريق شعبه دوبي بانک صادرات,"9TH FLOOR, MENARA TUN RAZAK, JALAN  RAJA LAUT, P.O. BOX 11080  KUALA LUMPUR, MALAYSIA"
asia,20111018151910,DCBBMYKL,RHB BANK BERHAD,مالزی,3,تسویه یورویی از طریق شعبه دوبی بانک صادرات,"TOWER TWO AND THREE , RHB CENTRE, 426 JALAN TUN RAZAK, 50400 KUALA LUMPUR, MALAYSIA"
asia,20111018151910,NEBL NP K1,NEPAL BANK LTD,نپال,1,"P.O. BOX 36, DHARMAPATH, KATHMANDU, NEPAL",BFCE VN VX
asia,20111018151910,BFCE VN VX,NATEXIS BANQUES POPULAIRES,ويتنام شمالي,1,تسویه یورویی از طریق شعبه دوبی بانک صادرات,"11 ME LINH SQUARE, PHUONG BEN NGHE Q1, HO CHI MINH, VIETNAM"
asia,20111018151910,1,"11 ME LINH SQUARE, PHUONG BEN NGHE Q1, HO CHI MINH, VIETNAM",هندوستان,نحوه تسویه حساب:,رده کارگزاری :,نحوه تسویه حساب :
asia,20111018151910,"11 ME LINH SQUARE, PHUONG BEN NGHE Q1, HO CHI MINH, VIETNAM",نحوه تسویه حساب:,هنگ کنگ,نحوه تسویه حساب :,"00967 1 284656 , 1277238",3327 YCBHOS YE
asia,20111018151910,YECO YE SA,YEMEN COMMERCIAL BANK,يمن شمالي,1,تسويه  يورويي از طريق شعبه دوبي بانک صادرات,"P.O.BOX 19845, AL-ROWAISHAN BUILDING , ZUBEIRY STR. , SANA'A ,YEMEN"
asia,20111018151910,1,"P.O.BOX 19845, AL-ROWAISHAN BUILDING , ZUBEIRY STR. , SANA'A ,YEMEN",هنگ کنگ,نحوه تسویه حساب :,اخبار,تماس با ما
africa,20111018152904,0,COMMERCIAL BANK OF ETHIOPIA,اتيوپي,1,تسويه يورويي از طريق صادرات هامبورگ,"P.O. BOX 255, UNITY SQUARE, ADDIS ABABA, ETHIOPIA"
africa,20111018152904,BSPLGB2L,BANK SADERAT PLC,آفریقای جنوبی,1,تسویه یورویی عهده حساب ما نزد آن بانک,"120 MOORGATE, LONDON EC2M 6TS, LONDON , ENGLAND"
africa,20111018152904,ABC O DZ AL,ARAB BANKING CORPORATION,الجزاير,1,تسويه يورويي از طريق صادرات هامبورگ,"P.O.BOX 367 , 54 AVENUE DES TROIS FRERES BOUADDOU , BIR MOURAD RAIS , ALGIERS , ALGERIA"
africa,20111018152904,BEXA DZAL,BANQUE EXTERIEURE D'ALGERIE,الجزاير,2,تسويه يورويي از طريق صادرات هامبورگ,"11 BOULEVARD COLONEL AMIROUCHE, ALGIERS/ ALGERIA"
africa,20111018152904,2,"11 BOULEVARD COLONEL AMIROUCHE, ALGIERS/ ALGERIA",اوگاندا,نحوه تسویه حساب:,255 51 23807 - 29449,41581 NATCMD
africa,20111018152904,NLCB TZ TX,NATIONAL BANK OF COMMERCE LTD. ( NBC LIMITED ),تانزانيا,1,تسويه يورويي از طريق صادرات هامبورگ,"P.O. BOX 1863 , N.B.C. HOUSE,SOKOINE DRIVE, DAR-ES-SALAAM, TANZANIA"
africa,20111018152904,ABCOTNTT,ABC BANK (OBU ),تونس,1,تسويه يورويي از طريق صادرات هامبورگ,"ABC BUILDING , RUE DU LAC D,ANNECY , LES BERGES DU LAC , 1053 TUNIS , TUNISIA"
africa,20111018152904,1,"ABC BUILDING , RUE DU LAC D,ANNECY , LES BERGES DU LAC , 1053 TUNIS , TUNISIA",زئير,نحوه تسویه حساب :,00263 4 757497,24163 ZW
africa,20111018152904,ZBCO ZW HX,ZIMBABWE BANKING COR. LTD.,زيمبابوه,1,تسويه يورويي از طريق صادرات هامبورگ,"P.O. BOX 3198 , ZIMBANK HOUSE, SPEKE AVE., FIRST STR., HARARE, ZIMBABWE"
africa,20111018152904,0,BANK OF KHARTOUM,سودان,1,تسويه يورويي از طريق صادرات هامبورگ,"P.O. BOX 1008, KHARTOUM, SUDAN"
africa,20111018152904,OMDBSD KH,OMDURMAN NATIONAL BANK,سودان,2,تسويه يورويي از طريق صادرات هامبورگ,"EL KASR STREET, P.O.BOX 11522 , KHARTOUM , SUDAN"
africa,20111018152904,BYBA SD KH,BYBLOS BANK AFRICA LTD,سودان,3,تسويه يورويي از طريق صادرات هامبورگ,"P.O.BOX 8121 , ZXP 12217 , EL AMARAT STREET 21, KHARTOUM, SUDAN"
africa,20111018152904,0,COMMERCIAL AND SAVINGS BANK OF SOMALIA,سومالي,1,تسويه يورويي از طريق صادرات هامبورگ,"P.O. BOX 203 , 1ST JULEY STR., MOGADISHU, SOMALI REPUBLIC"
africa,20111018152904,1,"P.O. BOX 203 , 1ST JULEY STR., MOGADISHU, SOMALI REPUBLIC",سيرالئون,نحوه تسویه حساب :,254 2 21 5565,23085
africa,20111018152904,KCBL KE NX,KENYA COMMERCIAL BANK LTD.,كنيا,1,تسويه يورويي از طريق صادرات هامبورگ,"P.O. BOX 48400 , MOI AVENUE, NAIROBI, KENYA"
africa,20111018152904,UMMA LY LX,GUMHOURIA BANK,ليبي,1,تسويه يورويي از طريق صادرات هامبورگ,"P.O. BOX 685, 1GIADDAT OMAR EL-MOKHTAR STR., TRIPOLI, LIBYA"
africa,20111018152904,0,ARAB BANKING CORPORATION ( ABC BANK EGYPT ),مصر,1,تسويه يورويي از طريق صادرات هامبورگ,"1 , EL SALEH AYOUB STR. , ZAMALEK CAIRO , EGYPT"
africa,20111018152904,UBNI NG LA,UNION BANK OF NIGERIA PLC,نيجريه,1,تسويه يورويي از طريق صادرات هامبورگ,"P.M.B.2027 , 40 MARINA, LAGOS-NIGERIA"
australia,20111018150709,BSPLGB2L,BANK SADERAT PLC,استرالیا,1,تسويه يورويي عهده حساب ما نزد آن بانک,"120 MOORGATE, LONDON EC2M 6TS, LONDON , ENGLAND"
australia,20111018150709,BKNZ NZ22985,BANK OF NEW ZEALAND (WELLINGTON)/H.O.,نيوزيلند,1,تسويه يورويي از طريق صادرات هامبورگ,"BNZ CENTRE, 1 WILLISS STR, P.O. BOX 2392, WELLINGTON, NEW ZEALAND"
america,20111018152420,BROU UY MM,BANCO DE LA REPUBLICA ORIENTAL DEL URUGUAY,اورگوئه,1,تسويه يورويي از طريق صادرات هامبورگ,"CALLES CERRITO Y ZABALA, MONTEVIDEO, URUGUAY"
america,20111018152420,0,BANCO ABC BRASIL SA,برزيل,1,تسويه يورويي از طريق صادرات هامبورگ,"AVENIDA PAULISTA 37 , 14 TH / 15 TH FLOORS , CEP 01311-902 SAO PAULO , SP. , BRAZIL"
america,20111018152420,BRAS BRRJIBR,BANCO DO BRAZIL SA H.O BRASILA,برزيل,2,تسويه يورويي از طريق صادرات هامبورگ,"EIXO RODOVIARIO SUL, SETOR BANCARIO SUL (SBS), BLOCO A, P.O. BOX 562, BRASILIA , BRAZIL"
america,20111018152420,BECH CL RM,BANCO DEL ESTADO DE CHILE/H.O SANTIAGO,شيلي,1,تسويه يورويي از طريق صادرات هامبورگ,"AVENIDA LIBERTADOR BERNARDO, D'HIGGINS 1111, SANTIAGO, CHILE"
america,20111018152420,BSPLGB2L,BANK SADERAT PLC,کانادا,1,تسویه یورویی عهده حساب ما نزد آن بانک,"120 MOORGATE, LONDON EC2M 6TS, LONDON , ENGLAND"
america,20111018152420,BNAC CU HH,BANCO NACIONAL DE CUBA H.O HAVANA,كوبا,1,تسويه يورويي از طريق صادرات هامبورگ,"CUBA NO. 402, ESQ, A LAMPARILLA, LA HAVANA 1, CUBA"
america,20111018152420,BSIR DE FF,BANK SADERAT IRAN FRANKFURT BRANCH,مكزيك,1,تسويه يورويي از طريق صادرات هامبورگ,"FRIEDENSSTR 4 , P.O. BOX 160151 , 60311 FRANKFURT / MAIN, GERMANY"
