foreign_bank,name_as_published,country,iranian_bank_naming_it,source_page,snapshot_date,evidence_level,listed,exchange,ticker,approx_market_cap_usd,market_cap_source_or_note,current_entity_note,receipt
"Raiffeisen Zentralbank Oesterreich (RZB), Vienna",RAIFFEISEN ZENTRALBANK OESTERREICH AG/VIENNA ( RZB ),Austria,Bank Saderat Iran (bsi.ir),https://web.archive.org/web/20111018145926/http://www.bsi.ir/Branches-correspondents-europe/default.bsi,2011-10-18,"documented (Iranian bank's own published list, 2011; historical)",yes,Vienna Stock Exchange,RBI (quoted as RAW.F),$22.19 B,"companiesmarketcap.com list, retrieved 2026-10-06 (receipt cmc_p2)",RZB merged into Raiffeisen Bank International in 2017; listing is RBI,2011-10-18_bsi_correspondents_europe.png
UniCredit CAIB AG (formerly Bank Austria),UNICREDIT CAIB AG  ( BANK AUSTRIA AG.  نام سابق ),Austria,Bank Saderat Iran (bsi.ir),https://web.archive.org/web/20111018145926/http://www.bsi.ir/Branches-correspondents-europe/default.bsi,2011-10-18,"documented (Iranian bank's own published list, 2011; historical)",no,,,,"UniCredit group unit; parent UniCredit listed Borsa Italiana UCG, $137.79 B (cmc_p1)",UniCredit group,2011-10-18_bsi_correspondents_europe.png
Oberbank AG,OBER BANK,Austria / Czech Rep. / Hungary,Bank Saderat Iran (bsi.ir),https://web.archive.org/web/20111018145926/http://www.bsi.ir/Branches-correspondents-europe/default.bsi,2011-10-18,"documented (Iranian bank's own published list, 2011; historical)",yes,Vienna Stock Exchange,OBS,$6.64 B,"companiesmarketcap.com list, retrieved 2026-10-06 (receipt cmc_p3)",,2011-10-18_bsi_correspondents_europe.png
Banco Arabe Espanol (Aresbank),BANCO ARABE ESPANOL SA (ARES BANK),Spain,Bank Saderat Iran (bsi.ir),https://web.archive.org/web/20111018145926/http://www.bsi.ir/Branches-correspondents-europe/default.bsi,2011-10-18,"documented (Iranian bank's own published list, 2011; historical)",no,,,,"not listed (Libyan Foreign Bank-owned, not verified this run)",,2011-10-18_bsi_correspondents_europe.png
Banca UBAE SpA,BANCA UBAE SPA,Italy,Bank Saderat Iran (bsi.ir),https://web.archive.org/web/20111018145926/http://www.bsi.ir/Branches-correspondents-europe/default.bsi,2011-10-18,"documented (Iranian bank's own published list, 2011; historical)",no,,,,"not listed (Libyan Foreign Bank majority, not verified this run)",,2011-10-18_bsi_correspondents_europe.png
Banco Pastor SA,BANCO PASTOR SA,Spain,Bank Saderat Iran (bsi.ir),https://web.archive.org/web/20111018145926/http://www.bsi.ir/Branches-correspondents-europe/default.bsi,2011-10-18,"documented (Iranian bank's own published list, 2011; historical)",no,,,,"no longer exists; absorbed by Banco Popular, later Santander (not verified this run)",historical entity,2011-10-18_bsi_correspondents_europe.png
Ceskoslovenska Obchodni Banka (CSOB),CESKOSLOVENSKA OBCHODNI BANKA AS,Czech Rep. / Slovakia,Bank Saderat Iran (bsi.ir),https://web.archive.org/web/20111018145926/http://www.bsi.ir/Branches-correspondents-europe/default.bsi,2011-10-18,"documented (Iranian bank's own published list, 2011; historical)",no,,,,"KBC Group subsidiary; parent KBC listed Euronext Brussels KBC, about $56.61 B (cmc_kbc)",KBC subsidiary,2011-10-18_bsi_correspondents_europe.png
NLB d.d. (Nova Ljubljanska Banka),NLB dd  ( NOVA LJUBLJANSKA BANKA DD ) نام قدیم,Slovenia,Bank Saderat Iran (bsi.ir),https://web.archive.org/web/20111018145926/http://www.bsi.ir/Branches-correspondents-europe/default.bsi,2011-10-18,"documented (Iranian bank's own published list, 2011; historical)",yes,Ljubljana Stock Exchange (+ LSE GDR),NLBR,not verified,market cap not checked this run,,2011-10-18_bsi_correspondents_europe.png
Ukreximbank,STATE EXPORT-IMPORT BANK OF THE UKRAINE KIEV,Ukraine,Bank Saderat Iran (bsi.ir),https://web.archive.org/web/20111018145926/http://www.bsi.ir/Branches-correspondents-europe/default.bsi,2011-10-18,"documented (Iranian bank's own published list, 2011; historical)",no,,,,"state-owned, not listed",,2011-10-18_bsi_correspondents_europe.png
Intesa Sanpaolo SpA,INTESA SANPAOLO SPA,Italy,Bank Saderat Iran (bsi.ir),https://web.archive.org/web/20111018145926/http://www.bsi.ir/Branches-correspondents-europe/default.bsi,2011-10-18,"documented (Iranian bank's own published list, 2011; historical)",yes,Borsa Italiana,ISP,$127.29 B,"companiesmarketcap.com list, retrieved 2026-10-06 (receipt cmc_p1)",,2011-10-18_bsi_correspondents_europe.png
Belarusbank,BELARUSBANK,Belarus,Bank Saderat Iran (bsi.ir),https://web.archive.org/web/20111018145926/http://www.bsi.ir/Branches-correspondents-europe/default.bsi,2011-10-18,"documented (Iranian bank's own published list, 2011; historical)",no,,,,"state-owned, not listed",,2011-10-18_bsi_correspondents_europe.png
Priorbank JSC (Belarus),PRIORBANK JSC,Belarus,Bank Saderat Iran (bsi.ir),https://web.archive.org/web/20111018145926/http://www.bsi.ir/Branches-correspondents-europe/default.bsi,2011-10-18,"documented (Iranian bank's own published list, 2011; historical)",no,,,,"majority-owned by RBI (not verified this run); parent listed (RBI $22.19 B, cmc_p2)",RBI subsidiary,2011-10-18_bsi_correspondents_europe.png
Raiffeisenbank (Bulgaria) AD,RAIFFEISENBANK (BULGARIA) AD,Bulgaria,Bank Saderat Iran (bsi.ir),https://web.archive.org/web/20111018145926/http://www.bsi.ir/Branches-correspondents-europe/default.bsi,2011-10-18,"documented (Iranian bank's own published list, 2011; historical)",no,,,,"was an RBI subsidiary; sold to KBC and merged into UBB (from memory, not verified this run)",historical entity,2011-10-18_bsi_correspondents_europe.png
Banco Comercial Portugues (Millennium bcp),BANCO COMMERCIAL PORTUGUES SA,Portugal,Bank Saderat Iran (bsi.ir),https://web.archive.org/web/20111018145926/http://www.bsi.ir/Branches-correspondents-europe/default.bsi,2011-10-18,"documented (Iranian bank's own published list, 2011; historical)",yes,Euronext Lisbon,BCP,$19.48 B,"companiesmarketcap.com list, retrieved 2026-10-06 (receipt cmc_p2)",,2011-10-18_bsi_correspondents_europe.png
Turkiye Halk Bankasi (Halkbank),TURKIYE HALK BANKASI,Turkey,Bank Saderat Iran (bsi.ir),https://web.archive.org/web/20111018145926/http://www.bsi.ir/Branches-correspondents-europe/default.bsi,2011-10-18,"proven (US DOJ indicted Halkbank 2019-10-15 for Iran sanctions evasion; case dropped 2026-06-10, per repo ledger data/bank_actions_price_impact.csv) + documented (Bank Saderat 2011 list)",yes,Borsa Istanbul,HALKB,$6.61 B,"companiesmarketcap.com list, retrieved 2026-10-06 (receipt cmc_p3)",,2011-10-18_bsi_correspondents_europe.png
Danske Bank A/S,DANSKE BANK A/S,Denmark,Bank Saderat Iran (bsi.ir),https://web.archive.org/web/20111018145926/http://www.bsi.ir/Branches-correspondents-europe/default.bsi,2011-10-18,"documented (Iranian bank's own published list, 2011; historical)",yes,Nasdaq Copenhagen,DANSKE,$44.35 B,"companiesmarketcap.com list, retrieved 2026-10-06 (receipt cmc_p1)",,2011-10-18_bsi_correspondents_europe.png
ZAO Raiffeisenbank (Russia),ZAO RAIFFEISENBANK AUSTRIA,Russia,Bank Saderat Iran (bsi.ir),https://web.archive.org/web/20111018145926/http://www.bsi.ir/Branches-correspondents-europe/default.bsi,2011-10-18,"documented (Iranian bank's own published list, 2011; historical)",no,,,,"subsidiary of RBI; parent listed (RBI $22.19 B, cmc_p2)",RBI subsidiary,2011-10-18_bsi_correspondents_europe.png
Raiffeisen Bank SA (Romania),RAIFFEISENBANK  SA,Romania,Bank Saderat Iran (bsi.ir),https://web.archive.org/web/20111018145926/http://www.bsi.ir/Branches-correspondents-europe/default.bsi,2011-10-18,"documented (Iranian bank's own published list, 2011; historical)",no,,,,"subsidiary of RBI; parent listed (RBI $22.19 B, cmc_p2)",RBI subsidiary,2011-10-18_bsi_correspondents_europe.png
Marfin Bank (Romania) SA (formerly Egnatia Bank),MARFIN BANK ( ROMANIA ) S.A.      (  EGNATIA BANK  :  نام سابق ),Romania,Bank Saderat Iran (bsi.ir),https://web.archive.org/web/20111018145926/http://www.bsi.ir/Branches-correspondents-europe/default.bsi,2011-10-18,"documented (Iranian bank's own published list, 2011; historical)",no,,,,not listed; current status not verified,historical entity,2011-10-18_bsi_correspondents_europe.png
Nordea Bank AB / Nordea Bank Finland / Nordea Bank Norge,NORDEA BANK  AB (PUBL); NORDEA BANK FINLAND PLC; NORDEA BANK NORGE ASA,Sweden / Finland / Norway,Bank Saderat Iran (bsi.ir),https://web.archive.org/web/20111018145926/http://www.bsi.ir/Branches-correspondents-europe/default.bsi,2011-10-18,"documented (Iranian bank's own published list, 2011; historical)",yes,"Nasdaq Helsinki (also Stockholm, Copenhagen)",NDA FI,$65.24 B,"companiesmarketcap.com list, retrieved 2026-10-06 (receipt cmc_p1)","now one entity, Nordea Bank Abp",2011-10-18_bsi_correspondents_europe.png
Skandinaviska Enskilda Banken (SEB),SKANDINAVISKA ENSKILDA BANKEN AB (PUBL),Sweden,Bank Saderat Iran (bsi.ir),https://web.archive.org/web/20111018145926/http://www.bsi.ir/Branches-correspondents-europe/default.bsi,2011-10-18,"documented (Iranian bank's own published list, 2011; historical)",yes,Nasdaq Stockholm,SEB A,$44.85 B,"companiesmarketcap.com list, retrieved 2026-10-06 (receipt cmc_p1)",,2011-10-18_bsi_correspondents_europe.png
Swedbank AB,SWEDBANK,Sweden,Bank Saderat Iran (bsi.ir),https://web.archive.org/web/20111018145926/http://www.bsi.ir/Branches-correspondents-europe/default.bsi,2011-10-18,"documented (Iranian bank's own published list, 2011; historical)",yes,Nasdaq Stockholm,SWED A,$46.09 B,"companiesmarketcap.com list, retrieved 2026-10-06 (receipt cmc_p1)",,2011-10-18_bsi_correspondents_europe.png
Svenska Handelsbanken AB,SVENSKA HANDELSBANKEN AB PUBL,Sweden,Bank Saderat Iran (bsi.ir),https://web.archive.org/web/20111018145926/http://www.bsi.ir/Branches-correspondents-europe/default.bsi,2011-10-18,"documented (Iranian bank's own published list, 2011; historical)",yes,Nasdaq Stockholm,SHB A,$30.66 B,"companiesmarketcap.com list, retrieved 2026-10-06 (receipt cmc_p2)",,2011-10-18_bsi_correspondents_europe.png
Zurcher Kantonalbank,ZURCHER KANTONAL BANK,Switzerland,Bank Saderat Iran (bsi.ir),https://web.archive.org/web/20111018145926/http://www.bsi.ir/Branches-correspondents-europe/default.bsi,2011-10-18,"documented (Iranian bank's own published list, 2011; historical)",no,,,,"cantonal bank, not listed",,2011-10-18_bsi_correspondents_europe.png
Banque de Commerce et de Placements SA,BANQUE DE COMMERCE ET DE PLACEMENTS SA,Switzerland,Bank Saderat Iran (bsi.ir),https://web.archive.org/web/20111018145926/http://www.bsi.ir/Branches-correspondents-europe/default.bsi,2011-10-18,"documented (Iranian bank's own published list, 2011; historical)",no,,,,not listed (not verified this run),,2011-10-18_bsi_correspondents_europe.png
Sampo Bank plc,SAMPO BANK PLC,Finland,Bank Saderat Iran (bsi.ir),https://web.archive.org/web/20111018145926/http://www.bsi.ir/Branches-correspondents-europe/default.bsi,2011-10-18,"documented (Iranian bank's own published list, 2011; historical)",no,,,,"bought by Danske Bank in 2007, now Danske Bank Finland; parent Danske $44.35 B (cmc_p1)",historical entity,2011-10-18_bsi_correspondents_europe.png
Pohjola Bank plc (formerly OKO Bank),POHJOLA BANK PLC   ( OKO BANK نام سابق ),Finland,Bank Saderat Iran (bsi.ir),https://web.archive.org/web/20111018145926/http://www.bsi.ir/Branches-correspondents-europe/default.bsi,2011-10-18,"documented (Iranian bank's own published list, 2011; historical)",no,,,,"delisted 2014, now part of cooperative OP Financial Group (not verified this run)",historical entity,2011-10-18_bsi_correspondents_europe.png
Bank of Cyprus,BANK OF CYPRUS LTD,Cyprus,Bank Saderat Iran (bsi.ir),https://web.archive.org/web/20111018145926/http://www.bsi.ir/Branches-correspondents-europe/default.bsi,2011-10-18,"documented (Iranian bank's own published list, 2011; historical)",yes,Athens Stock Exchange / LSE,BOCH,not verified,market cap not checked this run,,2011-10-18_bsi_correspondents_europe.png
Byblos Bank (Cyprus branch),BYBLOS BANK,Cyprus (Lebanese bank),Bank Saderat Iran (bsi.ir),https://web.archive.org/web/20111018145926/http://www.bsi.ir/Branches-correspondents-europe/default.bsi,2011-10-18,"documented (Iranian bank's own published list, 2011; historical)",yes,Beirut Stock Exchange,BYB,not verified,market cap not checked this run,,2011-10-18_bsi_correspondents_europe.png
Raiffeisenbank Austria d.d. (Croatia),RAIFFEISENBANK AUSTRIA D.D.,Croatia,Bank Saderat Iran (bsi.ir),https://web.archive.org/web/20111018145926/http://www.bsi.ir/Branches-correspondents-europe/default.bsi,2011-10-18,"documented (Iranian bank's own published list, 2011; historical)",no,,,,"RBI subsidiary; parent listed (RBI $22.19 B, cmc_p2)",RBI subsidiary,2011-10-18_bsi_correspondents_europe.png
Kredyt Bank (Poland),KREDYT BANK POLAND,Poland,Bank Saderat Iran (bsi.ir),https://web.archive.org/web/20111018145926/http://www.bsi.ir/Branches-correspondents-europe/default.bsi,2011-10-18,"documented (Iranian bank's own published list, 2011; historical)",no,,,,"merged into BZ WBK in 2013, now Santander Bank Polska (not verified this run)",historical entity,2011-10-18_bsi_correspondents_europe.png
Raiffeisen Bank Rt. (Hungary),RAIFFEISEN BANK RT.,Hungary,Bank Saderat Iran (bsi.ir),https://web.archive.org/web/20111018145926/http://www.bsi.ir/Branches-correspondents-europe/default.bsi,2011-10-18,"documented (Iranian bank's own published list, 2011; historical)",no,,,,"RBI subsidiary; parent listed (RBI $22.19 B, cmc_p2)",RBI subsidiary,2011-10-18_bsi_correspondents_europe.png
Inter-Europa Bank Rt.,INTER - EUROPA BANK RT.,Hungary,Bank Saderat Iran (bsi.ir),https://web.archive.org/web/20111018145926/http://www.bsi.ir/Branches-correspondents-europe/default.bsi,2011-10-18,"documented (Iranian bank's own published list, 2011; historical)",no,,,,not listed; current status not verified,historical entity,2011-10-18_bsi_correspondents_europe.png
DNB NOR Bank ASA,DNB NOR BANK ASA,Norway,Bank Saderat Iran (bsi.ir),https://web.archive.org/web/20111018145926/http://www.bsi.ir/Branches-correspondents-europe/default.bsi,2011-10-18,"documented (Iranian bank's own published list, 2011; historical)",yes,Oslo Bors,DNB,$46.26 B,"companiesmarketcap.com list, retrieved 2026-10-06 (receipt cmc_dnb)",now DNB Bank ASA,2011-10-18_bsi_correspondents_europe.png
Royal Bank of Baku,ROYAL BANK OF BAKU,Azerbaijan,Bank Saderat Iran (bsi.ir),https://web.archive.org/web/20111018151910/http://www.bsi.ir/Branches-correspondents-asia/default.bsi,2011-10-18,"documented (Iranian bank's own published list, 2011; historical)",no,,,,not listed; current status not verified,,2011-10-18_bsi_correspondents_asia.png
"Arab Banking Corporation (ABC) - Jordan, Algeria, Egypt units",ARAB BANKING CORPORATION; ARAB BANKING CORPORATION ( ABC BANK EGYPT ),Jordan / Algeria / Egypt,Bank Saderat Iran (bsi.ir),https://web.archive.org/web/20111018152904/http://www.bsi.ir/Branches-correspondents-africa/default.bsi ; https://web.archive.org/web/20111018151910/http://www.bsi.ir/Branches-correspondents-asia/default.bsi,2011-10-18,"documented (Iranian bank's own published list, 2011; historical)",yes,Bahrain Bourse (parent Bank ABC),ABC,$0.91 B,"companiesmarketcap.com list, retrieved 2026-10-06 (receipt cmc_p6)",listing is the Bahrain parent,2011-10-18_bsi_correspondents_africa.png ; 2011-10-18_bsi_correspondents_asia.png
The Housing Bank for Trade and Finance (Jordan),THE HOUSING BANK (JORDAN),Jordan,Bank Saderat Iran (bsi.ir),https://web.archive.org/web/20111018151910/http://www.bsi.ir/Branches-correspondents-asia/default.bsi,2011-10-18,"documented (Iranian bank's own published list, 2011; historical)",yes,Amman Stock Exchange,THBK,not verified,market cap not checked this run,,2011-10-18_bsi_correspondents_asia.png
PT Bank Mandiri (Persero),PT BANK MANDIRI (PERSERO),Indonesia,Bank Saderat Iran (bsi.ir),https://web.archive.org/web/20111018151910/http://www.bsi.ir/Branches-correspondents-asia/default.bsi,2011-10-18,"documented (Iranian bank's own published list, 2011; historical)",yes,Indonesia Stock Exchange,BMRI,$21.37 B,"companiesmarketcap.com list, retrieved 2026-10-06 (receipt cmc_p2)",,2011-10-18_bsi_correspondents_asia.png
Future Bank BSC,"FUTURE BANK B.S.C , MAIN BRANCH",Bahrain,Bank Saderat Iran (bsi.ir),https://web.archive.org/web/20111018151910/http://www.bsi.ir/Branches-correspondents-asia/default.bsi,2011-10-18,"documented (Iranian bank's own published list, 2011; historical)",no,,,,"not listed; Iranian-owned (Saderat/Melli JV); OFAC-designated and later closed (from memory, not verified this run)",,2011-10-18_bsi_correspondents_asia.png
Faisal Islamic Bank of Bahrain,FAISAL ISLAMIC BANK OF BAHRAIN,Bahrain,Bank Saderat Iran (bsi.ir),https://web.archive.org/web/20111018151910/http://www.bsi.ir/Branches-correspondents-asia/default.bsi,2011-10-18,"documented (Iranian bank's own published list, 2011; historical)",no,,,,later renamed/merged (Ithmaar); current status not verified,historical entity,2011-10-18_bsi_correspondents_asia.png
Sonali Bank,SONALI BANK (DHAKA) /H.O,Bangladesh,Bank Saderat Iran (bsi.ir),https://web.archive.org/web/20111018151910/http://www.bsi.ir/Branches-correspondents-asia/default.bsi,2011-10-18,"documented (Iranian bank's own published list, 2011; historical)",no,,,,"state-owned, not listed",,2011-10-18_bsi_correspondents_asia.png
Islami Bank Bangladesh Ltd,ISLAMI BANK BANGLADESH LTD.,Bangladesh,Bank Saderat Iran (bsi.ir),https://web.archive.org/web/20111018151910/http://www.bsi.ir/Branches-correspondents-asia/default.bsi,2011-10-18,"documented (Iranian bank's own published list, 2011; historical)",yes,Dhaka Stock Exchange,ISLAMIBANK,not verified,market cap not checked this run,,2011-10-18_bsi_correspondents_asia.png
United Commercial Bank,UNITED COMMERCIAL BANK,Bangladesh,Bank Saderat Iran (bsi.ir),https://web.archive.org/web/20111018151910/http://www.bsi.ir/Branches-correspondents-asia/default.bsi,2011-10-18,"documented (Iranian bank's own published list, 2011; historical)",yes,Dhaka Stock Exchange,UCB,not verified,market cap not checked this run,,2011-10-18_bsi_correspondents_asia.png
MCB Bank Ltd,"MCB BANK LIMITED ,  KARACHI",Pakistan,Bank Saderat Iran (bsi.ir),https://web.archive.org/web/20111018151910/http://www.bsi.ir/Branches-correspondents-asia/default.bsi,2011-10-18,"documented (Iranian bank's own published list, 2011; historical)",yes,Pakistan Stock Exchange,MCB,$1.65 B,"companiesmarketcap.com list, retrieved 2026-10-06 (receipt cmc_p5)",,2011-10-18_bsi_correspondents_asia.png
Habib Bank Ltd,HABIB BANK LTD/H.O(KARACHI),Pakistan,Bank Saderat Iran (bsi.ir),https://web.archive.org/web/20111018151910/http://www.bsi.ir/Branches-correspondents-asia/default.bsi,2011-10-18,"documented (Iranian bank's own published list, 2011; historical)",yes,Pakistan Stock Exchange,HBL,$1.60 B,"companiesmarketcap.com list, retrieved 2026-10-06 (receipt cmc_p5)",,2011-10-18_bsi_correspondents_asia.png
Export-Import Bank of Thailand,EXPORT IMPORT BANK OF THAILAND,Thailand,Bank Saderat Iran (bsi.ir),https://web.archive.org/web/20111018151910/http://www.bsi.ir/Branches-correspondents-asia/default.bsi,2011-10-18,"documented (Iranian bank's own published list, 2011; historical)",no,,,,"state-owned, not listed",,2011-10-18_bsi_correspondents_asia.png
Hua Nan Commercial Bank,HUA NAN COMMERCIAL BANK LTD.,Taiwan,Bank Saderat Iran (bsi.ir),https://web.archive.org/web/20111018151910/http://www.bsi.ir/Branches-correspondents-asia/default.bsi,2011-10-18,"documented (Iranian bank's own published list, 2011; historical)",yes,Taiwan Stock Exchange (parent Hua Nan Financial Holdings),2880,$19.90 B,"companiesmarketcap.com list, retrieved 2026-10-06 (receipt cmc_p2)",listing is the parent holding company,2011-10-18_bsi_correspondents_asia.png
Commercial Bank of Syria,COMMERCIAL BANK OF SYRIA,Syria,Bank Saderat Iran (bsi.ir),https://web.archive.org/web/20111018151910/http://www.bsi.ir/Branches-correspondents-asia/default.bsi,2011-10-18,"documented (Iranian bank's own published list, 2011; historical)",no,,,,"state-owned, not listed; US-designated (from memory, not verified this run)",,2011-10-18_bsi_correspondents_asia.png
Bank of Ceylon,BANK OF CEYLON,Sri Lanka,Bank Saderat Iran (bsi.ir),https://web.archive.org/web/20111018151910/http://www.bsi.ir/Branches-correspondents-asia/default.bsi,2011-10-18,"documented (Iranian bank's own published list, 2011; historical)",no,,,,"state-owned, not listed",,2011-10-18_bsi_correspondents_asia.png
"Natexis / Natexis Banques Populaires (Singapore, Vietnam)",NATEXIS; NATEXIS BANQUES POPULAIRES,Singapore / Vietnam,Bank Saderat Iran (bsi.ir),https://web.archive.org/web/20111018151910/http://www.bsi.ir/Branches-correspondents-asia/default.bsi,2011-10-18,"documented (Iranian bank's own published list, 2011; historical)",no,,,,"now Natixis, delisted 2021 and wholly owned by unlisted BPCE (not verified this run)",historical entity,2011-10-18_bsi_correspondents_asia.png
National Commercial Bank (Saudi Arabia),NATIONAL COMMERCIAL BANK,Saudi Arabia,Bank Saderat Iran (bsi.ir),https://web.archive.org/web/20111018151910/http://www.bsi.ir/Branches-correspondents-asia/default.bsi,2011-10-18,"documented (Iranian bank's own published list, 2011; historical)",yes,Saudi Exchange (Tadawul),1180 (Saudi National Bank),$61.69 B,"companiesmarketcap.com list, retrieved 2026-10-06 (receipt cmc_p1)",NCB merged with Samba in 2021 to form Saudi National Bank,2011-10-18_bsi_correspondents_asia.png
Riyad Bank,RIYADH BANK,Saudi Arabia,Bank Saderat Iran (bsi.ir),https://web.archive.org/web/20111018151910/http://www.bsi.ir/Branches-correspondents-asia/default.bsi,2011-10-18,"documented (Iranian bank's own published list, 2011; historical)",yes,Saudi Exchange (Tadawul),1010,$20.91 B,"companiesmarketcap.com list, retrieved 2026-10-06 (receipt cmc_p2)",,2011-10-18_bsi_correspondents_asia.png
Al Rajhi Banking & Investment Corp.,AL RAJHI BANKING & INVESTMENT CORP.,Saudi Arabia,Bank Saderat Iran (bsi.ir),https://web.archive.org/web/20111018151910/http://www.bsi.ir/Branches-correspondents-asia/default.bsi,2011-10-18,"documented (Iranian bank's own published list, 2011; historical)",yes,Saudi Exchange (Tadawul),1120,$101.90 B,"companiesmarketcap.com list, retrieved 2026-10-06 (receipt cmc_p1)",,2011-10-18_bsi_correspondents_asia.png
Banque Saudi Fransi,BANQUE SAUDI FRANSI,Saudi Arabia,Bank Saderat Iran (bsi.ir),https://web.archive.org/web/20111018151910/http://www.bsi.ir/Branches-correspondents-asia/default.bsi,2011-10-18,"documented (Iranian bank's own published list, 2011; historical)",yes,Saudi Exchange (Tadawul),1050,$13.32 B,"companiesmarketcap.com list, retrieved 2026-10-06 (receipt cmc_p2)",,2011-10-18_bsi_correspondents_asia.png
Philippine National Bank,PHILIPPINE NATIONAL BANK,Philippines,Bank Saderat Iran (bsi.ir),https://web.archive.org/web/20111018151910/http://www.bsi.ir/Branches-correspondents-asia/default.bsi,2011-10-18,"documented (Iranian bank's own published list, 2011; historical)",yes,Philippine Stock Exchange,PNB,not verified,market cap not checked this run,,2011-10-18_bsi_correspondents_asia.png
Foreign Trade Bank of the DPRK,FOREIGN TRADE BANK OF THE D.P.R. OF KOREA,North Korea,Bank Saderat Iran (bsi.ir),https://web.archive.org/web/20111018151910/http://www.bsi.ir/Branches-correspondents-asia/default.bsi,2011-10-18,"documented (Iranian bank's own published list, 2011; historical)",no,,,,"state-owned, not listed; US-designated (from memory, not verified this run)",,2011-10-18_bsi_correspondents_asia.png
Commercial Bank of Kuwait SAK,COMMERCIAL BANK OF KUWAIT SAK,Kuwait,Bank Saderat Iran (bsi.ir),https://web.archive.org/web/20111018151910/http://www.bsi.ir/Branches-correspondents-asia/default.bsi,2011-10-18,"documented (Iranian bank's own published list, 2011; historical)",yes,Boursa Kuwait,CBK,$3.27 B,"companiesmarketcap.com list, retrieved 2026-10-06 (receipt cmc_p4)",,2011-10-18_bsi_correspondents_asia.png
Al Ahli Bank of Kuwait KSC,ALAHLI BANK OF KUWAIT KSC,Kuwait,Bank Saderat Iran (bsi.ir),https://web.archive.org/web/20111018151910/http://www.bsi.ir/Branches-correspondents-asia/default.bsi,2011-10-18,"documented (Iranian bank's own published list, 2011; historical)",yes,Boursa Kuwait,ABK,$2.71 B,"companiesmarketcap.com list, retrieved 2026-10-06 (receipt cmc_p4)",,2011-10-18_bsi_correspondents_asia.png
Hong Leong Bank Bhd,HONG LEONG BANK BHD,Malaysia,Bank Saderat Iran (bsi.ir),https://web.archive.org/web/20111018151910/http://www.bsi.ir/Branches-correspondents-asia/default.bsi,2011-10-18,"documented (Iranian bank's own published list, 2011; historical)",yes,Bursa Malaysia,5819,$11.49 B,"companiesmarketcap.com list, retrieved 2026-10-06 (receipt cmc_p2)",,2011-10-18_bsi_correspondents_asia.png
Bank Islam Malaysia Berhad,BANK ISLAM MALAYSIA BERHAD,Malaysia,Bank Saderat Iran (bsi.ir),https://web.archive.org/web/20111018151910/http://www.bsi.ir/Branches-correspondents-asia/default.bsi,2011-10-18,"documented (Iranian bank's own published list, 2011; historical)",yes,Bursa Malaysia,5258,$1.14 B,"companiesmarketcap.com list, retrieved 2026-10-06 (receipt cmc_p5)",,2011-10-18_bsi_correspondents_asia.png
RHB Bank Berhad,RHB BANK BERHAD,Malaysia,Bank Saderat Iran (bsi.ir),https://web.archive.org/web/20111018151910/http://www.bsi.ir/Branches-correspondents-asia/default.bsi,2011-10-18,"documented (Iranian bank's own published list, 2011; historical)",yes,Bursa Malaysia,1066,$7.94 B,"companiesmarketcap.com list, retrieved 2026-10-06 (receipt cmc_p3)",,2011-10-18_bsi_correspondents_asia.png
Nepal Bank Ltd,NEPAL BANK LTD,Nepal,Bank Saderat Iran (bsi.ir),https://web.archive.org/web/20111018151910/http://www.bsi.ir/Branches-correspondents-asia/default.bsi,2011-10-18,"documented (Iranian bank's own published list, 2011; historical)",yes,Nepal Stock Exchange,NBL,not verified,market cap not checked this run,,2011-10-18_bsi_correspondents_asia.png
Yemen Commercial Bank,YEMEN COMMERCIAL BANK,Yemen,Bank Saderat Iran (bsi.ir),https://web.archive.org/web/20111018151910/http://www.bsi.ir/Branches-correspondents-asia/default.bsi,2011-10-18,"documented (Iranian bank's own published list, 2011; historical)",no,,,,not listed (not verified this run),,2011-10-18_bsi_correspondents_asia.png
Commercial Bank of Ethiopia,COMMERCIAL BANK OF ETHIOPIA,Ethiopia,Bank Saderat Iran (bsi.ir),https://web.archive.org/web/20111018152904/http://www.bsi.ir/Branches-correspondents-africa/default.bsi,2011-10-18,"documented (Iranian bank's own published list, 2011; historical)",no,,,,"state-owned, not listed",,2011-10-18_bsi_correspondents_africa.png
Banque Exterieure d'Algerie,BANQUE EXTERIEURE D'ALGERIE,Algeria,Bank Saderat Iran (bsi.ir),https://web.archive.org/web/20111018152904/http://www.bsi.ir/Branches-correspondents-africa/default.bsi,2011-10-18,"documented (Iranian bank's own published list, 2011; historical)",no,,,,"state-owned, not listed",,2011-10-18_bsi_correspondents_africa.png
National Bank of Commerce Ltd (NBC),NATIONAL BANK OF COMMERCE LTD. ( NBC LIMITED ),Tanzania,Bank Saderat Iran (bsi.ir),https://web.archive.org/web/20111018152904/http://www.bsi.ir/Branches-correspondents-africa/default.bsi,2011-10-18,"documented (Iranian bank's own published list, 2011; historical)",no,,,,"not listed (Absa group majority, not verified this run)",,2011-10-18_bsi_correspondents_africa.png
"ABC Bank (OBU), Tunis",ABC BANK (OBU ),Tunisia,Bank Saderat Iran (bsi.ir),https://web.archive.org/web/20111018152904/http://www.bsi.ir/Branches-correspondents-africa/default.bsi,2011-10-18,"documented (Iranian bank's own published list, 2011; historical)",yes,Bahrain Bourse (parent Bank ABC),ABC,$0.91 B,"companiesmarketcap.com list, retrieved 2026-10-06 (receipt cmc_p6)",listing is the Bahrain parent,2011-10-18_bsi_correspondents_africa.png
Zimbabwe Banking Corp. (ZB Bank),ZIMBABWE BANKING COR. LTD.,Zimbabwe,Bank Saderat Iran (bsi.ir),https://web.archive.org/web/20111018152904/http://www.bsi.ir/Branches-correspondents-africa/default.bsi,2011-10-18,"documented (Iranian bank's own published list, 2011; historical)",yes,Zimbabwe Stock Exchange (parent ZB Financial Holdings),ZBFH,not verified,listing not verified this run,,2011-10-18_bsi_correspondents_africa.png
Bank of Khartoum,BANK OF KHARTOUM,Sudan,Bank Saderat Iran (bsi.ir),https://web.archive.org/web/20111018152904/http://www.bsi.ir/Branches-correspondents-africa/default.bsi,2011-10-18,"documented (Iranian bank's own published list, 2011; historical)",no,,,,listing not verified this run,,2011-10-18_bsi_correspondents_africa.png
Omdurman National Bank,OMDURMAN NATIONAL BANK,Sudan,Bank Saderat Iran (bsi.ir),https://web.archive.org/web/20111018152904/http://www.bsi.ir/Branches-correspondents-africa/default.bsi,2011-10-18,"documented (Iranian bank's own published list, 2011; historical)",no,,,,listing not verified this run,,2011-10-18_bsi_correspondents_africa.png
Byblos Bank Africa Ltd,BYBLOS BANK AFRICA LTD,Sudan,Bank Saderat Iran (bsi.ir),https://web.archive.org/web/20111018152904/http://www.bsi.ir/Branches-correspondents-africa/default.bsi,2011-10-18,"documented (Iranian bank's own published list, 2011; historical)",no,,,,subsidiary of Byblos Bank (Lebanon); not separately listed,,2011-10-18_bsi_correspondents_africa.png
Commercial and Savings Bank of Somalia,COMMERCIAL AND SAVINGS BANK OF SOMALIA,Somalia,Bank Saderat Iran (bsi.ir),https://web.archive.org/web/20111018152904/http://www.bsi.ir/Branches-correspondents-africa/default.bsi,2011-10-18,"documented (Iranian bank's own published list, 2011; historical)",no,,,,defunct state bank,historical entity,2011-10-18_bsi_correspondents_africa.png
Kenya Commercial Bank (KCB),KENYA COMMERCIAL BANK LTD.,Kenya,Bank Saderat Iran (bsi.ir),https://web.archive.org/web/20111018152904/http://www.bsi.ir/Branches-correspondents-africa/default.bsi,2011-10-18,"documented (Iranian bank's own published list, 2011; historical)",yes,Nairobi Securities Exchange (parent KCB Group),KCB,not verified,market cap not checked this run,,2011-10-18_bsi_correspondents_africa.png
Gumhouria Bank,GUMHOURIA BANK,Libya,Bank Saderat Iran (bsi.ir),https://web.archive.org/web/20111018152904/http://www.bsi.ir/Branches-correspondents-africa/default.bsi,2011-10-18,"documented (Iranian bank's own published list, 2011; historical)",no,,,,"state-owned, not listed",,2011-10-18_bsi_correspondents_africa.png
Union Bank of Nigeria plc,UNION BANK OF NIGERIA PLC,Nigeria,Bank Saderat Iran (bsi.ir),https://web.archive.org/web/20111018152904/http://www.bsi.ir/Branches-correspondents-africa/default.bsi,2011-10-18,"documented (Iranian bank's own published list, 2011; historical)",no,,,,"delisted from NGX after 2022 takeover (from memory, not verified this run)",,2011-10-18_bsi_correspondents_africa.png
Bank of New Zealand,BANK OF NEW ZEALAND (WELLINGTON)/H.O.,New Zealand,Bank Saderat Iran (bsi.ir),https://web.archive.org/web/20111018150709/http://www.bsi.ir/Branches-correspondents-australia/default.bsi,2011-10-18,"documented (Iranian bank's own published list, 2011; historical)",no,,,,"subsidiary of National Australia Bank; parent listed ASX NAB, $82.78 B (cmc_p1)",NAB subsidiary,2011-10-18_bsi_correspondents_australia.png
Banco de la Republica Oriental del Uruguay,BANCO DE LA REPUBLICA ORIENTAL DEL URUGUAY,Uruguay,Bank Saderat Iran (bsi.ir),https://web.archive.org/web/20111018152420/http://www.bsi.ir/Branches-correspondents-america/default.bsi,2011-10-18,"documented (Iranian bank's own published list, 2011; historical)",no,,,,"state-owned, not listed",,2011-10-18_bsi_correspondents_america.png
Banco ABC Brasil SA,BANCO ABC BRASIL SA,Brazil,Bank Saderat Iran (bsi.ir),https://web.archive.org/web/20111018152420/http://www.bsi.ir/Branches-correspondents-america/default.bsi,2011-10-18,"documented (Iranian bank's own published list, 2011; historical)",yes,B3 (Sao Paulo),ABCB4,not verified,"market cap not checked this run; majority owner is Bank ABC, Bahrain",,2011-10-18_bsi_correspondents_america.png
Banco do Brasil SA,BANCO DO BRAZIL SA H.O BRASILA,Brazil,Bank Saderat Iran (bsi.ir),https://web.archive.org/web/20111018152420/http://www.bsi.ir/Branches-correspondents-america/default.bsi,2011-10-18,"documented (Iranian bank's own published list, 2011; historical)",yes,B3 (Sao Paulo),BBAS3,$28.26 B,"companiesmarketcap.com list, retrieved 2026-10-06 (receipt cmc_p2)",,2011-10-18_bsi_correspondents_america.png
Banco del Estado de Chile (BancoEstado),BANCO DEL ESTADO DE CHILE/H.O SANTIAGO,Chile,Bank Saderat Iran (bsi.ir),https://web.archive.org/web/20111018152420/http://www.bsi.ir/Branches-correspondents-america/default.bsi,2011-10-18,"documented (Iranian bank's own published list, 2011; historical)",no,,,,"state-owned, not listed",,2011-10-18_bsi_correspondents_america.png
Banco Nacional de Cuba,BANCO NACIONAL DE CUBA H.O HAVANA,Cuba,Bank Saderat Iran (bsi.ir),https://web.archive.org/web/20111018152420/http://www.bsi.ir/Branches-correspondents-america/default.bsi,2011-10-18,"documented (Iranian bank's own published list, 2011; historical)",no,,,,"state-owned, not listed",,2011-10-18_bsi_correspondents_america.png
