bank,country,release_id,date,quote,us_action_against_bank,evidence_level,listed,ticker,market_cap_usd,source_url,receipt_files
Al-Huda Bank,Iraq,jy2053 / FinCEN 311 NPRM (89 FR 5782) / final rule 2024-14415,2024-01-29,"Treasury is issuing a finding and notice of proposed rulemaking (NPRM) that identifies Al-Huda Bank, an Iraqi bank that serves as a conduit for terrorist financing, as a foreign financial institution of primary money laundering concern.",FinCEN section 311 cutoff from US correspondent accounts (proposed 2024-01-29; final rule July 2024); owner Hamad al-Moussawi OFAC-designated,proven,"Iraq Stock Exchange listing not verified (ISX site checked, no match)",,not verified,https://home.treasury.gov/news/press-releases/jy2053,treasury_jy2053.pdf; federal_register_2024-14415.pdf
"Banque Misr UAE (branch of Banque Misr, Egypt)",UAE / Egypt,sb0617 / FinCEN 311 NPRM 2026-17871,2026-08-28,"Banque Misr UAE decided to find out the hard way, and today, we are taking the first step in holding it accountable for its continued, egregious support of the Iranian regime.",Proposed section 311 cutoff from US correspondent accounts; not OFAC-designated,proven,Not listed (Egyptian state-owned commercial bank per FinCEN NPRM),,n/a (unlisted),https://home.treasury.gov/news/press-releases/sb0617,treasury_sb0617.pdf; federal_register_2026-17871.pdf
Golden Global Yatirim Bankasi A.S. (Golden Global Bank) and subsidiaries,Turkey,sb0622,2026-09-04,"The Office of Foreign Assets Control (OFAC) designated Türkiye-based financial institution Golden Global Yatirim Bankasi Anonim Sirketi (Golden Global Bank) and its subsidiaries, which have facilitated tens of millions of dollars' worth of transactions for the Islamic Revolutionary Guard Corps-Qods Force (IRGC-QF)",OFAC-designated,proven,Not listed on Borsa Istanbul as far as checked (not verified),,n/a,https://home.treasury.gov/news/press-releases/sb0622,treasury_sb0622.pdf
VTB Bank PJSC,Russia,sb0629,2026-09-14,"designated prominent Russian financial institution, VTB Bank Public Joint Stock Company (VTB Bank) for its involvement in Iranian sanctions evasion, including establishing correspondent relationships with sanctioned Iranian banks.",OFAC-designated under E.O. 13902 (already Russia-sanctioned since 2022),proven,Moscow Exchange,VTBR,"~$6.35B (companiesmarketcap.com, retrieved 2026-10-06)",https://home.treasury.gov/news/press-releases/sb0629,treasury_sb0629.pdf; companiesmarketcap_vtb_2026-10-06.png
Promsvyazbank PJSC (PSB),Russia,sb0644 / FinCEN 311 NPRM 2026-20371 (A7 Network),2026-10-01,"Ilan Shor and PSB and subject to sanctions imposed by the United ... (A7 Network) — PSB created A7, whose Sub-Agents 'created pathways for other actors, including the Central Bank of Iran, the IRGC, and Iran-backed terrorist organizations, to move funds'","OFAC-designated (Russia, Feb 2022); named in A7 311 action",proven (Russia programs); documented re Iran pathway,Not listed (state-owned; delisted after 2018 rescue - not verified),,n/a,https://home.treasury.gov/news/press-releases/sb0644,treasury_sb0644.pdf; federal_register_2026-20371.pdf
InDeFi Smartbank and Ecosystem (InDeFi Bank),Russia/Kyrgyzstan,FinCEN 311 NPRM 2026-20371 (A7 Network),2026-10-05,"A71 LLC, A7 Agent LLC, Old Vector LLC, Garantex, Grinex, InDeFi Bank, ExVed, Mendeleev, Ilan Shor, and PSB",Named in proposed A7 311 measure,proven,Not listed,,n/a,https://www.federalregister.gov/d/2026-20371,federal_register_2026-20371.pdf
Gazprombank,Russia,FinCEN 311 NPRM 2026-20371 (A7 Network); jy2725,2026-10-05,"the company has hired staff from major Russian banks-- including OFAC-sanctioned Gazprombank, VTB Bank, and Sberbank-- suggesting that the A7 Network is intended to supplant the role previously filled by Russia's heavily sanctioned banking sector.","OFAC-designated 2024-11-21 (Russia program, jy2725); not an Iran action",documented (named in record; no Iran-specific action),Not listed (equity); bonds only - not verified,,n/a,https://www.federalregister.gov/d/2026-20371,federal_register_2026-20371.pdf; treasury_jy2725.pdf
Sberbank,Russia,FinCEN 311 NPRM 2026-20371 (A7 Network),2026-10-05,"the company has hired staff from major Russian banks-- including OFAC-sanctioned Gazprombank, VTB Bank, and Sberbank","OFAC-sanctioned (Russia programs); not an Iran action. Mention is staff-hiring only, not Iranian payments","lead (named, no Iran payment role stated)",Moscow Exchange,SBER,"~$71.14B (companiesmarketcap.com, retrieved 2026-10-06)",https://www.federalregister.gov/d/2026-20371,federal_register_2026-20371.pdf; companiesmarketcap_sberbank_2026-10-06.png
Bank of Kunlun,"China (mainland; out of scope, listed for context)",sb0220,2025-08-07,CIMS has been used to connect to the U.S.-sanctioned Bank of Kunlun in order to circumvent sanctions and further banking cooperation between Iran and China.,Sanctioned (CISADA 2012),proven,Not listed (CNPC Capital subsidiary),,n/a,https://home.treasury.gov/news/press-releases/sb0220,treasury_sb0220.pdf
"Unnamed banks in UAE, Switzerland, Türkiye, Marshall Islands, China (MODAFL / Sepah exchange-house network)",various,jy2431,2024-06-25,Jalalian has worked directly with MODAFL to launder tens of millions of AED and euros through bank accounts in the UAE and Switzerland by using sales of gold as a pretext,"Not named, not sanctioned",lead,n/a,,n/a,https://home.treasury.gov/news/press-releases/jy2431,treasury_jy2431.pdf
Unnamed banks used by Turkish exchange-house fronts (Yilmaz network),Turkey,sb0611,2026-08-20,Yilmaz abuses certain Türkiye-based exchange houses as fronts for his business dealings and provided front companies and bank accounts for money transfers connected with the IRGC-QF.,"Not named, not sanctioned",lead,n/a,,n/a,https://home.treasury.gov/news/press-releases/sb0611,treasury_sb0611.pdf
Unnamed Hong Kong banks holding accounts of Keshvardoust shell companies (Bank Shahr network),Hong Kong,sb0643,2026-10-01,Ramin Keshvardoust (Keshvardoust) uses companies and bank accounts under his control to facilitate shipments of Iranian steel and oil worth tens of millions of dollars.,"Banks not named, not sanctioned",lead,n/a,,n/a,https://home.treasury.gov/news/press-releases/sb0643,treasury_sb0643.pdf
Chinese/Hong Kong banks holding accounts of HK shell companies (aggregate),Hong Kong / China,"FinCEN FTA Iran shadow banking (Oct 2025), Figure 7",2025-10,Hong Kong-Based Likely Shell Companies with Chinese Bank Accounts Sent Most Funds,Banks not named,"documented (aggregate, no names)",n/a,,n/a,https://www.fincen.gov/,fincen_FTA_iran_shadow_banking_2025-10.pdf
