bank,country,listed,ticker,market_cap_usd,evidence_level,date_of_evidence,found_in,why_included,quote,source_url,receipt_path
"Raiffeisen Zentralbank Oesterreich (RZB), Vienna",Austria,yes - Vienna Stock Exchange,RBI (quoted as RAW.F),"$22.19 B | companiesmarketcap.com list, retrieved 2026-10-06 (receipt cmc_p2)","documented (Iranian bank's own published list, 2011; historical)",2011-10-18,Iranian bank correspondent list,"Named in Bank Saderat Iran's published correspondent list (bsi.ir, 2011 snapshot). RZB merged into Raiffeisen Bank International in 2017; listing is RBI",RAIFFEISEN ZENTRALBANK OESTERREICH AG/VIENNA ( RZB ),https://web.archive.org/web/20111018145926/http://www.bsi.ir/Branches-correspondents-europe/default.bsi,receipts/banks/iranian-correspondents/2011-10-18_bsi_correspondents_europe.png
UniCredit CAIB AG (formerly Bank Austria),Austria,no,,"n/a | UniCredit group unit; parent UniCredit listed Borsa Italiana UCG, $137.79 B (cmc_p1)","documented (Iranian bank's own published list, 2011; historical)",2011-10-18,Iranian bank correspondent list,"Named in Bank Saderat Iran's published correspondent list (bsi.ir, 2011 snapshot). UniCredit group",UNICREDIT CAIB AG  ( BANK AUSTRIA AG.  نام سابق ),https://web.archive.org/web/20111018145926/http://www.bsi.ir/Branches-correspondents-europe/default.bsi,receipts/banks/iranian-correspondents/2011-10-18_bsi_correspondents_europe.png
Oberbank AG,Austria / Czech Rep. / Hungary,yes - Vienna Stock Exchange,OBS,"$6.64 B | companiesmarketcap.com list, retrieved 2026-10-06 (receipt cmc_p3)","documented (Iranian bank's own published list, 2011; historical)",2011-10-18,Iranian bank correspondent list,"Named in Bank Saderat Iran's published correspondent list (bsi.ir, 2011 snapshot). ",OBER BANK,https://web.archive.org/web/20111018145926/http://www.bsi.ir/Branches-correspondents-europe/default.bsi,receipts/banks/iranian-correspondents/2011-10-18_bsi_correspondents_europe.png
Banco Arabe Espanol (Aresbank),Spain,no,,"n/a | not listed (Libyan Foreign Bank-owned, not verified this run)","documented (Iranian bank's own published list, 2011; historical)",2011-10-18,Iranian bank correspondent list,"Named in Bank Saderat Iran's published correspondent list (bsi.ir, 2011 snapshot). ",BANCO ARABE ESPANOL SA (ARES BANK),https://web.archive.org/web/20111018145926/http://www.bsi.ir/Branches-correspondents-europe/default.bsi,receipts/banks/iranian-correspondents/2011-10-18_bsi_correspondents_europe.png
Banca UBAE SpA,Italy,no,1120,"$101.90 B | companiesmarketcap.com list, retrieved 2026-10-06 (receipt cmc_p1)","documented (Iranian bank's own published list, 2011; historical)",2011-10-18,Iranian bank correspondent list,"Named in Bank Saderat Iran's published correspondent list (bsi.ir, 2011 snapshot). ",AL RAJHI BANKING & INVESTMENT CORP.,https://web.archive.org/web/20111018151910/http://www.bsi.ir/Branches-correspondents-asia/default.bsi,receipts/banks/iranian-correspondents/2011-10-18_bsi_correspondents_asia.png
Banque Saudi Fransi,Saudi Arabia,yes - Saudi Exchange (Tadawul),1050,"$13.32 B | companiesmarketcap.com list, retrieved 2026-10-06 (receipt cmc_p2)","documented (Iranian bank's own published list, 2011; historical)",2011-10-18,Iranian bank correspondent list,"Named in Bank Saderat Iran's published correspondent list (bsi.ir, 2011 snapshot). ",BANQUE SAUDI FRANSI,https://web.archive.org/web/20111018151910/http://www.bsi.ir/Branches-correspondents-asia/default.bsi,receipts/banks/iranian-correspondents/2011-10-18_bsi_correspondents_asia.png
Philippine National Bank,Philippines,yes - Philippine Stock Exchange,PNB,not verified | market cap not checked this run,"documented (Iranian bank's own published list, 2011; historical)",2011-10-18,Iranian bank correspondent list,"Named in Bank Saderat Iran's published correspondent list (bsi.ir, 2011 snapshot). ",PHILIPPINE NATIONAL BANK,https://web.archive.org/web/20111018151910/http://www.bsi.ir/Branches-correspondents-asia/default.bsi,receipts/banks/iranian-correspondents/2011-10-18_bsi_correspondents_asia.png
Foreign Trade Bank of the DPRK,North Korea,no,,"n/a | state-owned, not listed; US-designated (from memory, not verified this run)","documented (Iranian bank's own published list, 2011; historical)",2011-10-18,Iranian bank correspondent list,"Named in Bank Saderat Iran's published correspondent list (bsi.ir, 2011 snapshot). ",FOREIGN TRADE BANK OF THE D.P.R. OF KOREA,https://web.archive.org/web/20111018151910/http://www.bsi.ir/Branches-correspondents-asia/default.bsi,receipts/banks/iranian-correspondents/2011-10-18_bsi_correspondents_asia.png
Commercial Bank of Kuwait SAK,Kuwait,yes - Boursa Kuwait,CBK,"$3.27 B | companiesmarketcap.com list, retrieved 2026-10-06 (receipt cmc_p4)","documented (Iranian bank's own published list, 2011; historical)",2011-10-18,Iranian bank correspondent list,"Named in Bank Saderat Iran's published correspondent list (bsi.ir, 2011 snapshot). ",COMMERCIAL BANK OF KUWAIT SAK,https://web.archive.org/web/20111018151910/http://www.bsi.ir/Branches-correspondents-asia/default.bsi,receipts/banks/iranian-correspondents/2011-10-18_bsi_correspondents_asia.png
Al Ahli Bank of Kuwait KSC,Kuwait,yes - Boursa Kuwait,ABK,"$2.71 B | companiesmarketcap.com list, retrieved 2026-10-06 (receipt cmc_p4)","documented (Iranian bank's own published list, 2011; historical)",2011-10-18,Iranian bank correspondent list,"Named in Bank Saderat Iran's published correspondent list (bsi.ir, 2011 snapshot). ",ALAHLI BANK OF KUWAIT KSC,https://web.archive.org/web/20111018151910/http://www.bsi.ir/Branches-correspondents-asia/default.bsi,receipts/banks/iranian-correspondents/2011-10-18_bsi_correspondents_asia.png
Hong Leong Bank Bhd,Malaysia,yes - Bursa Malaysia,5819,"$11.49 B | companiesmarketcap.com list, retrieved 2026-10-06 (receipt cmc_p2)","documented (Iranian bank's own published list, 2011; historical)",2011-10-18,Iranian bank correspondent list,"Named in Bank Saderat Iran's published correspondent list (bsi.ir, 2011 snapshot). ",HONG LEONG BANK BHD,https://web.archive.org/web/20111018151910/http://www.bsi.ir/Branches-correspondents-asia/default.bsi,receipts/banks/iranian-correspondents/2011-10-18_bsi_correspondents_asia.png
Bank Islam Malaysia Berhad,Malaysia,yes - Bursa Malaysia,5258,"$1.14 B | companiesmarketcap.com list, retrieved 2026-10-06 (receipt cmc_p5)","documented (Iranian bank's own published list, 2011; historical)",2011-10-18,Iranian bank correspondent list,"Named in Bank Saderat Iran's published correspondent list (bsi.ir, 2011 snapshot). ",BANK ISLAM MALAYSIA BERHAD,https://web.archive.org/web/20111018151910/http://www.bsi.ir/Branches-correspondents-asia/default.bsi,receipts/banks/iranian-correspondents/2011-10-18_bsi_correspondents_asia.png
RHB Bank Berhad,Malaysia,yes - Bursa Malaysia,1066,"$7.94 B | companiesmarketcap.com list, retrieved 2026-10-06 (receipt cmc_p3)","documented (Iranian bank's own published list, 2011; historical)",2011-10-18,Iranian bank correspondent list,"Named in Bank Saderat Iran's published correspondent list (bsi.ir, 2011 snapshot). ",RHB BANK BERHAD,https://web.archive.org/web/20111018151910/http://www.bsi.ir/Branches-correspondents-asia/default.bsi,receipts/banks/iranian-correspondents/2011-10-18_bsi_correspondents_asia.png
Nepal Bank Ltd,Nepal,yes - Nepal Stock Exchange,NBL,not verified | market cap not checked this run,"documented (Iranian bank's own published list, 2011; historical)",2011-10-18,Iranian bank correspondent list,"Named in Bank Saderat Iran's published correspondent list (bsi.ir, 2011 snapshot). ",NEPAL BANK LTD,https://web.archive.org/web/20111018151910/http://www.bsi.ir/Branches-correspondents-asia/default.bsi,receipts/banks/iranian-correspondents/2011-10-18_bsi_correspondents_asia.png
Yemen Commercial Bank,Yemen,no,,n/a | not listed (not verified this run),"documented (Iranian bank's own published list, 2011; historical)",2011-10-18,Iranian bank correspondent list,"Named in Bank Saderat Iran's published correspondent list (bsi.ir, 2011 snapshot). ",YEMEN COMMERCIAL BANK,https://web.archive.org/web/20111018151910/http://www.bsi.ir/Branches-correspondents-asia/default.bsi,receipts/banks/iranian-correspondents/2011-10-18_bsi_correspondents_asia.png
Commercial Bank of Ethiopia,Ethiopia,no,,"n/a | state-owned, not listed","documented (Iranian bank's own published list, 2011; historical)",2011-10-18,Iranian bank correspondent list,"Named in Bank Saderat Iran's published correspondent list (bsi.ir, 2011 snapshot). ",COMMERCIAL BANK OF ETHIOPIA,https://web.archive.org/web/20111018152904/http://www.bsi.ir/Branches-correspondents-africa/default.bsi,receipts/banks/iranian-correspondents/2011-10-18_bsi_correspondents_africa.png
Banque Exterieure d'Algerie,Algeria,no,,"n/a | state-owned, not listed","documented (Iranian bank's own published list, 2011; historical)",2011-10-18,Iranian bank correspondent list,"Named in Bank Saderat Iran's published correspondent list (bsi.ir, 2011 snapshot). ",BANQUE EXTERIEURE D'ALGERIE,https://web.archive.org/web/20111018152904/http://www.bsi.ir/Branches-correspondents-africa/default.bsi,receipts/banks/iranian-correspondents/2011-10-18_bsi_correspondents_africa.png
National Bank of Commerce Ltd (NBC),Tanzania,no,,"n/a | not listed (Absa group majority, not verified this run)","documented (Iranian bank's own published list, 2011; historical)",2011-10-18,Iranian bank correspondent list,"Named in Bank Saderat Iran's published correspondent list (bsi.ir, 2011 snapshot). ",NATIONAL BANK OF COMMERCE LTD. ( NBC LIMITED ),https://web.archive.org/web/20111018152904/http://www.bsi.ir/Branches-correspondents-africa/default.bsi,receipts/banks/iranian-correspondents/2011-10-18_bsi_correspondents_africa.png
"ABC Bank (OBU), Tunis",Tunisia,yes - Bahrain Bourse (parent Bank ABC),ABC,"$0.91 B | companiesmarketcap.com list, retrieved 2026-10-06 (receipt cmc_p6)","documented (Iranian bank's own published list, 2011; historical)",2011-10-18,Iranian bank correspondent list,"Named in Bank Saderat Iran's published correspondent list (bsi.ir, 2011 snapshot). listing is the Bahrain parent",ABC BANK (OBU ),https://web.archive.org/web/20111018152904/http://www.bsi.ir/Branches-correspondents-africa/default.bsi,receipts/banks/iranian-correspondents/2011-10-18_bsi_correspondents_africa.png
Zimbabwe Banking Corp. (ZB Bank),Zimbabwe,yes - Zimbabwe Stock Exchange (parent ZB Financial Holdings),ZBFH,not verified | listing not verified this run,"documented (Iranian bank's own published list, 2011; historical)",2011-10-18,Iranian bank correspondent list,"Named in Bank Saderat Iran's published correspondent list (bsi.ir, 2011 snapshot). ",ZIMBABWE BANKING COR. LTD.,https://web.archive.org/web/20111018152904/http://www.bsi.ir/Branches-correspondents-africa/default.bsi,receipts/banks/iranian-correspondents/2011-10-18_bsi_correspondents_africa.png
Bank of Khartoum,Sudan,no,,n/a | listing not verified this run,"documented (Iranian bank's own published list, 2011; historical)",2011-10-18,Iranian bank correspondent list,"Named in Bank Saderat Iran's published correspondent list (bsi.ir, 2011 snapshot). ",BANK OF KHARTOUM,https://web.archive.org/web/20111018152904/http://www.bsi.ir/Branches-correspondents-africa/default.bsi,receipts/banks/iranian-correspondents/2011-10-18_bsi_correspondents_africa.png
Omdurman National Bank,Sudan,no,,n/a | listing not verified this run,"documented (Iranian bank's own published list, 2011; historical)",2011-10-18,Iranian bank correspondent list,"Named in Bank Saderat Iran's published correspondent list (bsi.ir, 2011 snapshot). ",OMDURMAN NATIONAL BANK,https://web.archive.org/web/20111018152904/http://www.bsi.ir/Branches-correspondents-africa/default.bsi,receipts/banks/iranian-correspondents/2011-10-18_bsi_correspondents_africa.png
Byblos Bank Africa Ltd,Sudan,no,,n/a | subsidiary of Byblos Bank (Lebanon); not separately listed,"documented (Iranian bank's own published list, 2011; historical)",2011-10-18,Iranian bank correspondent list,"Named in Bank Saderat Iran's published correspondent list (bsi.ir, 2011 snapshot). ",BYBLOS BANK AFRICA LTD,https://web.archive.org/web/20111018152904/http://www.bsi.ir/Branches-correspondents-africa/default.bsi,receipts/banks/iranian-correspondents/2011-10-18_bsi_correspondents_africa.png
Commercial and Savings Bank of Somalia,Somalia,no,,n/a | defunct state bank,"documented (Iranian bank's own published list, 2011; historical)",2011-10-18,Iranian bank correspondent list,"Named in Bank Saderat Iran's published correspondent list (bsi.ir, 2011 snapshot). historical entity",COMMERCIAL AND SAVINGS BANK OF SOMALIA,https://web.archive.org/web/20111018152904/http://www.bsi.ir/Branches-correspondents-africa/default.bsi,receipts/banks/iranian-correspondents/2011-10-18_bsi_correspondents_africa.png
Kenya Commercial Bank (KCB),Kenya,yes - Nairobi Securities Exchange (parent KCB Group),KCB,not verified | market cap not checked this run,"documented (Iranian bank's own published list, 2011; historical)",2011-10-18,Iranian bank correspondent list,"Named in Bank Saderat Iran's published correspondent list (bsi.ir, 2011 snapshot). ",KENYA COMMERCIAL BANK LTD.,https://web.archive.org/web/20111018152904/http://www.bsi.ir/Branches-correspondents-africa/default.bsi,receipts/banks/iranian-correspondents/2011-10-18_bsi_correspondents_africa.png
Gumhouria Bank,Libya,no,,"n/a | state-owned, not listed","documented (Iranian bank's own published list, 2011; historical)",2011-10-18,Iranian bank correspondent list,"Named in Bank Saderat Iran's published correspondent list (bsi.ir, 2011 snapshot). ",GUMHOURIA BANK,https://web.archive.org/web/20111018152904/http://www.bsi.ir/Branches-correspondents-africa/default.bsi,receipts/banks/iranian-correspondents/2011-10-18_bsi_correspondents_africa.png
Union Bank of Nigeria plc,Nigeria,no,,"n/a | delisted from NGX after 2022 takeover (from memory, not verified this run)","documented (Iranian bank's own published list, 2011; historical)",2011-10-18,Iranian bank correspondent list,"Named in Bank Saderat Iran's published correspondent list (bsi.ir, 2011 snapshot). ",UNION BANK OF NIGERIA PLC,https://web.archive.org/web/20111018152904/http://www.bsi.ir/Branches-correspondents-africa/default.bsi,receipts/banks/iranian-correspondents/2011-10-18_bsi_correspondents_africa.png
Bank of New Zealand,New Zealand,no,,"n/a | subsidiary of National Australia Bank; parent listed ASX NAB, $82.78 B (cmc_p1)","documented (Iranian bank's own published list, 2011; historical)",2011-10-18,Iranian bank correspondent list,"Named in Bank Saderat Iran's published correspondent list (bsi.ir, 2011 snapshot). NAB subsidiary",BANK OF NEW ZEALAND (WELLINGTON)/H.O.,https://web.archive.org/web/20111018150709/http://www.bsi.ir/Branches-correspondents-australia/default.bsi,receipts/banks/iranian-correspondents/2011-10-18_bsi_correspondents_australia.png
Banco de la Republica Oriental del Uruguay,Uruguay,no,,"n/a | state-owned, not listed","documented (Iranian bank's own published list, 2011; historical)",2011-10-18,Iranian bank correspondent list,"Named in Bank Saderat Iran's published correspondent list (bsi.ir, 2011 snapshot). ",BANCO DE LA REPUBLICA ORIENTAL DEL URUGUAY,https://web.archive.org/web/20111018152420/http://www.bsi.ir/Branches-correspondents-america/default.bsi,receipts/banks/iranian-correspondents/2011-10-18_bsi_correspondents_america.png
Banco ABC Brasil SA,Brazil,yes - B3 (Sao Paulo),ABCB4,"not verified | market cap not checked this run; majority owner is Bank ABC, Bahrain","documented (Iranian bank's own published list, 2011; historical)",2011-10-18,Iranian bank correspondent list,"Named in Bank Saderat Iran's published correspondent list (bsi.ir, 2011 snapshot). ",BANCO ABC BRASIL SA,https://web.archive.org/web/20111018152420/http://www.bsi.ir/Branches-correspondents-america/default.bsi,receipts/banks/iranian-correspondents/2011-10-18_bsi_correspondents_america.png
Banco do Brasil SA,Brazil,yes - B3 (Sao Paulo),BBAS3,"$28.26 B | companiesmarketcap.com list, retrieved 2026-10-06 (receipt cmc_p2)","documented (Iranian bank's own published list, 2011; historical)",2011-10-18,Iranian bank correspondent list,"Named in Bank Saderat Iran's published correspondent list (bsi.ir, 2011 snapshot). ",BANCO DO BRAZIL SA H.O BRASILA,https://web.archive.org/web/20111018152420/http://www.bsi.ir/Branches-correspondents-america/default.bsi,receipts/banks/iranian-correspondents/2011-10-18_bsi_correspondents_america.png
Banco del Estado de Chile (BancoEstado),Chile,no,,"n/a | state-owned, not listed","documented (Iranian bank's own published list, 2011; historical)",2011-10-18,Iranian bank correspondent list,"Named in Bank Saderat Iran's published correspondent list (bsi.ir, 2011 snapshot). ",BANCO DEL ESTADO DE CHILE/H.O SANTIAGO,https://web.archive.org/web/20111018152420/http://www.bsi.ir/Branches-correspondents-america/default.bsi,receipts/banks/iranian-correspondents/2011-10-18_bsi_correspondents_america.png
Banco Nacional de Cuba,Cuba,no,,"n/a | state-owned, not listed","documented (Iranian bank's own published list, 2011; historical)",2011-10-18,Iranian bank correspondent list,"Named in Bank Saderat Iran's published correspondent list (bsi.ir, 2011 snapshot). ",BANCO NACIONAL DE CUBA H.O HAVANA,https://web.archive.org/web/20111018152420/http://www.bsi.ir/Branches-correspondents-america/default.bsi,receipts/banks/iranian-correspondents/2011-10-18_bsi_correspondents_america.png
Aktif Yatirim Bankasi (Aktif Bank),Turkey,"no (unverified; private, Calik group)",,n/a,documented,2017-11-29 trial; 2026-07-06 filing,US court records (Zarrab/Halkbank),Zarrab's Iranian-client accounts; per testimony stopped after a US warning,"Doc 402 p68: '...bringing it to Aktif Bank, and I was exchanging it to tomans'; p89: 'They received a warning from the United States, and they stopped brokering those transactions'; Doc 778 p4: 'Zarrab opened accounts at a Turkish bank, Aktif Bank for this business.'",https://storage.courtlistener.com/recap/gov.uscourts.nysd.472089/gov.uscourts.nysd.472089.402.0_3.pdf,receipts/banks/zarrab-halkbank-court/sdny-1-15-cr-00867_doc402_pages-68-89-117-125.pdf
Arap Turk Bankasi,Turkey,no (unverified),,n/a,documented,2017-12 trial,US court records (Zarrab/Halkbank),Named as the Turkish bank meant to receive Iranian oil money from India/Italy via Halkbank,"Doc 406 p18: 'the funds would ... go from there to another Turkish bank, to Arap Turk Bank'; Doc 416 p77: 'transfer of money that would be brought from India and Italy on behalf of the Iranians over to Turkey and be transferred to the Arap Turk Bank'",https://storage.courtlistener.com/recap/gov.uscourts.nysd.472089/gov.uscourts.nysd.472089.406.0_2.pdf,receipts/banks/zarrab-halkbank-court/sdny-1-15-cr-00867_doc406_pages-18-24-28-37-76.pdf
Turkiye Garanti Bankasi,Turkey,"yes, Borsa Istanbul",GARAN,~$11.2B (551.04B TRY x 0.0203; stockanalysis 2026-10-06),lead,2017-12 trial,US court records (Zarrab/Halkbank),Zarrab named it in a recorded call as a destination bank; no transaction shown,"Doc 406 p28: 'I did not give specific facts, but I said Arap Turk and Garanti.'",https://storage.courtlistener.com/recap/gov.uscourts.nysd.472089/gov.uscourts.nysd.472089.406.0_2.pdf,receipts/banks/zarrab-halkbank-court/sdny-1-15-cr-00867_doc406_pages-18-24-28-37-76.pdf
Ziraat Bankasi,Turkey,no (state-owned),,n/a,documented,2017-12 trial,US court records (Zarrab/Halkbank),Zarrab said Ziraat wanted to join the Iran business; government witness said it held a USD account for Zarrab's Centrica,Doc 406 p37: 'I also received the okay for Ziraat Bank and Vakif. They will get going as well. The Iran business will get moving'; Doc 422 p155: 'Ziraat Bankasi offered a dollar account ... for Centrica General Trading',https://storage.courtlistener.com/recap/gov.uscourts.nysd.472089/gov.uscourts.nysd.472089.422.0.pdf,receipts/banks/zarrab-halkbank-court/sdny-1-15-cr-00867_doc422_pages-134-155.pdf
Turkiye Vakiflar Bankasi (VakifBank),Turkey,"yes, Borsa Istanbul",VAKBN,~$6.8B (336.55B TRY; stockanalysis 2026-10-06),documented,2017-12 trial,US court records (Zarrab/Halkbank),"Zarrab: Vakif got 'the okay' to join the Iran business (intent, no transfers shown)",Doc 406 p37: 'I also received the okay for Ziraat Bank and Vakif ... The Iran business will get moving',https://storage.courtlistener.com/recap/gov.uscourts.nysd.472089/gov.uscourts.nysd.472089.406.0_2.pdf,receipts/banks/zarrab-halkbank-court/sdny-1-15-cr-00867_doc406_pages-18-24-28-37-76.pdf
QNB Bank AS (formerly Finansbank),"Turkey (parent QNB, Qatar)","yes, Borsa Istanbul (small free float)",QNBTR,~$18.9B (928.95B TRY; stockanalysis 2026-10-06),documented,2017-11/12 trial,US court records (Zarrab/Halkbank),Royal Group account used in gold-for-payments chain,"Doc 402 p117: 'I will give an example of Finansbank here ... In there, there is an account for Royal Group.'",https://storage.courtlistener.com/recap/gov.uscourts.nysd.472089/gov.uscourts.nysd.472089.402.0_3.pdf,receipts/banks/zarrab-halkbank-court/sdny-1-15-cr-00867_doc402_pages-68-89-117-125.pdf
Denizbank,"Turkey (parent Emirates NBD, UAE)",no; parent listed DFM: EMIRATESNBD,EMIRATESNBD (parent),parent ~$53B (194.55B AED; stockanalysis 2026-10-06),documented,2017-11/12 trial,US court records (Zarrab/Halkbank),"Account of Zarrab front company receiving funds out of Halkbank before onward payments; DenizBank publicly denied collaborating (2017 press, not saved)","Doc 402 p125: 'the money would be transferred from the Roman account in Halkbank and to its own account in Denizbank'; Doc 408 p50: 'Deniz, which represents DenizBank'",https://storage.courtlistener.com/recap/gov.uscourts.nysd.472089/gov.uscourts.nysd.472089.408.0_1.pdf,receipts/banks/zarrab-halkbank-court/sdny-1-15-cr-00867_doc408_pages-45-50.pdf
Turkiye Finans Katilim Bankasi,Turkey (parent Saudi National Bank),no; parent listed Tadawul 1180,1180 (parent),parent ~$61.7B (231.58B SAR; stockanalysis 2026-10-06),documented,2017-12 trial,US court records (Zarrab/Halkbank),Inserted between Halkbank and Bank of Baroda in Centrica payment chain,"Doc 408 p45: 'it would go to the Centrica account within Turkiye Finans Bank in Turkey. From there, it would be sent to the Centrica account in Dubai'",https://storage.courtlistener.com/recap/gov.uscourts.nysd.472089/gov.uscourts.nysd.472089.408.0_1.pdf,receipts/banks/zarrab-halkbank-court/sdny-1-15-cr-00867_doc408_pages-45-50.pdf
Bank of Baroda (Dubai branch),India / UAE,"yes, NSE/BSE",BANKBARODA,~$12.5B (1.20T INR; stockanalysis 2026-10-06),documented,2017-12 trial,US court records (Zarrab/Halkbank),Held Centrica General Trading account in Dubai receiving Halkbank transfers,"Doc 410 p81: 'Bank of Baroda, sir, in United Arab Emirates in Dubai ... beneficiary customer ... Centrica General Trading'; Doc 408 p45: 'Bank of Baroda knew that Halkbank was a correspondent for Iranian transactions'",https://storage.courtlistener.com/recap/gov.uscourts.nysd.472089/gov.uscourts.nysd.472089.410.0_2.pdf,receipts/banks/zarrab-halkbank-court/sdny-1-15-cr-00867_doc410_pages-79-81-95.pdf
Standard Chartered (New York),UK,"yes, LSE / HKEX",STAN / 2888.HK,~$64.8B (48.80B GBP; stockanalysis 2026-10-06),documented,2017-12 trial,US court records (Zarrab/Halkbank),USD correspondent: Rostamani Exchange account in NY instructed to pay Bank of China,Doc 410 p95: 'Rostamani Exchange asking the Standard Chartered Bank to move money into Bank of China',https://storage.courtlistener.com/recap/gov.uscourts.nysd.472089/gov.uscourts.nysd.472089.410.0_2.pdf,receipts/banks/zarrab-halkbank-court/sdny-1-15-cr-00867_doc410_pages-79-81-95.pdf
Deutsche Bank Trust Company Americas,Germany / US,"parent yes, Xetra/NYSE",DBK / DB,parent ~$65.3B (57.98B EUR; stockanalysis 2026-10-06),documented,2017-12 trial,US court records (Zarrab/Halkbank),US correspondent holding Ziraat's USD account; testimony framed it as a US bank whose controls were evaded,Doc 422 p155: 'Ziraat Bankasi maintains a dollar denominated account at Deutsche Bank Trust Company Americas',https://storage.courtlistener.com/recap/gov.uscourts.nysd.472089/gov.uscourts.nysd.472089.422.0.pdf,receipts/banks/zarrab-halkbank-court/sdny-1-15-cr-00867_doc422_pages-134-155.pdf
PPF Banka,Czech Republic,"no (PPF Group, unverified)",,n/a,documented,2017-12 trial,US court records (Zarrab/Halkbank),USD account of Cyprus company Mofabos that sent payments in the scheme,"Doc 422 p134: 'Mofabos maintains its U.S. dollar account at PPF Banka, located in the Czech Republic'",https://storage.courtlistener.com/recap/gov.uscourts.nysd.472089/gov.uscourts.nysd.472089.422.0.pdf,receipts/banks/zarrab-halkbank-court/sdny-1-15-cr-00867_doc422_pages-134-155.pdf
Woori Bank (Woori Financial Group),South Korea,"yes, KRX / NYSE ADR",316140 / WF,~$17.2B (24.51T KRW; stockanalysis 2026-10-06),documented,2017-12 trial,US court records (Zarrab/Halkbank),US Treasury witness said US was 'worried' about its Iran-related transactions (held Iranian CBI won accounts per context),"Doc 418 p42: 'we were worried about Worri Bank and IBK, and we were concerned about transactions that they were engaged in'",https://storage.courtlistener.com/recap/gov.uscourts.nysd.472089/gov.uscourts.nysd.472089.418.0_1.pdf,receipts/banks/zarrab-halkbank-court/sdny-1-15-cr-00867_doc418_pages-42.pdf
Industrial Bank of Korea,South Korea,"yes, KRX",024110,~$11.3B (16.11T KRW; stockanalysis 2026-10-06),documented,2017-12 trial,US court records (Zarrab/Halkbank),Same Treasury testimony as Woori,Doc 418 p42: 'we were worried about Worri Bank and IBK',https://storage.courtlistener.com/recap/gov.uscourts.nysd.472089/gov.uscourts.nysd.472089.418.0_1.pdf,receipts/banks/zarrab-halkbank-court/sdny-1-15-cr-00867_doc418_pages-42.pdf
Bank of Kunlun / Ping An Bank / China Bohai Bank,China (mainland; Bohai listed HKEX 9668),Kunlun no; Ping An SZSE 000001; Bohai HKEX 9668,,"Bohai ~$1.65B (12.97B HKD, not receipted)",documented,2017-12 trial,US court records (Zarrab/Halkbank),"Mainland Chinese banks used then stopped Zarrab's China business; excluded per brief, listed for completeness","Doc 406 p76: 'Bank of Kunlun, Ping An Bank, Bohai Bank, all the banks that we were working with, they stopped it.'",https://storage.courtlistener.com/recap/gov.uscourts.nysd.472089/gov.uscourts.nysd.472089.406.0_2.pdf,receipts/banks/zarrab-halkbank-court/sdny-1-15-cr-00867_doc406_pages-18-24-28-37-76.pdf
"Iranian banks: Bank Mellat, Bank Melli, Bank Saderat, Bank Keshavarzi, Parsian, Pasargad, Saman, Sarmayeh, Eghtesad Novin (also Sepah, Refah, Shahr, Tejarat, Central Bank of Iran in transcripts)",Iran,Some trade on Tehran SE (unverified); not investable for US persons,,n/a,proven,2019-10-15; 2026-07-06; 2017 trial,US court records (Zarrab/Halkbank),US-designated Iranian banks whose funds/payments Zarrab and Halkbank handled,"Doc 562 (S6 indictment, OCR) p18: 'forbidden Iranian banks in Dubai (such as Bank Melli, Bank Sedarat) or Bank Mellat in Turkey'; Doc 778 p5: 'Iranian banks ... such as Bank Mellat's Mellat Exchange'; Doc 400 p189: 'Bank Sarmayeh, Bank Pasargad, Bank Saman, Parsian Bank, Credit Institution for Development, and Eghtesad Novin Bank'",https://storage.courtlistener.com/recap/gov.uscourts.nysd.451245/gov.uscourts.nysd.451245.562.0.pdf,receipts/banks/zarrab-halkbank-court/sdny-1-15-cr-00867_doc562_pages-12-18.pdf
Al-Huda Bank,Iraq,"Iraq Stock Exchange listing not verified (ISX site checked, no match)",,not verified,proven,2024-01-29,US Treasury/FinCEN releases,jy2053 / FinCEN 311 NPRM (89 FR 5782) / final rule 2024-14415: FinCEN section 311 cutoff from US correspondent accounts (proposed 2024-01-29; final rule July 2024); owner Hamad al-Moussawi OFAC-designated,"Treasury is issuing a finding and notice of proposed rulemaking (NPRM) that identifies Al-Huda Bank, an Iraqi bank that serves as a conduit for terrorist financing, as a foreign financial institution of primary money laundering concern.",https://home.treasury.gov/news/press-releases/jy2053,receipts/banks/treasury-exchange-houses/treasury_jy2053.pdf
"Banque Misr UAE (branch of Banque Misr, Egypt)",UAE / Egypt,Not listed (Egyptian state-owned commercial bank per FinCEN NPRM),,n/a (unlisted),proven,2026-08-28,US Treasury/FinCEN releases,sb0617 / FinCEN 311 NPRM 2026-17871: Proposed section 311 cutoff from US correspondent accounts; not OFAC-designated,"Banque Misr UAE decided to find out the hard way, and today, we are taking the first step in holding it accountable for its continued, egregious support of the Iranian regime.",https://home.treasury.gov/news/press-releases/sb0617,receipts/banks/treasury-exchange-houses/treasury_sb0617.pdf
Golden Global Yatirim Bankasi A.S. (Golden Global Bank) and subsidiaries,Turkey,Not listed on Borsa Istanbul as far as checked (not verified),,n/a,proven,2026-09-04,US Treasury/FinCEN releases,sb0622: OFAC-designated,"The Office of Foreign Assets Control (OFAC) designated Türkiye-based financial institution Golden Global Yatirim Bankasi Anonim Sirketi (Golden Global Bank) and its subsidiaries, which have facilitated tens of millions of dollars' worth of transactions for the Islamic Revolutionary Guard Corps-Qods Force (IRGC-QF)",https://home.treasury.gov/news/press-releases/sb0622,receipts/banks/treasury-exchange-houses/treasury_sb0622.pdf
VTB Bank PJSC,Russia,Moscow Exchange,VTBR,"~$6.35B (companiesmarketcap.com, retrieved 2026-10-06)",proven,2026-09-14,US Treasury/FinCEN releases,sb0629: OFAC-designated under E.O. 13902 (already Russia-sanctioned since 2022),"designated prominent Russian financial institution, VTB Bank Public Joint Stock Company (VTB Bank) for its involvement in Iranian sanctions evasion, including establishing correspondent relationships with sanctioned Iranian banks.",https://home.treasury.gov/news/press-releases/sb0629,receipts/banks/treasury-exchange-houses/treasury_sb0629.pdf
Promsvyazbank PJSC (PSB),Russia,Not listed (state-owned; delisted after 2018 rescue - not verified),,n/a,proven (Russia programs); documented re Iran pathway,2026-10-01,US Treasury/FinCEN releases,"sb0644 / FinCEN 311 NPRM 2026-20371 (A7 Network): OFAC-designated (Russia, Feb 2022); named in A7 311 action","Ilan Shor and PSB and subject to sanctions imposed by the United ... (A7 Network) — PSB created A7, whose Sub-Agents 'created pathways for other actors, including the Central Bank of Iran, the IRGC, and Iran-backed terrorist organizations, to move funds'",https://home.treasury.gov/news/press-releases/sb0644,receipts/banks/treasury-exchange-houses/treasury_sb0644.pdf
InDeFi Smartbank and Ecosystem (InDeFi Bank),Russia/Kyrgyzstan,Not listed,,n/a,proven,2026-10-05,US Treasury/FinCEN releases,FinCEN 311 NPRM 2026-20371 (A7 Network): Named in proposed A7 311 measure,"A71 LLC, A7 Agent LLC, Old Vector LLC, Garantex, Grinex, InDeFi Bank, ExVed, Mendeleev, Ilan Shor, and PSB",https://www.federalregister.gov/d/2026-20371,receipts/banks/treasury-exchange-houses/federal_register_2026-20371.pdf
Gazprombank,Russia,Not listed (equity); bonds only - not verified,,n/a,documented (named in record; no Iran-specific action),2026-10-05,US Treasury/FinCEN releases,"FinCEN 311 NPRM 2026-20371 (A7 Network); jy2725: OFAC-designated 2024-11-21 (Russia program, jy2725); not an Iran action","the company has hired staff from major Russian banks-- including OFAC-sanctioned Gazprombank, VTB Bank, and Sberbank-- suggesting that the A7 Network is intended to supplant the role previously filled by Russia's heavily sanctioned banking sector.",https://www.federalregister.gov/d/2026-20371,receipts/banks/treasury-exchange-houses/federal_register_2026-20371.pdf
Sberbank,Russia,Moscow Exchange,SBER,"~$71.14B (companiesmarketcap.com, retrieved 2026-10-06)","lead (named, no Iran payment role stated)",2026-10-05,US Treasury/FinCEN releases,"FinCEN 311 NPRM 2026-20371 (A7 Network): OFAC-sanctioned (Russia programs); not an Iran action. Mention is staff-hiring only, not Iranian payments","the company has hired staff from major Russian banks-- including OFAC-sanctioned Gazprombank, VTB Bank, and Sberbank",https://www.federalregister.gov/d/2026-20371,receipts/banks/treasury-exchange-houses/federal_register_2026-20371.pdf
Bank of Kunlun,"China (mainland; out of scope, listed for context)",Not listed (CNPC Capital subsidiary),,n/a,proven,2025-08-07,US Treasury/FinCEN releases,sb0220: Sanctioned (CISADA 2012),CIMS has been used to connect to the U.S.-sanctioned Bank of Kunlun in order to circumvent sanctions and further banking cooperation between Iran and China.,https://home.treasury.gov/news/press-releases/sb0220,receipts/banks/treasury-exchange-houses/treasury_sb0220.pdf
"Unnamed banks in UAE, Switzerland, Türkiye, Marshall Islands, China (MODAFL / Sepah exchange-house network)",various,n/a,,n/a,lead,2024-06-25,US Treasury/FinCEN releases,"jy2431: Not named, not sanctioned",Jalalian has worked directly with MODAFL to launder tens of millions of AED and euros through bank accounts in the UAE and Switzerland by using sales of gold as a pretext,https://home.treasury.gov/news/press-releases/jy2431,receipts/banks/treasury-exchange-houses/treasury_jy2431.pdf
Unnamed banks used by Turkish exchange-house fronts (Yilmaz network),Turkey,n/a,,n/a,lead,2026-08-20,US Treasury/FinCEN releases,"sb0611: Not named, not sanctioned",Yilmaz abuses certain Türkiye-based exchange houses as fronts for his business dealings and provided front companies and bank accounts for money transfers connected with the IRGC-QF.,https://home.treasury.gov/news/press-releases/sb0611,receipts/banks/treasury-exchange-houses/treasury_sb0611.pdf
Unnamed Hong Kong banks holding accounts of Keshvardoust shell companies (Bank Shahr network),Hong Kong,n/a,,n/a,lead,2026-10-01,US Treasury/FinCEN releases,"sb0643: Banks not named, not sanctioned",Ramin Keshvardoust (Keshvardoust) uses companies and bank accounts under his control to facilitate shipments of Iranian steel and oil worth tens of millions of dollars.,https://home.treasury.gov/news/press-releases/sb0643,receipts/banks/treasury-exchange-houses/treasury_sb0643.pdf
Chinese/Hong Kong banks holding accounts of HK shell companies (aggregate),Hong Kong / China,n/a,,n/a,"documented (aggregate, no names)",2025-10,US Treasury/FinCEN releases,"FinCEN FTA Iran shadow banking (Oct 2025), Figure 7: Banks not named",Hong Kong-Based Likely Shell Companies with Chinese Bank Accounts Sent Most Funds,https://www.fincen.gov/,receipts/banks/treasury-exchange-houses/fincen_FTA_iran_shadow_banking_2025-10.pdf
"Banque Misr UAE (branch of Banque Misr, Egypt)",UAE,No (branch of unlisted Egyptian state bank),,n/a,proven,2026-08,Listed-bank filings and press,FinCEN proposed cutting it off from US correspondent banking; Treasury says ~$1.8bn for 103 possible Iranian shadow-banking firms Jan 2024-Jun 2026,Banque Misr UAE processed approximately $1.8 billion for 103 companies that are potentially part of Iranian shadow banking networks,https://home.treasury.gov/news/press-releases/sb0617,receipts/banks/listed-bank-filings/us-2026-banque-misr-uae_treasury_sb0617.png
Golden Global Yatirim Bankasi,Turkey,No,,n/a,proven,2026-09-04,Listed-bank filings and press,OFAC designated under EO 13902; now under TMSF control,facilitating tens of millions of dollars' worth of transactions for the Islamic Revolutionary Guard Corps-Qods Force,https://home.treasury.gov/news/press-releases/sb0622,receipts/banks/listed-bank-filings/tr-2026-golden-global-bank_treasury_sb0622.png
VTB Bank,Russia,Yes - MOEX,VTBR,not captured,proven,2026-09,Listed-bank filings and press,OFAC designated under Iran authority for correspondent ties with sanctioned Iranian banks (out of geographic scope; context),VTB Bank has established correspondent banking relationships with sanctioned Iranian financial institutions,https://home.treasury.gov/news/press-releases/sb0629,receipts/banks/listed-bank-filings/ru-2026-vtb_treasury_sb0629.png
Halkbank (Turkiye Halk Bankasi),Turkey,Yes - Borsa Istanbul,HALKB,"not converted; native 321.73B TRY (stockanalysis.com, 2026-10-06)",proven,2026-03-09,Listed-bank filings and press,DOJ deferred prosecution agreement (Mar 2026) barring Iran-benefiting transactions; case dismissed Jun 2026. Former Halkbank staff ran Golden Global (Iran International). Could be sanctioned under the 2026-10-05 warning if Iran dealings resumed,Halkbank and the US Justice Department have agreed to enter a deferred prosecution agreement,https://www.aa.com.tr/en/americas/turkish-bank-us-justice-department-agree-to-deferred-prosecution/3857135,receipts/banks/listed-bank-filings/tr-halkbank-2026-03-09_anadolu_dpa.png; receipts/banks/listed-bank-filings/tr-halkbank-2026-03-10_occrp_deal.png; receipts/banks/listed-bank-filings/tr-2026-09-16_iranintl_turkey-bank-ties.png; receipts/banks/listed-bank-filings/mcap_ist-HALKB_stockanalysis.png
HSBC Holdings,Hong Kong / UK,"Yes - HKEX, LSE, NYSE",0005.HK / HSBA / HSBC,not captured (CDP crash),documented,2026-02-26,Listed-bank filings and press,"Own 20-F Section 13(r): ~14 legacy guarantees/counter-indemnities involving Bank Tejarat, Bank Melli, Bank of Industry and Mine; no new ones, winding down. Telegraph Apr 2026: US judge ordered HSBC and StanChart to hand over records in Iran laundering probe (lead)","counter-indemnities ... Tejarat, Bank Melli, and the Bank of Industry and Mine",https://www.sec.gov/Archives/edgar/data/1089113/000108911326000010/hsbc-20251231.htm,receipts/banks/listed-bank-filings/hk-hsbc-2026-02-26_20F-FY2025_iran-pages.pdf; receipts/banks/listed-bank-filings/hsbc-stanchart-2026-04-18_telegraph_iran-laundering.png
Standard Chartered,Hong Kong / UK,"Yes - HKEX, LSE",2888.HK / STAN,not captured,lead,2026-04-18,Listed-bank filings and press,Telegraph: ordered by US judge to turn over records in Iran sanctions-evasion probe (headline only captured; paywall),,https://www.telegraph.co.uk/,receipts/banks/listed-bank-filings/hsbc-stanchart-2026-04-18_telegraph_iran-laundering.png
UCO Bank,India,Yes - NSE/BSE,UCOBANK,"not converted; native 291.80B INR (stockanalysis.com, 2026-10-06)",documented,2026-07-23,Listed-bank filings and press,CEO on record: still runs sanctions-compliant rupee vostro trade with banks in Iran and Russia; historical rupee-rial oil channel,"We are doing only compliant business. Whatever transactions are permitted under sanctions, FEMA and regulatory guidelines, only those are being undertaken",https://www.livemint.com/companies/news/uco-bank-says-iran-russia-rupee-trade-channels-remain-open-within-sanctions-ai-cybersecurity-digital-lending-11784779446635.html,receipts/banks/listed-bank-filings/in-uco-2026-07-23_livemint_iran-rupee-channel.png; receipts/banks/listed-bank-filings/in-2026-04-07_moneycontrol_iran-oil-rupee.png; receipts/banks/listed-bank-filings/mcap_nse-UCOBANK_stockanalysis.png
HDFC Bank,India,"Yes - NSE/BSE, NYSE ADR",HDFCBANK / HDB,not captured,lead,2026-07-29,Listed-bank filings and press,20-F FY2026 mentions Iran only as war/macro risk; no Iranian counterparties disclosed. Checked and found nothing material,,https://www.sec.gov/Archives/edgar/data/1144967/000119312526322004/d88195d20f.htm,receipts/banks/listed-bank-filings/in-hdfc-2026-07-29_20F-FY2026_iran-pages.pdf
VakifBank,Turkey,Yes - Borsa Istanbul,VAKBN,"not converted; native 336.55B TRY (stockanalysis.com, 2026-10-06)",lead,2026-09,Listed-bank filings and press,Turkish listed bank in the jurisdiction where Treasury acted (Golden Global) and Bank Mellat Istanbul lost its licence; no bank-specific Iran evidence found in time box (annual reports/KAP not read),,https://www.aljazeera.com/economy/2026/9/19/turkiye-revokes-operating-licence-of-irans-bank-mellat,receipts/banks/listed-bank-filings/mcap_ist-VAKBN_stockanalysis.png; receipts/banks/listed-bank-filings/tr-2026-09-19_aljazeera_mellat-licence.png
Isbank,Turkey,Yes - Borsa Istanbul,ISCTR,"not converted; native 364.94B TRY (stockanalysis.com, 2026-10-06)",lead,2026-09,Listed-bank filings and press,Turkish listed bank in the jurisdiction where Treasury acted (Golden Global) and Bank Mellat Istanbul lost its licence; no bank-specific Iran evidence found in time box (annual reports/KAP not read),,https://www.aljazeera.com/economy/2026/9/19/turkiye-revokes-operating-licence-of-irans-bank-mellat,receipts/banks/listed-bank-filings/mcap_ist-ISCTR_stockanalysis.png; receipts/banks/listed-bank-filings/tr-2026-09-19_aljazeera_mellat-licence.png
Garanti BBVA,Turkey,Yes - Borsa Istanbul,GARAN,"not converted; native 551.04B TRY (stockanalysis.com, 2026-10-06)",lead,2026-09,Listed-bank filings and press,Turkish listed bank in the jurisdiction where Treasury acted (Golden Global) and Bank Mellat Istanbul lost its licence; no bank-specific Iran evidence found in time box (annual reports/KAP not read),,https://www.aljazeera.com/economy/2026/9/19/turkiye-revokes-operating-licence-of-irans-bank-mellat,receipts/banks/listed-bank-filings/mcap_ist-GARAN_stockanalysis.png; receipts/banks/listed-bank-filings/tr-2026-09-19_aljazeera_mellat-licence.png
Akbank,Turkey,Yes - Borsa Istanbul,AKBNK,"not converted; native 361.40B TRY (stockanalysis.com, 2026-10-06)",lead,2026-09,Listed-bank filings and press,Turkish listed bank in the jurisdiction where Treasury acted (Golden Global) and Bank Mellat Istanbul lost its licence; no bank-specific Iran evidence found in time box (annual reports/KAP not read),,https://www.aljazeera.com/economy/2026/9/19/turkiye-revokes-operating-licence-of-irans-bank-mellat,receipts/banks/listed-bank-filings/mcap_ist-AKBNK_stockanalysis.png; receipts/banks/listed-bank-filings/tr-2026-09-19_aljazeera_mellat-licence.png
Yapi Kredi,Turkey,Yes - Borsa Istanbul,YKBNK,"not converted; native 303.25B TRY (stockanalysis.com, 2026-10-06)",lead,2026-09,Listed-bank filings and press,Turkish listed bank in the jurisdiction where Treasury acted (Golden Global) and Bank Mellat Istanbul lost its licence; no bank-specific Iran evidence found in time box (annual reports/KAP not read),,https://www.aljazeera.com/economy/2026/9/19/turkiye-revokes-operating-licence-of-irans-bank-mellat,receipts/banks/listed-bank-filings/mcap_ist-YKBNK_stockanalysis.png; receipts/banks/listed-bank-filings/tr-2026-09-19_aljazeera_mellat-licence.png
QNB Turkey (QNB Bank A.S.),Turkey,Yes - Borsa Istanbul,QNBTR,"not converted; native 928.95B TRY (stockanalysis.com, 2026-10-06)",lead,2026-09,Listed-bank filings and press,Turkish listed bank in the jurisdiction where Treasury acted (Golden Global) and Bank Mellat Istanbul lost its licence; no bank-specific Iran evidence found in time box (annual reports/KAP not read),,https://www.aljazeera.com/economy/2026/9/19/turkiye-revokes-operating-licence-of-irans-bank-mellat,receipts/banks/listed-bank-filings/mcap_ist-QNBTR_stockanalysis.png; receipts/banks/listed-bank-filings/tr-2026-09-19_aljazeera_mellat-licence.png
Albaraka Turk,Turkey,Yes - Borsa Istanbul,ALBRK,"not converted; native 22.13B TRY (stockanalysis.com, 2026-10-06)",lead,2026-09,Listed-bank filings and press,Turkish listed bank in the jurisdiction where Treasury acted (Golden Global) and Bank Mellat Istanbul lost its licence; no bank-specific Iran evidence found in time box (annual reports/KAP not read),,https://www.aljazeera.com/economy/2026/9/19/turkiye-revokes-operating-licence-of-irans-bank-mellat,receipts/banks/listed-bank-filings/mcap_ist-ALBRK_stockanalysis.png; receipts/banks/listed-bank-filings/tr-2026-09-19_aljazeera_mellat-licence.png
TSKB,Turkey,Yes - Borsa Istanbul,TSKB,"not converted; native 27.92B TRY (stockanalysis.com, 2026-10-06)",lead,2026-09,Listed-bank filings and press,Turkish listed bank in the jurisdiction where Treasury acted (Golden Global) and Bank Mellat Istanbul lost its licence; no bank-specific Iran evidence found in time box (annual reports/KAP not read),,https://www.aljazeera.com/economy/2026/9/19/turkiye-revokes-operating-licence-of-irans-bank-mellat,receipts/banks/listed-bank-filings/mcap_ist-TSKB_stockanalysis.png; receipts/banks/listed-bank-filings/tr-2026-09-19_aljazeera_mellat-licence.png
ICBC Turkey,Turkey,Yes - Borsa Istanbul,ICBCT,"not converted; native 13.24B TRY (stockanalysis.com, 2026-10-06)",lead,2026-09,Listed-bank filings and press,Turkish listed bank in the jurisdiction where Treasury acted (Golden Global) and Bank Mellat Istanbul lost its licence; no bank-specific Iran evidence found in time box (annual reports/KAP not read),,https://www.aljazeera.com/economy/2026/9/19/turkiye-revokes-operating-licence-of-irans-bank-mellat,receipts/banks/listed-bank-filings/mcap_ist-ICBCT_stockanalysis.png; receipts/banks/listed-bank-filings/tr-2026-09-19_aljazeera_mellat-licence.png
Ziraat Bankasi,Turkey,No shares listed (Aktif: bonds only); not verified on KAP,,n/a,lead,,Listed-bank filings and press,Requested; not screened in time box,,,
Denizbank,Turkey,No shares listed (Aktif: bonds only); not verified on KAP,,n/a,lead,,Listed-bank filings and press,Requested; not screened in time box,,,
Kuveyt Turk,Turkey,No shares listed (Aktif: bonds only); not verified on KAP,,n/a,lead,,Listed-bank filings and press,Requested; not screened in time box,,,
Turkiye Finans,Turkey,No shares listed (Aktif: bonds only); not verified on KAP,,n/a,lead,,Listed-bank filings and press,Requested; not screened in time box,,,
Aktif Bank,Turkey,No shares listed (Aktif: bonds only); not verified on KAP,,n/a,lead,,Listed-bank filings and press,Requested; not screened in time box,,,
Emirates NBD,UAE,Yes - DFM,EMIRATESNBD,"not converted; native 194.55B AED (stockanalysis.com, 2026-10-06)",lead,2026-08,Listed-bank filings and press,UAE is Treasury's most common Iran-evasion jurisdiction; Banque Misr UAE proposed cut-off; Treasury sanctioned UAE exchange houses/fronts; UAE halted Iran transactions 2026-08-18/19. No bank-specific evidence found in time box,,https://home.treasury.gov/news/press-releases/sb0617,receipts/banks/listed-bank-filings/mcap_dfm-EMIRATESNBD_stockanalysis.png; receipts/banks/listed-bank-filings/uae-2026-08-21_fdd_uae-sanctions-evasion.png; receipts/banks/listed-bank-filings/uae-2026-08-24_winep_emirati-back-door.png
Mashreq,UAE,Yes - DFM,MASQ,"not converted; native 65.22B AED (stockanalysis.com, 2026-10-06)",lead,2026-08,Listed-bank filings and press,UAE is Treasury's most common Iran-evasion jurisdiction; Banque Misr UAE proposed cut-off; Treasury sanctioned UAE exchange houses/fronts; UAE halted Iran transactions 2026-08-18/19. No bank-specific evidence found in time box,,https://home.treasury.gov/news/press-releases/sb0617,receipts/banks/listed-bank-filings/mcap_dfm-MASQ_stockanalysis.png; receipts/banks/listed-bank-filings/uae-2026-08-21_fdd_uae-sanctions-evasion.png; receipts/banks/listed-bank-filings/uae-2026-08-24_winep_emirati-back-door.png
Dubai Islamic Bank,UAE,Yes - DFM,DIB,"not converted; native 52.32B AED (stockanalysis.com, 2026-10-06)",lead,2026-08,Listed-bank filings and press,UAE is Treasury's most common Iran-evasion jurisdiction; Banque Misr UAE proposed cut-off; Treasury sanctioned UAE exchange houses/fronts; UAE halted Iran transactions 2026-08-18/19. No bank-specific evidence found in time box,,https://home.treasury.gov/news/press-releases/sb0617,receipts/banks/listed-bank-filings/mcap_dfm-DIB_stockanalysis.png; receipts/banks/listed-bank-filings/uae-2026-08-21_fdd_uae-sanctions-evasion.png; receipts/banks/listed-bank-filings/uae-2026-08-24_winep_emirati-back-door.png
Commercial Bank of Dubai,UAE,Yes - DFM,CBD,"not converted; native 28.78B AED (stockanalysis.com, 2026-10-06)",lead,2026-08,Listed-bank filings and press,UAE is Treasury's most common Iran-evasion jurisdiction; Banque Misr UAE proposed cut-off; Treasury sanctioned UAE exchange houses/fronts; UAE halted Iran transactions 2026-08-18/19. No bank-specific evidence found in time box,,https://home.treasury.gov/news/press-releases/sb0617,receipts/banks/listed-bank-filings/mcap_dfm-CBD_stockanalysis.png; receipts/banks/listed-bank-filings/uae-2026-08-21_fdd_uae-sanctions-evasion.png; receipts/banks/listed-bank-filings/uae-2026-08-24_winep_emirati-back-door.png
ADCB,UAE,Yes - ADX,ADCB,"not converted; native 128.53B AED (stockanalysis.com, 2026-10-06)",lead,2026-08,Listed-bank filings and press,UAE is Treasury's most common Iran-evasion jurisdiction; Banque Misr UAE proposed cut-off; Treasury sanctioned UAE exchange houses/fronts; UAE halted Iran transactions 2026-08-18/19. No bank-specific evidence found in time box,,https://home.treasury.gov/news/press-releases/sb0617,receipts/banks/listed-bank-filings/mcap_adx-ADCB_stockanalysis.png; receipts/banks/listed-bank-filings/uae-2026-08-21_fdd_uae-sanctions-evasion.png; receipts/banks/listed-bank-filings/uae-2026-08-24_winep_emirati-back-door.png
First Abu Dhabi Bank,UAE,Yes - ADX,FAB,"not converted; native 211.23B AED (stockanalysis.com, 2026-10-06)",lead,2026-08,Listed-bank filings and press,UAE is Treasury's most common Iran-evasion jurisdiction; Banque Misr UAE proposed cut-off; Treasury sanctioned UAE exchange houses/fronts; UAE halted Iran transactions 2026-08-18/19. No bank-specific evidence found in time box,,https://home.treasury.gov/news/press-releases/sb0617,receipts/banks/listed-bank-filings/mcap_adx-FAB_stockanalysis.png; receipts/banks/listed-bank-filings/uae-2026-08-21_fdd_uae-sanctions-evasion.png; receipts/banks/listed-bank-filings/uae-2026-08-24_winep_emirati-back-door.png
Abu Dhabi Islamic Bank,UAE,Yes - ADX,ADIB,"not converted; native 84.99B AED (stockanalysis.com, 2026-10-06)",lead,2026-08,Listed-bank filings and press,UAE is Treasury's most common Iran-evasion jurisdiction; Banque Misr UAE proposed cut-off; Treasury sanctioned UAE exchange houses/fronts; UAE halted Iran transactions 2026-08-18/19. No bank-specific evidence found in time box,,https://home.treasury.gov/news/press-releases/sb0617,receipts/banks/listed-bank-filings/mcap_adx-ADIB_stockanalysis.png; receipts/banks/listed-bank-filings/uae-2026-08-21_fdd_uae-sanctions-evasion.png; receipts/banks/listed-bank-filings/uae-2026-08-24_winep_emirati-back-door.png
RAKBANK,UAE,Yes - ADX,RAKBANK,"not converted; native 20.11B AED (stockanalysis.com, 2026-10-06)",lead,2026-08,Listed-bank filings and press,UAE is Treasury's most common Iran-evasion jurisdiction; Banque Misr UAE proposed cut-off; Treasury sanctioned UAE exchange houses/fronts; UAE halted Iran transactions 2026-08-18/19. No bank-specific evidence found in time box,,https://home.treasury.gov/news/press-releases/sb0617,receipts/banks/listed-bank-filings/mcap_adx-RAKBANK_stockanalysis.png; receipts/banks/listed-bank-filings/uae-2026-08-21_fdd_uae-sanctions-evasion.png; receipts/banks/listed-bank-filings/uae-2026-08-24_winep_emirati-back-door.png
National Bank of Fujairah,UAE,Yes - ADX,NBF,"not converted; native 12.26B AED (stockanalysis.com, 2026-10-06)",lead,2026-08,Listed-bank filings and press,UAE is Treasury's most common Iran-evasion jurisdiction; Banque Misr UAE proposed cut-off; Treasury sanctioned UAE exchange houses/fronts; UAE halted Iran transactions 2026-08-18/19. No bank-specific evidence found in time box,,https://home.treasury.gov/news/press-releases/sb0617,receipts/banks/listed-bank-filings/mcap_adx-NBF_stockanalysis.png; receipts/banks/listed-bank-filings/uae-2026-08-21_fdd_uae-sanctions-evasion.png; receipts/banks/listed-bank-filings/uae-2026-08-24_winep_emirati-back-door.png
Al Ansari Financial Services (exchange house),UAE,Yes - DFM,ALANSARI,"not converted; native 7.13B AED (stockanalysis.com, 2026-10-06)",lead,2026-08,Listed-bank filings and press,UAE is Treasury's most common Iran-evasion jurisdiction; Banque Misr UAE proposed cut-off; Treasury sanctioned UAE exchange houses/fronts; UAE halted Iran transactions 2026-08-18/19. No bank-specific evidence found in time box,,https://home.treasury.gov/news/press-releases/sb0617,receipts/banks/listed-bank-filings/mcap_dfm-ALANSARI_stockanalysis.png; receipts/banks/listed-bank-filings/uae-2026-08-21_fdd_uae-sanctions-evasion.png; receipts/banks/listed-bank-filings/uae-2026-08-24_winep_emirati-back-door.png
Emirates Islamic,UAE,"Yes - DFM (thinly traded, ENBD subsidiary)",EIB,not captured,lead,,Listed-bank filings and press,Not screened in time box,,,
Bank Muscat,Oman,Yes - Muscat (MSX),BKMB,"not converted; native 3.19B OMR (stockanalysis.com, 2026-10-06)",lead,2026-08,Listed-bank filings and press,Oman named by Treasury with UAE and Iraq as Iran shadow-banking jurisdictions (per WINEP); no bank-specific evidence found,,,receipts/banks/listed-bank-filings/mcap_msm-BKMB_stockanalysis.png; receipts/banks/listed-bank-filings/uae-2026-08-24_winep_emirati-back-door.png
Sohar International,Oman,Yes - Muscat (MSX),BKSB,"not converted; native 1.48B OMR (stockanalysis.com, 2026-10-06)",lead,2026-08,Listed-bank filings and press,Oman named by Treasury with UAE and Iraq as Iran shadow-banking jurisdictions (per WINEP); no bank-specific evidence found,,,receipts/banks/listed-bank-filings/mcap_msm-BKSB_stockanalysis.png; receipts/banks/listed-bank-filings/uae-2026-08-24_winep_emirati-back-door.png
Kaspi.kz,Kazakhstan,"Yes - Nasdaq, AIX",KSPI,17.70B USD,lead,,Listed-bank filings and press,Requested; no Iran mention found in time box,,,receipts/banks/listed-bank-filings/mcap_nasdaq-KSPI_stockanalysis.png
Keremet Bank,Kyrgyzstan,No,,n/a,proven,2026-10-06,Listed-bank filings and press,Already US-sanctioned (Russia program); FDD links A7/Russia network with Iran; context only,,,receipts/banks/listed-bank-filings/ru-kg-2026-10-06_fdd_russian-shadow-banking.png
Halyk Bank,Kazakhstan,varies; not verified,,not captured,lead,,Listed-bank filings and press,Requested; not screened in the time box,,,
Bank of Georgia (Lion Finance),Georgia,varies; not verified,,not captured,lead,,Listed-bank filings and press,Requested; not screened in the time box,,,
TBC Bank,Georgia,varies; not verified,,not captured,lead,,Listed-bank filings and press,Requested; not screened in the time box,,,
"Armenian banks (Ameriabank, Ardshinbank etc.)",Armenia,varies; not verified,,not captured,lead,,Listed-bank filings and press,Requested; not screened in the time box,,,
"Qatar banks (QNB, etc.)",Qatar,varies; not verified,,not captured,lead,,Listed-bank filings and press,Requested; not screened in the time box,,,
Pakistan banks,Pakistan,varies; not verified,,not captured,lead,,Listed-bank filings and press,Requested; not screened in the time box,,,
Afghan banks,Afghanistan,varies; not verified,,not captured,lead,,Listed-bank filings and press,Requested; not screened in the time box,,,
Lebanese banks,Lebanon,varies; not verified,,not captured,lead,,Listed-bank filings and press,Requested; not screened in the time box,,,
Al Mustashar Islamic Bank,Iraq,ISX listing not verified (ISX site refused connection),,not captured,documented,2023-07-19,Listed-bank filings and press,"One of 14 Iraqi banks barred by the NY Fed from US-dollar transactions, July 2023 (press list; US did not publish names)",,,receipts/banks/listed-bank-filings/iraq-2023-07-19_shafaq_14-banks-names.png; receipts/banks/listed-bank-filings/iraq-2023-07-28_reuters_banks-challenge_wayback.png
Al Qurtas Islamic Bank,Iraq,ISX listing not verified (ISX site refused connection),,not captured,documented,2023-07-19,Listed-bank filings and press,"One of 14 Iraqi banks barred by the NY Fed from US-dollar transactions, July 2023 (press list; US did not publish names)",,,receipts/banks/listed-bank-filings/iraq-2023-07-19_shafaq_14-banks-names.png; receipts/banks/listed-bank-filings/iraq-2023-07-28_reuters_banks-challenge_wayback.png
Al Taif Islamic Bank,Iraq,ISX listing not verified (ISX site refused connection),,not captured,documented,2023-07-19,Listed-bank filings and press,"One of 14 Iraqi banks barred by the NY Fed from US-dollar transactions, July 2023 (press list; US did not publish names)",,,receipts/banks/listed-bank-filings/iraq-2023-07-19_shafaq_14-banks-names.png; receipts/banks/listed-bank-filings/iraq-2023-07-28_reuters_banks-challenge_wayback.png
Elaf Islamic Bank,Iraq,ISX listing not verified (ISX site refused connection),,not captured,documented,2023-07-19,Listed-bank filings and press,"One of 14 Iraqi banks barred by the NY Fed from US-dollar transactions, July 2023 (press list; US did not publish names)",,,receipts/banks/listed-bank-filings/iraq-2023-07-19_shafaq_14-banks-names.png; receipts/banks/listed-bank-filings/iraq-2023-07-28_reuters_banks-challenge_wayback.png
Erbil Bank,Iraq,ISX listing not verified (ISX site refused connection),,not captured,documented,2023-07-19,Listed-bank filings and press,"One of 14 Iraqi banks barred by the NY Fed from US-dollar transactions, July 2023 (press list; US did not publish names)",,,receipts/banks/listed-bank-filings/iraq-2023-07-19_shafaq_14-banks-names.png; receipts/banks/listed-bank-filings/iraq-2023-07-28_reuters_banks-challenge_wayback.png
International Islamic Bank,Iraq,ISX listing not verified (ISX site refused connection),,not captured,documented,2023-07-19,Listed-bank filings and press,"One of 14 Iraqi banks barred by the NY Fed from US-dollar transactions, July 2023 (press list; US did not publish names)",,,receipts/banks/listed-bank-filings/iraq-2023-07-19_shafaq_14-banks-names.png; receipts/banks/listed-bank-filings/iraq-2023-07-28_reuters_banks-challenge_wayback.png
Iraq Trans Bank,Iraq,ISX listing not verified (ISX site refused connection),,not captured,documented,2023-07-19,Listed-bank filings and press,"One of 14 Iraqi banks barred by the NY Fed from US-dollar transactions, July 2023 (press list; US did not publish names)",,,receipts/banks/listed-bank-filings/iraq-2023-07-19_shafaq_14-banks-names.png; receipts/banks/listed-bank-filings/iraq-2023-07-28_reuters_banks-challenge_wayback.png
Mosul Bank for Development and Investment,Iraq,ISX listing not verified (ISX site refused connection),,not captured,documented,2023-07-19,Listed-bank filings and press,"One of 14 Iraqi banks barred by the NY Fed from US-dollar transactions, July 2023 (press list; US did not publish names)",,,receipts/banks/listed-bank-filings/iraq-2023-07-19_shafaq_14-banks-names.png; receipts/banks/listed-bank-filings/iraq-2023-07-28_reuters_banks-challenge_wayback.png
Rajih Bank,Iraq,ISX listing not verified (ISX site refused connection),,not captured,documented,2023-07-19,Listed-bank filings and press,"One of 14 Iraqi banks barred by the NY Fed from US-dollar transactions, July 2023 (press list; US did not publish names)",,,receipts/banks/listed-bank-filings/iraq-2023-07-19_shafaq_14-banks-names.png; receipts/banks/listed-bank-filings/iraq-2023-07-28_reuters_banks-challenge_wayback.png
Sumer Commercial Bank,Iraq,ISX listing not verified (ISX site refused connection),,not captured,documented,2023-07-19,Listed-bank filings and press,"One of 14 Iraqi banks barred by the NY Fed from US-dollar transactions, July 2023 (press list; US did not publish names)",,,receipts/banks/listed-bank-filings/iraq-2023-07-19_shafaq_14-banks-names.png; receipts/banks/listed-bank-filings/iraq-2023-07-28_reuters_banks-challenge_wayback.png
Trust International Islamic Bank,Iraq,ISX listing not verified (ISX site refused connection),,not captured,documented,2023-07-19,Listed-bank filings and press,"One of 14 Iraqi banks barred by the NY Fed from US-dollar transactions, July 2023 (press list; US did not publish names)",,,receipts/banks/listed-bank-filings/iraq-2023-07-19_shafaq_14-banks-names.png; receipts/banks/listed-bank-filings/iraq-2023-07-28_reuters_banks-challenge_wayback.png
Ur Islamic Bank,Iraq,ISX listing not verified (ISX site refused connection),,not captured,documented,2023-07-19,Listed-bank filings and press,"One of 14 Iraqi banks barred by the NY Fed from US-dollar transactions, July 2023 (press list; US did not publish names)",,,receipts/banks/listed-bank-filings/iraq-2023-07-19_shafaq_14-banks-names.png; receipts/banks/listed-bank-filings/iraq-2023-07-28_reuters_banks-challenge_wayback.png
World Islamic Bank,Iraq,ISX listing not verified (ISX site refused connection),,not captured,documented,2023-07-19,Listed-bank filings and press,"One of 14 Iraqi banks barred by the NY Fed from US-dollar transactions, July 2023 (press list; US did not publish names)",,,receipts/banks/listed-bank-filings/iraq-2023-07-19_shafaq_14-banks-names.png; receipts/banks/listed-bank-filings/iraq-2023-07-28_reuters_banks-challenge_wayback.png
Zain Iraq Islamic Bank,Iraq,ISX listing not verified (ISX site refused connection),,not captured,documented,2023-07-19,Listed-bank filings and press,"One of 14 Iraqi banks barred by the NY Fed from US-dollar transactions, July 2023 (press list; US did not publish names)",,,receipts/banks/listed-bank-filings/iraq-2023-07-19_shafaq_14-banks-names.png; receipts/banks/listed-bank-filings/iraq-2023-07-28_reuters_banks-challenge_wayback.png
Ashur International Bank,Iraq,ISX listing not verified,,not captured,documented,2024-02-05,Listed-bank filings and press,"One of 8 Iraqi banks barred from US-dollar transactions, Feb 2024 (press list)",,,receipts/banks/listed-bank-filings/iraq-2024-02-05_newarab_8-banks.png
Investment Bank of Iraq,Iraq,ISX listing not verified,,not captured,documented,2024-02-05,Listed-bank filings and press,"One of 8 Iraqi banks barred from US-dollar transactions, Feb 2024 (press list)",,,receipts/banks/listed-bank-filings/iraq-2024-02-05_newarab_8-banks.png
Union Bank of Iraq,Iraq,ISX listing not verified,,not captured,documented,2024-02-05,Listed-bank filings and press,"One of 8 Iraqi banks barred from US-dollar transactions, Feb 2024 (press list)",,,receipts/banks/listed-bank-filings/iraq-2024-02-05_newarab_8-banks.png
Kurdistan International Islamic Bank,Iraq,ISX listing not verified,,not captured,documented,2024-02-05,Listed-bank filings and press,"One of 8 Iraqi banks barred from US-dollar transactions, Feb 2024 (press list)",,,receipts/banks/listed-bank-filings/iraq-2024-02-05_newarab_8-banks.png
Al Huda Bank,Iraq,ISX listing not verified,,not captured,documented,2024-02-05,Listed-bank filings and press,"One of 8 Iraqi banks barred from US-dollar transactions, Feb 2024 (press list)",,,receipts/banks/listed-bank-filings/iraq-2024-02-05_newarab_8-banks.png
Al Janoob Islamic Bank,Iraq,ISX listing not verified,,not captured,documented,2024-02-05,Listed-bank filings and press,"One of 8 Iraqi banks barred from US-dollar transactions, Feb 2024 (press list); owned/chaired by PM Al-Zaidi, still banned per Treasury Jul 2026",,,receipts/banks/listed-bank-filings/iraq-2024-02-05_newarab_8-banks.png; receipts/banks/listed-bank-filings/iraq-2026-07-22_thenational_rebuild-plan.png
Arabia Islamic Bank,Iraq,ISX listing not verified,,not captured,documented,2024-02-05,Listed-bank filings and press,"One of 8 Iraqi banks barred from US-dollar transactions, Feb 2024 (press list)",,,receipts/banks/listed-bank-filings/iraq-2024-02-05_newarab_8-banks.png
Hammurabi Commercial Bank,Iraq,ISX listing not verified,,not captured,documented,2024-02-05,Listed-bank filings and press,"One of 8 Iraqi banks barred from US-dollar transactions, Feb 2024 (press list)",,,receipts/banks/listed-bank-filings/iraq-2024-02-05_newarab_8-banks.png
Amin Iraq Islamic Bank,Iraq,ISX listing not verified,,not captured,documented,2025-02-18,Listed-bank filings and press,"One of 5 more Iraqi banks barred from USD, Feb 2025 (press list)",,,receipts/banks/listed-bank-filings/iraq-2025-02-18_iraqinews_5-banks.png
Misk Islamic Bank,Iraq,ISX listing not verified,,not captured,documented,2025-02-18,Listed-bank filings and press,"One of 5 more Iraqi banks barred from USD, Feb 2025 (press list)",,,receipts/banks/listed-bank-filings/iraq-2025-02-18_iraqinews_5-banks.png
Al-Mashreq Al-Arabi Islamic Bank,Iraq,ISX listing not verified,,not captured,documented,2025-02-18,Listed-bank filings and press,"One of 5 more Iraqi banks barred from USD, Feb 2025 (press list)",,,receipts/banks/listed-bank-filings/iraq-2025-02-18_iraqinews_5-banks.png
United Bank for Investment,Iraq,ISX listing not verified,,not captured,documented,2025-02-18,Listed-bank filings and press,"One of 5 more Iraqi banks barred from USD, Feb 2025 (press list)",,,receipts/banks/listed-bank-filings/iraq-2025-02-18_iraqinews_5-banks.png
Al Sanam Islamic Bank,Iraq,ISX listing not verified,,not captured,documented,2025-02-18,Listed-bank filings and press,"One of 5 more Iraqi banks barred from USD, Feb 2025 (press list)",,,receipts/banks/listed-bank-filings/iraq-2025-02-18_iraqinews_5-banks.png
