case,ticker,index,action_date,trading_day,date,pct_vs_index_from_day0
zte-2016,0763.HK,^HSI,2016-03-07,-60,2015-12-04,11.69
zte-2016,0763.HK,^HSI,2016-03-07,-59,2015-12-07,12.7
zte-2016,0763.HK,^HSI,2016-03-07,-58,2015-12-08,13.33
zte-2016,0763.HK,^HSI,2016-03-07,-57,2015-12-09,12.84
zte-2016,0763.HK,^HSI,2016-03-07,-56,2015-12-10,12.77
zte-2016,0763.HK,^HSI,2016-03-07,-55,2015-12-11,12.12
zte-2016,0763.HK,^HSI,2016-03-07,-54,2015-12-14,14.3
zte-2016,0763.HK,^HSI,2016-03-07,-53,2015-12-15,14.05
zte-2016,0763.HK,^HSI,2016-03-07,-52,2015-12-16,12.08
zte-2016,0763.HK,^HSI,2016-03-07,-51,2015-12-17,10.1
zte-2016,0763.HK,^HSI,2016-03-07,-50,2015-12-18,10.68
zte-2016,0763.HK,^HSI,2016-03-07,-49,2015-12-21,13.04
zte-2016,0763.HK,^HSI,2016-03-07,-48,2015-12-22,11.72
zte-2016,0763.HK,^HSI,2016-03-07,-47,2015-12-23,10.25
zte-2016,0763.HK,^HSI,2016-03-07,-46,2015-12-24,8.5
zte-2016,0763.HK,^HSI,2016-03-07,-45,2015-12-28,10.71
zte-2016,0763.HK,^HSI,2016-03-07,-44,2015-12-29,11.02
zte-2016,0763.HK,^HSI,2016-03-07,-43,2015-12-30,13.44
zte-2016,0763.HK,^HSI,2016-03-07,-42,2015-12-31,16.25
zte-2016,0763.HK,^HSI,2016-03-07,-41,2016-01-04,13.93
zte-2016,0763.HK,^HSI,2016-03-07,-40,2016-01-05,9.25
zte-2016,0763.HK,^HSI,2016-03-07,-39,2016-01-06,8.44
zte-2016,0763.HK,^HSI,2016-03-07,-38,2016-01-07,5.16
zte-2016,0763.HK,^HSI,2016-03-07,-37,2016-01-08,8.94
zte-2016,0763.HK,^HSI,2016-03-07,-36,2016-01-11,5.38
zte-2016,0763.HK,^HSI,2016-03-07,-35,2016-01-12,2.59
zte-2016,0763.HK,^HSI,2016-03-07,-34,2016-01-13,1.48
zte-2016,0763.HK,^HSI,2016-03-07,-33,2016-01-14,0.65
zte-2016,0763.HK,^HSI,2016-03-07,-32,2016-01-15,-0.85
zte-2016,0763.HK,^HSI,2016-03-07,-31,2016-01-18,-0.71
zte-2016,0763.HK,^HSI,2016-03-07,-30,2016-01-19,3.25
zte-2016,0763.HK,^HSI,2016-03-07,-29,2016-01-20,3.01
zte-2016,0763.HK,^HSI,2016-03-07,-28,2016-01-21,2.17
zte-2016,0763.HK,^HSI,2016-03-07,-27,2016-01-22,4.02
zte-2016,0763.HK,^HSI,2016-03-07,-26,2016-01-25,2.17
zte-2016,0763.HK,^HSI,2016-03-07,-25,2016-01-26,0.45
zte-2016,0763.HK,^HSI,2016-03-07,-24,2016-01-27,0.91
zte-2016,0763.HK,^HSI,2016-03-07,-23,2016-01-28,-1.07
zte-2016,0763.HK,^HSI,2016-03-07,-22,2016-01-29,1.18
zte-2016,0763.HK,^HSI,2016-03-07,-21,2016-02-01,1.75
zte-2016,0763.HK,^HSI,2016-03-07,-20,2016-02-02,-0.34
zte-2016,0763.HK,^HSI,2016-03-07,-19,2016-02-03,0.22
zte-2016,0763.HK,^HSI,2016-03-07,-18,2016-02-04,-1.15
zte-2016,0763.HK,^HSI,2016-03-07,-17,2016-02-05,-1.39
zte-2016,0763.HK,^HSI,2016-03-07,-16,2016-02-11,-2.09
zte-2016,0763.HK,^HSI,2016-03-07,-15,2016-02-12,-3.79
zte-2016,0763.HK,^HSI,2016-03-07,-14,2016-02-15,-2.38
zte-2016,0763.HK,^HSI,2016-03-07,-13,2016-02-16,-0.42
zte-2016,0763.HK,^HSI,2016-03-07,-12,2016-02-17,-0.01
zte-2016,0763.HK,^HSI,2016-03-07,-11,2016-02-18,2.48
zte-2016,0763.HK,^HSI,2016-03-07,-10,2016-02-19,2.3
zte-2016,0763.HK,^HSI,2016-03-07,-9,2016-02-22,0.0
zte-2016,0763.HK,^HSI,2016-03-07,-8,2016-02-23,-2.44
zte-2016,0763.HK,^HSI,2016-03-07,-7,2016-02-24,-2.18
zte-2016,0763.HK,^HSI,2016-03-07,-6,2016-02-25,-4.35
zte-2016,0763.HK,^HSI,2016-03-07,-5,2016-02-26,-4.31
zte-2016,0763.HK,^HSI,2016-03-07,-4,2016-02-29,-5.17
zte-2016,0763.HK,^HSI,2016-03-07,-3,2016-03-01,-4.94
zte-2016,0763.HK,^HSI,2016-03-07,-2,2016-03-02,-0.84
zte-2016,0763.HK,^HSI,2016-03-07,-1,2016-03-03,-2.23
zte-2016,0763.HK,^HSI,2016-03-07,0,2016-03-04,0.0
zte-2016,0763.HK,^HSI,2016-03-07,1,2016-04-07,-10.75
zte-2016,0763.HK,^HSI,2016-03-07,2,2016-04-08,-15.93
zte-2016,0763.HK,^HSI,2016-03-07,3,2016-04-11,-15.72
zte-2016,0763.HK,^HSI,2016-03-07,4,2016-04-12,-16.6
zte-2016,0763.HK,^HSI,2016-03-07,5,2016-04-13,-19.56
zte-2016,0763.HK,^HSI,2016-03-07,6,2016-04-14,-20.44
zte-2016,0763.HK,^HSI,2016-03-07,7,2016-04-15,-17.37
zte-2016,0763.HK,^HSI,2016-03-07,8,2016-04-18,-18.02
zte-2016,0763.HK,^HSI,2016-03-07,9,2016-04-19,-20.51
zte-2016,0763.HK,^HSI,2016-03-07,10,2016-04-20,-19.66
zte-2016,0763.HK,^HSI,2016-03-07,11,2016-04-21,-21.01
zte-2016,0763.HK,^HSI,2016-03-07,12,2016-04-22,-20.94
zte-2016,0763.HK,^HSI,2016-03-07,13,2016-04-25,-18.87
zte-2016,0763.HK,^HSI,2016-03-07,14,2016-04-26,-19.09
zte-2016,0763.HK,^HSI,2016-03-07,15,2016-04-27,-19.43
zte-2016,0763.HK,^HSI,2016-03-07,16,2016-04-28,-19.85
zte-2016,0763.HK,^HSI,2016-03-07,17,2016-04-29,-18.82
zte-2016,0763.HK,^HSI,2016-03-07,18,2016-05-03,-17.17
zte-2016,0763.HK,^HSI,2016-03-07,19,2016-05-04,-17.55
zte-2016,0763.HK,^HSI,2016-03-07,20,2016-05-05,-18.59
zte-2018,0763.HK,^HSI,2018-04-16,-60,2018-01-15,9.71
zte-2018,0763.HK,^HSI,2018-04-16,-59,2018-01-16,15.85
zte-2018,0763.HK,^HSI,2018-04-16,-58,2018-01-17,13.83
zte-2018,0763.HK,^HSI,2018-04-16,-57,2018-01-18,11.42
zte-2018,0763.HK,^HSI,2018-04-16,-56,2018-01-19,12.16
zte-2018,0763.HK,^HSI,2018-04-16,-55,2018-01-22,13.46
zte-2018,0763.HK,^HSI,2018-04-16,-54,2018-01-23,13.44
zte-2018,0763.HK,^HSI,2018-04-16,-53,2018-01-24,14.33
zte-2018,0763.HK,^HSI,2018-04-16,-52,2018-01-25,11.23
zte-2018,0763.HK,^HSI,2018-04-16,-51,2018-01-26,8.41
zte-2018,0763.HK,^HSI,2018-04-16,-50,2018-01-29,0.63
zte-2018,0763.HK,^HSI,2018-04-16,-49,2018-01-30,1.62
zte-2018,0763.HK,^HSI,2018-04-16,-48,2018-01-31,2.85
zte-2018,0763.HK,^HSI,2018-04-16,-47,2018-02-01,-3.96
zte-2018,0763.HK,^HSI,2018-04-16,-46,2018-02-02,0.27
zte-2018,0763.HK,^HSI,2018-04-16,-45,2018-02-05,-0.7
zte-2018,0763.HK,^HSI,2018-04-16,-44,2018-02-06,-0.92
zte-2018,0763.HK,^HSI,2018-04-16,-43,2018-02-07,-0.22
zte-2018,0763.HK,^HSI,2018-04-16,-42,2018-02-08,3.07
zte-2018,0763.HK,^HSI,2018-04-16,-41,2018-02-09,3.25
zte-2018,0763.HK,^HSI,2018-04-16,-40,2018-02-12,2.82
zte-2018,0763.HK,^HSI,2018-04-16,-39,2018-02-13,4.3
zte-2018,0763.HK,^HSI,2018-04-16,-38,2018-02-14,4.03
zte-2018,0763.HK,^HSI,2018-04-16,-37,2018-02-15,3.61
zte-2018,0763.HK,^HSI,2018-04-16,-36,2018-02-20,5.0
zte-2018,0763.HK,^HSI,2018-04-16,-35,2018-02-21,2.57
zte-2018,0763.HK,^HSI,2018-04-16,-34,2018-02-22,2.54
zte-2018,0763.HK,^HSI,2018-04-16,-33,2018-02-23,4.28
zte-2018,0763.HK,^HSI,2018-04-16,-32,2018-02-26,8.21
zte-2018,0763.HK,^HSI,2018-04-16,-31,2018-02-27,7.21
zte-2018,0763.HK,^HSI,2018-04-16,-30,2018-02-28,6.07
zte-2018,0763.HK,^HSI,2018-04-16,-29,2018-03-01,5.41
zte-2018,0763.HK,^HSI,2018-04-16,-28,2018-03-02,4.98
zte-2018,0763.HK,^HSI,2018-04-16,-27,2018-03-05,6.1
zte-2018,0763.HK,^HSI,2018-04-16,-26,2018-03-06,10.49
zte-2018,0763.HK,^HSI,2018-04-16,-25,2018-03-07,9.18
zte-2018,0763.HK,^HSI,2018-04-16,-24,2018-03-08,8.26
zte-2018,0763.HK,^HSI,2018-04-16,-23,2018-03-09,9.67
zte-2018,0763.HK,^HSI,2018-04-16,-22,2018-03-12,10.82
zte-2018,0763.HK,^HSI,2018-04-16,-21,2018-03-13,10.6
zte-2018,0763.HK,^HSI,2018-04-16,-20,2018-03-14,8.03
zte-2018,0763.HK,^HSI,2018-04-16,-19,2018-03-15,9.43
zte-2018,0763.HK,^HSI,2018-04-16,-18,2018-03-16,5.46
zte-2018,0763.HK,^HSI,2018-04-16,-17,2018-03-19,7.18
zte-2018,0763.HK,^HSI,2018-04-16,-16,2018-03-20,7.65
zte-2018,0763.HK,^HSI,2018-04-16,-15,2018-03-21,5.36
zte-2018,0763.HK,^HSI,2018-04-16,-14,2018-03-22,4.93
zte-2018,0763.HK,^HSI,2018-04-16,-13,2018-03-23,1.78
zte-2018,0763.HK,^HSI,2018-04-16,-12,2018-03-26,-0.38
zte-2018,0763.HK,^HSI,2018-04-16,-11,2018-03-27,2.92
zte-2018,0763.HK,^HSI,2018-04-16,-10,2018-03-28,0.38
zte-2018,0763.HK,^HSI,2018-04-16,-9,2018-03-29,0.54
zte-2018,0763.HK,^HSI,2018-04-16,-8,2018-04-03,1.81
zte-2018,0763.HK,^HSI,2018-04-16,-7,2018-04-04,1.65
zte-2018,0763.HK,^HSI,2018-04-16,-6,2018-04-06,-3.53
zte-2018,0763.HK,^HSI,2018-04-16,-5,2018-04-09,0.87
zte-2018,0763.HK,^HSI,2018-04-16,-4,2018-04-10,2.35
zte-2018,0763.HK,^HSI,2018-04-16,-3,2018-04-11,1.2
zte-2018,0763.HK,^HSI,2018-04-16,-2,2018-04-12,0.25
zte-2018,0763.HK,^HSI,2018-04-16,-1,2018-04-13,0.33
zte-2018,0763.HK,^HSI,2018-04-16,0,2018-04-16,0.0
zte-2018,0763.HK,^HSI,2018-04-16,1,2018-06-13,-42.91
zte-2018,0763.HK,^HSI,2018-04-16,2,2018-06-14,-42.6
zte-2018,0763.HK,^HSI,2018-04-16,3,2018-06-15,-48.81
zte-2018,0763.HK,^HSI,2018-04-16,4,2018-06-19,-58.73
zte-2018,0763.HK,^HSI,2018-04-16,5,2018-06-20,-51.78
zte-2018,0763.HK,^HSI,2018-04-16,6,2018-06-21,-50.93
zte-2018,0763.HK,^HSI,2018-04-16,7,2018-06-22,-50.45
zte-2018,0763.HK,^HSI,2018-04-16,8,2018-06-25,-49.91
zte-2018,0763.HK,^HSI,2018-04-16,9,2018-06-26,-47.61
zte-2018,0763.HK,^HSI,2018-04-16,10,2018-06-27,-47.52
zte-2018,0763.HK,^HSI,2018-04-16,11,2018-06-28,-47.83
zte-2018,0763.HK,^HSI,2018-04-16,12,2018-06-29,-48.95
zte-2018,0763.HK,^HSI,2018-04-16,13,2018-07-03,-44.08
zte-2018,0763.HK,^HSI,2018-04-16,14,2018-07-04,-44.8
zte-2018,0763.HK,^HSI,2018-04-16,15,2018-07-05,-45.23
zte-2018,0763.HK,^HSI,2018-04-16,16,2018-07-06,-43.79
zte-2018,0763.HK,^HSI,2018-04-16,17,2018-07-09,-45.88
zte-2018,0763.HK,^HSI,2018-04-16,18,2018-07-10,-48.52
zte-2018,0763.HK,^HSI,2018-04-16,19,2018-07-11,-49.87
zte-2018,0763.HK,^HSI,2018-04-16,20,2018-07-12,-39.49
cosco-shipping-energy-2019,1138.HK,^HSI,2019-09-25,-60,2019-07-03,-7.81
cosco-shipping-energy-2019,1138.HK,^HSI,2019-09-25,-59,2019-07-04,-7.35
cosco-shipping-energy-2019,1138.HK,^HSI,2019-09-25,-58,2019-07-05,-7.04
cosco-shipping-energy-2019,1138.HK,^HSI,2019-09-25,-57,2019-07-08,-9.65
cosco-shipping-energy-2019,1138.HK,^HSI,2019-09-25,-56,2019-07-09,-9.5
cosco-shipping-energy-2019,1138.HK,^HSI,2019-09-25,-55,2019-07-10,-8.71
cosco-shipping-energy-2019,1138.HK,^HSI,2019-09-25,-54,2019-07-11,-9.81
cosco-shipping-energy-2019,1138.HK,^HSI,2019-09-25,-53,2019-07-12,-11.1
cosco-shipping-energy-2019,1138.HK,^HSI,2019-09-25,-52,2019-07-15,-8.24
cosco-shipping-energy-2019,1138.HK,^HSI,2019-09-25,-51,2019-07-16,-5.99
cosco-shipping-energy-2019,1138.HK,^HSI,2019-09-25,-50,2019-07-17,-5.43
cosco-shipping-energy-2019,1138.HK,^HSI,2019-09-25,-49,2019-07-18,-6.52
cosco-shipping-energy-2019,1138.HK,^HSI,2019-09-25,-48,2019-07-19,-4.73
cosco-shipping-energy-2019,1138.HK,^HSI,2019-09-25,-47,2019-07-22,-4.12
cosco-shipping-energy-2019,1138.HK,^HSI,2019-09-25,-46,2019-07-23,-4.94
cosco-shipping-energy-2019,1138.HK,^HSI,2019-09-25,-45,2019-07-24,-5.62
cosco-shipping-energy-2019,1138.HK,^HSI,2019-09-25,-44,2019-07-25,-6.12
cosco-shipping-energy-2019,1138.HK,^HSI,2019-09-25,-43,2019-07-26,-7.18
cosco-shipping-energy-2019,1138.HK,^HSI,2019-09-25,-42,2019-07-29,-6.06
cosco-shipping-energy-2019,1138.HK,^HSI,2019-09-25,-41,2019-07-30,-6.21
cosco-shipping-energy-2019,1138.HK,^HSI,2019-09-25,-40,2019-07-31,-4.79
cosco-shipping-energy-2019,1138.HK,^HSI,2019-09-25,-39,2019-08-01,-5.34
cosco-shipping-energy-2019,1138.HK,^HSI,2019-09-25,-38,2019-08-02,-6.48
cosco-shipping-energy-2019,1138.HK,^HSI,2019-09-25,-37,2019-08-05,-9.88
cosco-shipping-energy-2019,1138.HK,^HSI,2019-09-25,-36,2019-08-06,-10.35
cosco-shipping-energy-2019,1138.HK,^HSI,2019-09-25,-35,2019-08-07,-7.02
cosco-shipping-energy-2019,1138.HK,^HSI,2019-09-25,-34,2019-08-08,-6.13
cosco-shipping-energy-2019,1138.HK,^HSI,2019-09-25,-33,2019-08-09,-7.25
cosco-shipping-energy-2019,1138.HK,^HSI,2019-09-25,-32,2019-08-12,-8.4
cosco-shipping-energy-2019,1138.HK,^HSI,2019-09-25,-31,2019-08-13,-7.67
cosco-shipping-energy-2019,1138.HK,^HSI,2019-09-25,-30,2019-08-14,-7.29
cosco-shipping-energy-2019,1138.HK,^HSI,2019-09-25,-29,2019-08-15,-9.63
cosco-shipping-energy-2019,1138.HK,^HSI,2019-09-25,-28,2019-08-16,-11.23
cosco-shipping-energy-2019,1138.HK,^HSI,2019-09-25,-27,2019-08-19,-11.56
cosco-shipping-energy-2019,1138.HK,^HSI,2019-09-25,-26,2019-08-20,-9.51
cosco-shipping-energy-2019,1138.HK,^HSI,2019-09-25,-25,2019-08-21,-6.93
cosco-shipping-energy-2019,1138.HK,^HSI,2019-09-25,-24,2019-08-22,-1.99
cosco-shipping-energy-2019,1138.HK,^HSI,2019-09-25,-23,2019-08-23,0.23
cosco-shipping-energy-2019,1138.HK,^HSI,2019-09-25,-22,2019-08-26,0.79
cosco-shipping-energy-2019,1138.HK,^HSI,2019-09-25,-21,2019-08-27,4.49
cosco-shipping-energy-2019,1138.HK,^HSI,2019-09-25,-20,2019-08-28,1.95
cosco-shipping-energy-2019,1138.HK,^HSI,2019-09-25,-19,2019-08-29,2.3
cosco-shipping-energy-2019,1138.HK,^HSI,2019-09-25,-18,2019-08-30,1.76
cosco-shipping-energy-2019,1138.HK,^HSI,2019-09-25,-17,2019-09-02,0.77
cosco-shipping-energy-2019,1138.HK,^HSI,2019-09-25,-16,2019-09-03,-2.71
cosco-shipping-energy-2019,1138.HK,^HSI,2019-09-25,-15,2019-09-04,-4.27
cosco-shipping-energy-2019,1138.HK,^HSI,2019-09-25,-14,2019-09-05,-4.02
cosco-shipping-energy-2019,1138.HK,^HSI,2019-09-25,-13,2019-09-06,-4.46
cosco-shipping-energy-2019,1138.HK,^HSI,2019-09-25,-12,2019-09-09,-4.43
cosco-shipping-energy-2019,1138.HK,^HSI,2019-09-25,-11,2019-09-10,-5.57
cosco-shipping-energy-2019,1138.HK,^HSI,2019-09-25,-10,2019-09-11,-6.95
cosco-shipping-energy-2019,1138.HK,^HSI,2019-09-25,-9,2019-09-12,-7.13
cosco-shipping-energy-2019,1138.HK,^HSI,2019-09-25,-8,2019-09-13,-6.33
cosco-shipping-energy-2019,1138.HK,^HSI,2019-09-25,-7,2019-09-16,-6.82
cosco-shipping-energy-2019,1138.HK,^HSI,2019-09-25,-6,2019-09-17,1.06
cosco-shipping-energy-2019,1138.HK,^HSI,2019-09-25,-5,2019-09-18,-0.62
cosco-shipping-energy-2019,1138.HK,^HSI,2019-09-25,-4,2019-09-19,-2.02
cosco-shipping-energy-2019,1138.HK,^HSI,2019-09-25,-3,2019-09-20,-3.94
cosco-shipping-energy-2019,1138.HK,^HSI,2019-09-25,-2,2019-09-23,-4.48
cosco-shipping-energy-2019,1138.HK,^HSI,2019-09-25,-1,2019-09-24,-6.07
cosco-shipping-energy-2019,1138.HK,^HSI,2019-09-25,0,2019-09-25,0.0
cosco-shipping-energy-2019,1138.HK,^HSI,2019-09-25,1,2019-09-30,-21.7
cosco-shipping-energy-2019,1138.HK,^HSI,2019-09-25,2,2019-10-02,-29.24
cosco-shipping-energy-2019,1138.HK,^HSI,2019-09-25,3,2019-10-03,-26.77
cosco-shipping-energy-2019,1138.HK,^HSI,2019-09-25,4,2019-10-04,-24.29
cosco-shipping-energy-2019,1138.HK,^HSI,2019-09-25,5,2019-10-08,-26.16
cosco-shipping-energy-2019,1138.HK,^HSI,2019-09-25,6,2019-10-09,-25.58
cosco-shipping-energy-2019,1138.HK,^HSI,2019-09-25,7,2019-10-10,-19.31
cosco-shipping-energy-2019,1138.HK,^HSI,2019-09-25,8,2019-10-11,-13.67
cosco-shipping-energy-2019,1138.HK,^HSI,2019-09-25,9,2019-10-14,-9.72
cosco-shipping-energy-2019,1138.HK,^HSI,2019-09-25,10,2019-10-15,-14.65
cosco-shipping-energy-2019,1138.HK,^HSI,2019-09-25,11,2019-10-16,-21.18
cosco-shipping-energy-2019,1138.HK,^HSI,2019-09-25,12,2019-10-17,-22.34
cosco-shipping-energy-2019,1138.HK,^HSI,2019-09-25,13,2019-10-18,-22.76
cosco-shipping-energy-2019,1138.HK,^HSI,2019-09-25,14,2019-10-21,-21.64
cosco-shipping-energy-2019,1138.HK,^HSI,2019-09-25,15,2019-10-22,-23.01
cosco-shipping-energy-2019,1138.HK,^HSI,2019-09-25,16,2019-10-23,-19.67
cosco-shipping-energy-2019,1138.HK,^HSI,2019-09-25,17,2019-10-24,-21.47
cosco-shipping-energy-2019,1138.HK,^HSI,2019-09-25,18,2019-10-25,-21.19
cosco-shipping-energy-2019,1138.HK,^HSI,2019-09-25,19,2019-10-28,-19.1
cosco-shipping-energy-2019,1138.HK,^HSI,2019-09-25,20,2019-10-29,-21.42
hengli-2026,600346.SS,000001.SS,2026-04-24,-60,2026-01-21,11.29
hengli-2026,600346.SS,000001.SS,2026-04-24,-59,2026-01-22,11.8
hengli-2026,600346.SS,000001.SS,2026-04-24,-58,2026-01-23,10.18
hengli-2026,600346.SS,000001.SS,2026-04-24,-57,2026-01-26,10.06
hengli-2026,600346.SS,000001.SS,2026-04-24,-56,2026-01-27,8.38
hengli-2026,600346.SS,000001.SS,2026-04-24,-55,2026-01-28,8.19
hengli-2026,600346.SS,000001.SS,2026-04-24,-54,2026-01-29,9.01
hengli-2026,600346.SS,000001.SS,2026-04-24,-53,2026-01-30,10.42
hengli-2026,600346.SS,000001.SS,2026-04-24,-52,2026-02-02,3.96
hengli-2026,600346.SS,000001.SS,2026-04-24,-51,2026-02-03,5.8
hengli-2026,600346.SS,000001.SS,2026-04-24,-50,2026-02-04,5.47
hengli-2026,600346.SS,000001.SS,2026-04-24,-49,2026-02-05,2.7
hengli-2026,600346.SS,000001.SS,2026-04-24,-48,2026-02-06,5.81
hengli-2026,600346.SS,000001.SS,2026-04-24,-47,2026-02-09,5.21
hengli-2026,600346.SS,000001.SS,2026-04-24,-46,2026-02-10,3.97
hengli-2026,600346.SS,000001.SS,2026-04-24,-45,2026-02-11,8.32
hengli-2026,600346.SS,000001.SS,2026-04-24,-44,2026-02-12,6.69
hengli-2026,600346.SS,000001.SS,2026-04-24,-43,2026-02-13,4.77
hengli-2026,600346.SS,000001.SS,2026-04-24,-42,2026-02-24,7.4
hengli-2026,600346.SS,000001.SS,2026-04-24,-41,2026-02-25,6.8
hengli-2026,600346.SS,000001.SS,2026-04-24,-40,2026-02-26,6.26
hengli-2026,600346.SS,000001.SS,2026-04-24,-39,2026-02-27,7.61
hengli-2026,600346.SS,000001.SS,2026-04-24,-38,2026-03-02,10.54
hengli-2026,600346.SS,000001.SS,2026-04-24,-37,2026-03-03,9.96
hengli-2026,600346.SS,000001.SS,2026-04-24,-36,2026-03-04,1.34
hengli-2026,600346.SS,000001.SS,2026-04-24,-35,2026-03-05,7.57
hengli-2026,600346.SS,000001.SS,2026-04-24,-34,2026-03-06,7.11
hengli-2026,600346.SS,000001.SS,2026-04-24,-33,2026-03-09,-2.8
hengli-2026,600346.SS,000001.SS,2026-04-24,-32,2026-03-10,-6.05
hengli-2026,600346.SS,000001.SS,2026-04-24,-31,2026-03-11,-7.46
hengli-2026,600346.SS,000001.SS,2026-04-24,-30,2026-03-12,-5.3
hengli-2026,600346.SS,000001.SS,2026-04-24,-29,2026-03-13,-2.43
hengli-2026,600346.SS,000001.SS,2026-04-24,-28,2026-03-16,-5.67
hengli-2026,600346.SS,000001.SS,2026-04-24,-27,2026-03-17,-5.19
hengli-2026,600346.SS,000001.SS,2026-04-24,-26,2026-03-18,-1.89
hengli-2026,600346.SS,000001.SS,2026-04-24,-25,2026-03-19,-7.42
hengli-2026,600346.SS,000001.SS,2026-04-24,-24,2026-03-20,-8.68
hengli-2026,600346.SS,000001.SS,2026-04-24,-23,2026-03-23,-6.99
hengli-2026,600346.SS,000001.SS,2026-04-24,-22,2026-03-24,-8.57
hengli-2026,600346.SS,000001.SS,2026-04-24,-21,2026-03-25,-4.65
hengli-2026,600346.SS,000001.SS,2026-04-24,-20,2026-03-26,-5.18
hengli-2026,600346.SS,000001.SS,2026-04-24,-19,2026-03-27,-4.8
hengli-2026,600346.SS,000001.SS,2026-04-24,-18,2026-03-30,-2.43
hengli-2026,600346.SS,000001.SS,2026-04-24,-17,2026-03-31,-3.03
hengli-2026,600346.SS,000001.SS,2026-04-24,-16,2026-04-01,-2.07
hengli-2026,600346.SS,000001.SS,2026-04-24,-15,2026-04-02,-1.05
hengli-2026,600346.SS,000001.SS,2026-04-24,-14,2026-04-03,-3.12
hengli-2026,600346.SS,000001.SS,2026-04-24,-13,2026-04-07,1.66
hengli-2026,600346.SS,000001.SS,2026-04-24,-12,2026-04-08,1.23
hengli-2026,600346.SS,000001.SS,2026-04-24,-11,2026-04-09,2.74
hengli-2026,600346.SS,000001.SS,2026-04-24,-10,2026-04-10,1.1
hengli-2026,600346.SS,000001.SS,2026-04-24,-9,2026-04-13,-3.44
hengli-2026,600346.SS,000001.SS,2026-04-24,-8,2026-04-14,-1.47
hengli-2026,600346.SS,000001.SS,2026-04-24,-7,2026-04-15,2.32
hengli-2026,600346.SS,000001.SS,2026-04-24,-6,2026-04-16,4.27
hengli-2026,600346.SS,000001.SS,2026-04-24,-5,2026-04-17,0.23
hengli-2026,600346.SS,000001.SS,2026-04-24,-4,2026-04-20,1.52
hengli-2026,600346.SS,000001.SS,2026-04-24,-3,2026-04-21,6.27
hengli-2026,600346.SS,000001.SS,2026-04-24,-2,2026-04-22,3.24
hengli-2026,600346.SS,000001.SS,2026-04-24,-1,2026-04-23,2.57
hengli-2026,600346.SS,000001.SS,2026-04-24,0,2026-04-24,0.0
hengli-2026,600346.SS,000001.SS,2026-04-24,1,2026-04-27,-10.14
hengli-2026,600346.SS,000001.SS,2026-04-24,2,2026-04-28,-7.99
hengli-2026,600346.SS,000001.SS,2026-04-24,3,2026-04-29,-5.88
hengli-2026,600346.SS,000001.SS,2026-04-24,4,2026-04-30,-6.55
hengli-2026,600346.SS,000001.SS,2026-04-24,5,2026-05-06,-4.48
hengli-2026,600346.SS,000001.SS,2026-04-24,6,2026-05-07,-6.81
hengli-2026,600346.SS,000001.SS,2026-04-24,7,2026-05-08,-6.93
hengli-2026,600346.SS,000001.SS,2026-04-24,8,2026-05-11,-7.35
hengli-2026,600346.SS,000001.SS,2026-04-24,9,2026-05-12,-6.84
hengli-2026,600346.SS,000001.SS,2026-04-24,10,2026-05-13,-7.7
hengli-2026,600346.SS,000001.SS,2026-04-24,11,2026-05-14,-7.99
hengli-2026,600346.SS,000001.SS,2026-04-24,12,2026-05-15,-11.39
hengli-2026,600346.SS,000001.SS,2026-04-24,13,2026-05-18,-13.77
hengli-2026,600346.SS,000001.SS,2026-04-24,14,2026-05-19,-16.7
hengli-2026,600346.SS,000001.SS,2026-04-24,15,2026-05-20,-17.25
hengli-2026,600346.SS,000001.SS,2026-04-24,16,2026-05-21,-19.09
hengli-2026,600346.SS,000001.SS,2026-04-24,17,2026-05-22,-21.76
hengli-2026,600346.SS,000001.SS,2026-04-24,18,2026-05-25,-22.98
hengli-2026,600346.SS,000001.SS,2026-04-24,19,2026-05-26,-21.87
hengli-2026,600346.SS,000001.SS,2026-04-24,20,2026-05-27,-25.04
halkbank-2017,HALKB.IS,XU100.IS,2017-03-28,-60,2017-01-03,-8.51
halkbank-2017,HALKB.IS,XU100.IS,2017-03-28,-59,2017-01-04,-9.06
halkbank-2017,HALKB.IS,XU100.IS,2017-03-28,-58,2017-01-05,-9.5
halkbank-2017,HALKB.IS,XU100.IS,2017-03-28,-57,2017-01-06,-9.3
halkbank-2017,HALKB.IS,XU100.IS,2017-03-28,-56,2017-01-09,-9.29
halkbank-2017,HALKB.IS,XU100.IS,2017-03-28,-55,2017-01-10,-8.29
halkbank-2017,HALKB.IS,XU100.IS,2017-03-28,-54,2017-01-11,-7.27
halkbank-2017,HALKB.IS,XU100.IS,2017-03-28,-53,2017-01-12,-2.88
halkbank-2017,HALKB.IS,XU100.IS,2017-03-28,-52,2017-01-13,-5.41
halkbank-2017,HALKB.IS,XU100.IS,2017-03-28,-51,2017-01-16,-4.79
halkbank-2017,HALKB.IS,XU100.IS,2017-03-28,-50,2017-01-17,-3.93
halkbank-2017,HALKB.IS,XU100.IS,2017-03-28,-49,2017-01-18,-2.57
halkbank-2017,HALKB.IS,XU100.IS,2017-03-28,-48,2017-01-19,-3.12
halkbank-2017,HALKB.IS,XU100.IS,2017-03-28,-47,2017-01-20,-3.47
halkbank-2017,HALKB.IS,XU100.IS,2017-03-28,-46,2017-01-23,-4.36
halkbank-2017,HALKB.IS,XU100.IS,2017-03-28,-45,2017-01-24,-4.24
halkbank-2017,HALKB.IS,XU100.IS,2017-03-28,-44,2017-01-25,-5.45
halkbank-2017,HALKB.IS,XU100.IS,2017-03-28,-43,2017-01-26,-4.98
halkbank-2017,HALKB.IS,XU100.IS,2017-03-28,-42,2017-01-27,-4.23
halkbank-2017,HALKB.IS,XU100.IS,2017-03-28,-41,2017-01-30,-0.77
halkbank-2017,HALKB.IS,XU100.IS,2017-03-28,-40,2017-01-31,-2.57
halkbank-2017,HALKB.IS,XU100.IS,2017-03-28,-39,2017-02-01,-1.36
halkbank-2017,HALKB.IS,XU100.IS,2017-03-28,-38,2017-02-02,-0.14
halkbank-2017,HALKB.IS,XU100.IS,2017-03-28,-37,2017-02-03,-0.58
halkbank-2017,HALKB.IS,XU100.IS,2017-03-28,-36,2017-02-06,-1.01
halkbank-2017,HALKB.IS,XU100.IS,2017-03-28,-35,2017-02-07,1.18
halkbank-2017,HALKB.IS,XU100.IS,2017-03-28,-34,2017-02-08,2.31
halkbank-2017,HALKB.IS,XU100.IS,2017-03-28,-33,2017-02-09,1.83
halkbank-2017,HALKB.IS,XU100.IS,2017-03-28,-32,2017-02-10,0.18
halkbank-2017,HALKB.IS,XU100.IS,2017-03-28,-31,2017-02-13,1.61
halkbank-2017,HALKB.IS,XU100.IS,2017-03-28,-30,2017-02-14,-3.89
halkbank-2017,HALKB.IS,XU100.IS,2017-03-28,-29,2017-02-15,-4.75
halkbank-2017,HALKB.IS,XU100.IS,2017-03-28,-28,2017-02-16,-3.92
halkbank-2017,HALKB.IS,XU100.IS,2017-03-28,-27,2017-02-17,-3.48
halkbank-2017,HALKB.IS,XU100.IS,2017-03-28,-26,2017-02-20,-4.37
halkbank-2017,HALKB.IS,XU100.IS,2017-03-28,-25,2017-02-21,-4.37
halkbank-2017,HALKB.IS,XU100.IS,2017-03-28,-24,2017-02-22,-3.97
halkbank-2017,HALKB.IS,XU100.IS,2017-03-28,-23,2017-02-23,-3.49
halkbank-2017,HALKB.IS,XU100.IS,2017-03-28,-22,2017-02-24,-3.75
halkbank-2017,HALKB.IS,XU100.IS,2017-03-28,-21,2017-02-27,-4.37
halkbank-2017,HALKB.IS,XU100.IS,2017-03-28,-20,2017-02-28,-3.55
halkbank-2017,HALKB.IS,XU100.IS,2017-03-28,-19,2017-03-01,-3.36
halkbank-2017,HALKB.IS,XU100.IS,2017-03-28,-18,2017-03-02,-3.95
halkbank-2017,HALKB.IS,XU100.IS,2017-03-28,-17,2017-03-03,-4.55
halkbank-2017,HALKB.IS,XU100.IS,2017-03-28,-16,2017-03-06,-5.19
halkbank-2017,HALKB.IS,XU100.IS,2017-03-28,-15,2017-03-07,-5.92
halkbank-2017,HALKB.IS,XU100.IS,2017-03-28,-14,2017-03-08,-7.93
halkbank-2017,HALKB.IS,XU100.IS,2017-03-28,-13,2017-03-09,-8.73
halkbank-2017,HALKB.IS,XU100.IS,2017-03-28,-12,2017-03-10,-7.66
halkbank-2017,HALKB.IS,XU100.IS,2017-03-28,-11,2017-03-13,-6.3
halkbank-2017,HALKB.IS,XU100.IS,2017-03-28,-10,2017-03-14,-7.55
halkbank-2017,HALKB.IS,XU100.IS,2017-03-28,-9,2017-03-15,-6.65
halkbank-2017,HALKB.IS,XU100.IS,2017-03-28,-8,2017-03-16,-6.65
halkbank-2017,HALKB.IS,XU100.IS,2017-03-28,-7,2017-03-17,-6.4
halkbank-2017,HALKB.IS,XU100.IS,2017-03-28,-6,2017-03-20,-6.69
halkbank-2017,HALKB.IS,XU100.IS,2017-03-28,-5,2017-03-21,-5.94
halkbank-2017,HALKB.IS,XU100.IS,2017-03-28,-4,2017-03-22,-6.8
halkbank-2017,HALKB.IS,XU100.IS,2017-03-28,-3,2017-03-23,-6.83
halkbank-2017,HALKB.IS,XU100.IS,2017-03-28,-2,2017-03-24,-6.03
halkbank-2017,HALKB.IS,XU100.IS,2017-03-28,-1,2017-03-27,-4.44
halkbank-2017,HALKB.IS,XU100.IS,2017-03-28,0,2017-03-28,0.0
halkbank-2017,HALKB.IS,XU100.IS,2017-03-28,1,2017-03-29,-13.25
halkbank-2017,HALKB.IS,XU100.IS,2017-03-28,2,2017-03-30,-14.01
halkbank-2017,HALKB.IS,XU100.IS,2017-03-28,3,2017-03-31,-12.64
halkbank-2017,HALKB.IS,XU100.IS,2017-03-28,4,2017-04-03,-12.75
halkbank-2017,HALKB.IS,XU100.IS,2017-03-28,5,2017-04-04,-12.52
halkbank-2017,HALKB.IS,XU100.IS,2017-03-28,6,2017-04-05,-12.74
halkbank-2017,HALKB.IS,XU100.IS,2017-03-28,7,2017-04-06,-11.85
halkbank-2017,HALKB.IS,XU100.IS,2017-03-28,8,2017-04-07,-12.39
halkbank-2017,HALKB.IS,XU100.IS,2017-03-28,9,2017-04-10,-11.95
halkbank-2017,HALKB.IS,XU100.IS,2017-03-28,10,2017-04-11,-10.17
halkbank-2017,HALKB.IS,XU100.IS,2017-03-28,11,2017-04-12,-8.57
halkbank-2017,HALKB.IS,XU100.IS,2017-03-28,12,2017-04-13,-9.02
halkbank-2017,HALKB.IS,XU100.IS,2017-03-28,13,2017-04-14,-7.58
halkbank-2017,HALKB.IS,XU100.IS,2017-03-28,14,2017-04-17,-7.32
halkbank-2017,HALKB.IS,XU100.IS,2017-03-28,15,2017-04-18,-7.04
halkbank-2017,HALKB.IS,XU100.IS,2017-03-28,16,2017-04-19,-6.08
halkbank-2017,HALKB.IS,XU100.IS,2017-03-28,17,2017-04-20,-3.72
halkbank-2017,HALKB.IS,XU100.IS,2017-03-28,18,2017-04-21,-5.06
halkbank-2017,HALKB.IS,XU100.IS,2017-03-28,19,2017-04-24,-5.01
halkbank-2017,HALKB.IS,XU100.IS,2017-03-28,20,2017-04-25,-5.02
standard-chartered-2012,STAN.L,^FTSE,2012-08-06,-60,2012-05-09,-1.77
standard-chartered-2012,STAN.L,^FTSE,2012-08-06,-59,2012-05-10,-1.77
standard-chartered-2012,STAN.L,^FTSE,2012-08-06,-58,2012-05-11,-2.92
standard-chartered-2012,STAN.L,^FTSE,2012-08-06,-57,2012-05-14,-1.06
standard-chartered-2012,STAN.L,^FTSE,2012-08-06,-56,2012-05-15,-1.47
standard-chartered-2012,STAN.L,^FTSE,2012-08-06,-55,2012-05-16,-0.26
standard-chartered-2012,STAN.L,^FTSE,2012-08-06,-54,2012-05-17,-2.28
standard-chartered-2012,STAN.L,^FTSE,2012-08-06,-53,2012-05-18,-3.17
standard-chartered-2012,STAN.L,^FTSE,2012-08-06,-52,2012-05-21,-0.94
standard-chartered-2012,STAN.L,^FTSE,2012-08-06,-51,2012-05-22,-0.33
standard-chartered-2012,STAN.L,^FTSE,2012-08-06,-50,2012-05-23,-1.44
standard-chartered-2012,STAN.L,^FTSE,2012-08-06,-49,2012-05-24,-1.15
standard-chartered-2012,STAN.L,^FTSE,2012-08-06,-48,2012-05-25,-1.86
standard-chartered-2012,STAN.L,^FTSE,2012-08-06,-47,2012-05-29,-2.47
standard-chartered-2012,STAN.L,^FTSE,2012-08-06,-46,2012-05-30,-2.49
standard-chartered-2012,STAN.L,^FTSE,2012-08-06,-45,2012-05-31,-2.55
standard-chartered-2012,STAN.L,^FTSE,2012-08-06,-44,2012-06-01,-2.7
standard-chartered-2012,STAN.L,^FTSE,2012-08-06,-43,2012-06-06,-0.99
standard-chartered-2012,STAN.L,^FTSE,2012-08-06,-42,2012-06-07,0.3
standard-chartered-2012,STAN.L,^FTSE,2012-08-06,-41,2012-06-08,-1.02
standard-chartered-2012,STAN.L,^FTSE,2012-08-06,-40,2012-06-11,-1.85
standard-chartered-2012,STAN.L,^FTSE,2012-08-06,-39,2012-06-12,-0.59
standard-chartered-2012,STAN.L,^FTSE,2012-08-06,-38,2012-06-13,-1.89
standard-chartered-2012,STAN.L,^FTSE,2012-08-06,-37,2012-06-14,-0.58
standard-chartered-2012,STAN.L,^FTSE,2012-08-06,-36,2012-06-15,0.41
standard-chartered-2012,STAN.L,^FTSE,2012-08-06,-35,2012-06-18,-1.44
standard-chartered-2012,STAN.L,^FTSE,2012-08-06,-34,2012-06-19,0.22
standard-chartered-2012,STAN.L,^FTSE,2012-08-06,-33,2012-06-20,1.14
standard-chartered-2012,STAN.L,^FTSE,2012-08-06,-32,2012-06-21,0.09
standard-chartered-2012,STAN.L,^FTSE,2012-08-06,-31,2012-06-22,-0.63
standard-chartered-2012,STAN.L,^FTSE,2012-08-06,-30,2012-06-25,-1.69
standard-chartered-2012,STAN.L,^FTSE,2012-08-06,-29,2012-06-26,-3.02
standard-chartered-2012,STAN.L,^FTSE,2012-08-06,-28,2012-06-27,-1.56
standard-chartered-2012,STAN.L,^FTSE,2012-08-06,-27,2012-06-28,-0.99
standard-chartered-2012,STAN.L,^FTSE,2012-08-06,-26,2012-06-29,-1.73
standard-chartered-2012,STAN.L,^FTSE,2012-08-06,-25,2012-07-02,-0.57
standard-chartered-2012,STAN.L,^FTSE,2012-08-06,-24,2012-07-03,0.55
standard-chartered-2012,STAN.L,^FTSE,2012-08-06,-23,2012-07-04,0.54
standard-chartered-2012,STAN.L,^FTSE,2012-08-06,-22,2012-07-05,-0.45
standard-chartered-2012,STAN.L,^FTSE,2012-08-06,-21,2012-07-06,-0.41
standard-chartered-2012,STAN.L,^FTSE,2012-08-06,-20,2012-07-09,-0.04
standard-chartered-2012,STAN.L,^FTSE,2012-08-06,-19,2012-07-10,1.16
standard-chartered-2012,STAN.L,^FTSE,2012-08-06,-18,2012-07-11,1.6
standard-chartered-2012,STAN.L,^FTSE,2012-08-06,-17,2012-07-12,1.75
standard-chartered-2012,STAN.L,^FTSE,2012-08-06,-16,2012-07-13,2.73
standard-chartered-2012,STAN.L,^FTSE,2012-08-06,-15,2012-07-16,2.52
standard-chartered-2012,STAN.L,^FTSE,2012-08-06,-14,2012-07-17,1.77
standard-chartered-2012,STAN.L,^FTSE,2012-08-06,-13,2012-07-18,3.14
standard-chartered-2012,STAN.L,^FTSE,2012-08-06,-12,2012-07-19,4.96
standard-chartered-2012,STAN.L,^FTSE,2012-08-06,-11,2012-07-20,4.23
standard-chartered-2012,STAN.L,^FTSE,2012-08-06,-10,2012-07-23,3.88
standard-chartered-2012,STAN.L,^FTSE,2012-08-06,-9,2012-07-24,2.54
standard-chartered-2012,STAN.L,^FTSE,2012-08-06,-8,2012-07-25,3.41
standard-chartered-2012,STAN.L,^FTSE,2012-08-06,-7,2012-07-26,3.82
standard-chartered-2012,STAN.L,^FTSE,2012-08-06,-6,2012-07-27,4.69
standard-chartered-2012,STAN.L,^FTSE,2012-08-06,-5,2012-07-30,4.4
standard-chartered-2012,STAN.L,^FTSE,2012-08-06,-4,2012-07-31,2.61
standard-chartered-2012,STAN.L,^FTSE,2012-08-06,-3,2012-08-01,4.88
standard-chartered-2012,STAN.L,^FTSE,2012-08-06,-2,2012-08-02,4.49
standard-chartered-2012,STAN.L,^FTSE,2012-08-06,-1,2012-08-03,6.97
standard-chartered-2012,STAN.L,^FTSE,2012-08-06,0,2012-08-06,0.0
standard-chartered-2012,STAN.L,^FTSE,2012-08-06,1,2012-08-07,-16.99
standard-chartered-2012,STAN.L,^FTSE,2012-08-06,2,2012-08-08,-11.15
standard-chartered-2012,STAN.L,^FTSE,2012-08-06,3,2012-08-09,-8.01
standard-chartered-2012,STAN.L,^FTSE,2012-08-06,4,2012-08-10,-10.42
standard-chartered-2012,STAN.L,^FTSE,2012-08-06,5,2012-08-13,-9.68
standard-chartered-2012,STAN.L,^FTSE,2012-08-06,6,2012-08-14,-7.77
standard-chartered-2012,STAN.L,^FTSE,2012-08-06,7,2012-08-15,-3.38
standard-chartered-2012,STAN.L,^FTSE,2012-08-06,8,2012-08-16,-3.95
standard-chartered-2012,STAN.L,^FTSE,2012-08-06,9,2012-08-17,-4.15
standard-chartered-2012,STAN.L,^FTSE,2012-08-06,10,2012-08-20,-5.06
standard-chartered-2012,STAN.L,^FTSE,2012-08-06,11,2012-08-21,-3.22
standard-chartered-2012,STAN.L,^FTSE,2012-08-06,12,2012-08-22,-3.96
standard-chartered-2012,STAN.L,^FTSE,2012-08-06,13,2012-08-23,-4.58
standard-chartered-2012,STAN.L,^FTSE,2012-08-06,14,2012-08-24,-3.32
standard-chartered-2012,STAN.L,^FTSE,2012-08-06,15,2012-08-28,-3.0
standard-chartered-2012,STAN.L,^FTSE,2012-08-06,16,2012-08-29,-3.23
standard-chartered-2012,STAN.L,^FTSE,2012-08-06,17,2012-08-30,-3.16
standard-chartered-2012,STAN.L,^FTSE,2012-08-06,18,2012-08-31,-3.67
standard-chartered-2012,STAN.L,^FTSE,2012-08-06,19,2012-09-03,-4.57
standard-chartered-2012,STAN.L,^FTSE,2012-08-06,20,2012-09-04,-4.86
