year,reporter,product_hs2,product,eur
2023,AT,TOTAL,All goods,160772087
2023,BE,TOTAL,All goods,306468243
2023,BG,TOTAL,All goods,124577924
2023,CY,TOTAL,All goods,10630704
2023,CZ,TOTAL,All goods,34903281
2023,DE,TOTAL,All goods,1201726958
2023,DK,TOTAL,All goods,46562128
2023,EA,TOTAL,All goods,3462880037
2023,EA21,TOTAL,All goods,3587457961
2023,EE,TOTAL,All goods,524416
2023,ES,TOTAL,All goods,214037020
2023,EU,TOTAL,All goods,3935697288
2023,EU27_2020,TOTAL,All goods,3935697288
2023,FI,TOTAL,All goods,1590080
2023,FR,TOTAL,All goods,282098691
2023,GR,TOTAL,All goods,19170092
2023,HR,TOTAL,All goods,13194385
2023,HU,TOTAL,All goods,34572918
2023,IE,TOTAL,All goods,47213087
2023,IT,TOTAL,All goods,597613667
2023,LT,TOTAL,All goods,2321881
2023,LU,TOTAL,All goods,329723
2023,LV,TOTAL,All goods,210289
2023,NL,TOTAL,All goods,547049412
2023,PL,TOTAL,All goods,35276564
2023,PT,TOTAL,All goods,2744378
2023,RO,TOTAL,All goods,184565589
2023,SE,TOTAL,All goods,12358847
2023,SI,TOTAL,All goods,48979680
2023,SK,TOTAL,All goods,6205244
2024,AT,TOTAL,All goods,118716428
2024,BE,TOTAL,All goods,300933467
2024,BG,TOTAL,All goods,134540546
2024,CY,TOTAL,All goods,218330
2024,CZ,TOTAL,All goods,22848089
2024,DE,TOTAL,All goods,1272773803
2024,DK,TOTAL,All goods,42354972
2024,EA,TOTAL,All goods,3332227421
2024,EA21,TOTAL,All goods,3466767967
2024,EE,TOTAL,All goods,402597
2024,ES,TOTAL,All goods,191731204
2024,EU,TOTAL,All goods,3709532751
2024,EU27_2020,TOTAL,All goods,3709532751
2024,FI,TOTAL,All goods,1732839
2024,FR,TOTAL,All goods,255004462
2024,GR,TOTAL,All goods,18153061
2024,HR,TOTAL,All goods,7036662
2024,HU,TOTAL,All goods,20627038
2024,IE,TOTAL,All goods,39937881
2024,IT,TOTAL,All goods,528497234
2024,LT,TOTAL,All goods,1952241
2024,LU,TOTAL,All goods,10630
2024,LV,TOTAL,All goods,30319
2024,MT,TOTAL,All goods,124300
2024,NL,TOTAL,All goods,545244734
2024,PL,TOTAL,All goods,31838718
2024,PT,TOTAL,All goods,2184568
2024,RO,TOTAL,All goods,117398724
2024,SE,TOTAL,All goods,7697243
2024,SI,TOTAL,All goods,41221617
2024,SK,TOTAL,All goods,6321044
2025,AT,TOTAL,All goods,109610124
2025,BE,TOTAL,All goods,191096697
2025,BG,TOTAL,All goods,102168500
2025,CY,TOTAL,All goods,948179
2025,CZ,TOTAL,All goods,26655624
2025,DE,TOTAL,All goods,961872792
2025,DK,TOTAL,All goods,47527415
2025,EA,TOTAL,All goods,2655083868
2025,EA21,TOTAL,All goods,2757252368
2025,EE,TOTAL,All goods,84092
2025,ES,TOTAL,All goods,123964755
2025,EU,TOTAL,All goods,2968564069
2025,EU27_2020,TOTAL,All goods,2968564069
2025,FI,TOTAL,All goods,2948385
2025,FR,TOTAL,All goods,231180931
2025,GR,TOTAL,All goods,13519145
2025,HR,TOTAL,All goods,2079516
2025,HU,TOTAL,All goods,16242822
2025,IE,TOTAL,All goods,9270706
2025,IT,TOTAL,All goods,446664765
2025,LT,TOTAL,All goods,635648
2025,NL,TOTAL,All goods,522298928
2025,PL,TOTAL,All goods,27982128
2025,PT,TOTAL,All goods,3775841
2025,RO,TOTAL,All goods,85000644
2025,SE,TOTAL,All goods,7903068
2025,SI,TOTAL,All goods,29619295
2025,SK,TOTAL,All goods,5514069
2025,DE,01,LIVE ANIMALS,621100
2025,DE,04,"DAIRY PRODUCE; BIRDS' EGGS; NATURAL HONEY; EDIBLE PRODUCTS OF ANIMAL ORIGIN, NOT ELSEWHERE SPECIFIED OR INCLUDED",657882
2025,DE,05,"PRODUCTS OF ANIMAL ORIGIN, NOT ELSEWHERE SPECIFIED OR INCLUDED",585892
2025,DE,06,"LIVE TREES AND OTHER PLANTS; BULBS, ROOTS AND THE LIKE; CUT FLOWERS AND ORNAMENTAL FOLIAGE",246360
2025,DE,07,EDIBLE VEGETABLES AND CERTAIN ROOTS AND TUBERS,372000
2025,DE,09,"COFFEE, TEA, MATE AND SPICES",35683
2025,DE,11,PRODUCTS OF THE MILLING INDUSTRY; MALT; STARCHES; INULIN; WHEAT GLUTEN,681500
2025,DE,12,"OIL SEEDS AND OLEAGINOUS FRUITS; MISCELLANEOUS GRAINS, SEEDS AND FRUIT; INDUSTRIAL OR MEDICINAL PLANTS; STRAW AND FODDER",23201076
2025,DE,13,"LAC; GUMS, RESINS AND OTHER VEGETABLE SAPS AND EXTRACTS",789846
2025,DE,15,ANIMAL OR VEGETABLE FATS AND OILS AND THEIR CLEAVAGE PRODUCTS; PREPARED EDIBLE FATS; ANIMAL OR VEGETABLE WAXES,2095626
2025,DE,17,SUGARS AND SUGAR CONFECTIONERY,663246
2025,DE,18,COCOA AND COCOA PREPARATIONS,6492860
2025,DE,19,"PREPARATIONS OF CEREALS, FLOUR, STARCH OR MILK; PASTRYCOOKS' PRODUCTS",1838420
2025,DE,20,"PREPARATIONS OF VEGETABLES, FRUIT, NUTS OR OTHER PARTS OF PLANTS",1316
2025,DE,21,MISCELLANEOUS EDIBLE PREPARATIONS,12767878
2025,DE,22,"BEVERAGES, SPIRITS AND VINEGAR",25628
2025,DE,23,RESIDUES AND WASTE FROM THE FOOD INDUSTRIES; PREPARED ANIMAL FODDER,1128985
2025,DE,24,TOBACCO AND MANUFACTURED TOBACCO SUBSTITUTES,42426075
2025,DE,25,"SALT; SULPHUR; EARTHS AND STONE; PLASTERING MATERIALS, LIME AND CEMENT",185885
2025,DE,27,"MINERAL FUELS, MINERAL OILS AND PRODUCTS OF THEIR DISTILLATION; BITUMINOUS SUBSTANCES; MINERAL WAXES",1140831
2025,DE,28,"INORGANIC CHEMICALS; ORGANIC OR INORGANIC COMPOUNDS OF PRECIOUS METALS, OF RARE-EARTH METALS, OF RADIOACTIVE ELEMENTS OR OF ISOTOPES",16311253
2025,DE,29,ORGANIC CHEMICALS,20052167
2025,DE,30,PHARMACEUTICAL PRODUCTS,217797836
2025,DE,31,FERTILISERS,4203951
2025,DE,32,"TANNING OR DYEING EXTRACTS; TANNINS AND THEIR DERIVATIVES; DYES, PIGMENTS AND OTHER COLOURING MATTER; PAINTS AND VARNISHES; PUTTY AND OTHER MASTICS; INKS",8949024
2025,DE,33,"ESSENTIAL OILS AND RESINOIDS; PERFUMERY, COSMETIC OR TOILET PREPARATIONS",18676818
2025,DE,34,"SOAP, ORGANIC SURFACE-ACTIVE AGENTS, WASHING PREPARATIONS, LUBRICATING PREPARATIONS, ARTIFICIAL WAXES, PREPARED WAXES, POLISHING OR SCOURING PREPARATIONS, CANDLES AND SIMILAR ARTICLES, MODELLING PASTES, ‘DENTAL WAXES’ AND DENTAL PREPARATIONS WITH A BASIS OF PLASTER",7346932
2025,DE,35,ALBUMINOIDAL SUBSTANCES; MODIFIED STARCHES; GLUES; ENZYMES,6034745
2025,DE,37,PHOTOGRAPHIC OR CINEMATOGRAPHIC GOODS,509663
2025,DE,38,MISCELLANEOUS CHEMICAL PRODUCTS,61788083
2025,DE,39,PLASTICS AND ARTICLES THEREOF,24054940
2025,DE,40,RUBBER AND ARTICLES THEREOF,5362933
2025,DE,42,"ARTICLES OF LEATHER; SADDLERY AND HARNESS; TRAVEL GOODS, HANDBAGS AND SIMILAR CONTAINERS; ARTICLES OF ANIMAL GUT (OTHER THAN SILKWORM GUT)",15358
2025,DE,44,WOOD AND ARTICLES OF WOOD; WOOD CHARCOAL,166505
2025,DE,47,PULP OF WOOD OR OF OTHER FIBROUS CELLULOSIC MATERIAL; RECOVERED (WASTE AND SCRAP) PAPER OR PAPERBOARD,222100
2025,DE,48,"PAPER AND PAPERBOARD; ARTICLES OF PAPER PULP, OF PAPER OR OF PAPERBOARD",4260719
2025,DE,49,"PRINTED BOOKS, NEWSPAPERS, PICTURES AND OTHER PRODUCTS OF THE PRINTING INDUSTRY; MANUSCRIPTS, TYPESCRIPTS AND PLANS",206441
2025,DE,52,COTTON,26000
2025,DE,54,MAN-MADE FILAMENTS; STRIP AND THE LIKE OF MAN-MADE TEXTILE MATERIALS,6865
2025,DE,55,MAN-MADE STAPLE FIBRES,1064251
2025,DE,56,"WADDING, FELT AND NONWOVENS; SPECIAL YARNS; TWINE, CORDAGE, ROPES AND CABLES AND ARTICLES THEREOF",377768
2025,DE,57,CARPETS AND OTHER TEXTILE FLOOR COVERINGS,955475
2025,DE,58,SPECIAL WOVEN FABRICS; TUFTED TEXTILE FABRICS; LACE; TAPESTRIES; TRIMMINGS; EMBROIDERY,592
2025,DE,59,"IMPREGNATED, COATED, COVERED OR LAMINATED TEXTILE FABRICS; TEXTILE ARTICLES OF A KIND SUITABLE FOR INDUSTRIAL USE",850398
2025,DE,61,"ARTICLES OF APPAREL AND CLOTHING ACCESSORIES, KNITTED OR CROCHETED",57946
2025,DE,62,"ARTICLES OF APPAREL AND CLOTHING ACCESSORIES, NOT KNITTED OR CROCHETED",57448
2025,DE,63,OTHER MADE-UP TEXTILE ARTICLES; SETS; WORN CLOTHING AND WORN TEXTILE ARTICLES; RAGS,256682
2025,DE,64,"FOOTWEAR, GAITERS AND THE LIKE; PARTS OF SUCH ARTICLES",48343
2025,DE,65,HEADGEAR AND PARTS THEREOF,89
2025,DE,68,"ARTICLES OF STONE, PLASTER, CEMENT, ASBESTOS, MICA OR SIMILAR MATERIALS",953476
2025,DE,69,CERAMIC PRODUCTS,5125300
2025,DE,70,GLASS AND GLASSWARE,1091720
2025,DE,71,"NATURAL OR CULTURED PEARLS, PRECIOUS OR SEMI-PRECIOUS STONES, PRECIOUS METALS, METALS CLAD WITH PRECIOUS METAL, AND ARTICLES THEREOF; IMITATION JEWELLERY; COIN",61675
2025,DE,72,IRON AND STEEL,1935870
2025,DE,73,ARTICLES OF IRON OR STEEL,4754061
2025,DE,74,COPPER AND ARTICLES THEREOF,190188
2025,DE,75,NICKEL AND ARTICLES THEREOF,342487
2025,DE,76,ALUMINIUM AND ARTICLES THEREOF,735525
2025,DE,78,LEAD AND ARTICLES THEREOF,900
2025,DE,80,TIN AND ARTICLES THEREOF,98829
2025,DE,81,OTHER BASE METALS; CERMETS; ARTICLES THEREOF,41189
2025,DE,82,"TOOLS, IMPLEMENTS, CUTLERY, SPOONS AND FORKS, OF BASE METAL; PARTS THEREOF OF BASE METAL",3908693
2025,DE,83,MISCELLANEOUS ARTICLES OF BASE METAL,1223557
2025,DE,84,"NUCLEAR REACTORS, BOILERS, MACHINERY AND MECHANICAL APPLIANCES; PARTS THEREOF",254013670
2025,DE,85,"ELECTRICAL MACHINERY AND EQUIPMENT AND PARTS THEREOF; SOUND RECORDERS AND REPRODUCERS, TELEVISION IMAGE AND SOUND RECORDERS AND REPRODUCERS, AND PARTS AND ACCESSORIES OF SUCH ARTICLES",64294577
2025,DE,86,"RAILWAY OR TRAMWAY LOCOMOTIVES, ROLLING STOCK AND PARTS THEREOF; RAILWAY OR TRAMWAY TRACK FIXTURES AND FITTINGS AND PARTS THEREOF; MECHANICAL (INCLUDING ELECTROMECHANICAL) TRAFFIC SIGNALLING EQUIPMENT OF ALL KINDS",124280
2025,DE,87,"VEHICLES OTHER THAN RAILWAY OR TRAMWAY ROLLING STOCK, AND PARTS AND ACCESSORIES THEREOF",3696057
2025,DE,88,"AIRCRAFT, SPACECRAFT, AND PARTS THEREOF",206332
2025,DE,90,"OPTICAL, PHOTOGRAPHIC, CINEMATOGRAPHIC, MEASURING, CHECKING, PRECISION, MEDICAL OR SURGICAL INSTRUMENTS AND APPARATUS; PARTS AND ACCESSORIES THEREOF",120957065
2025,DE,91,CLOCKS AND WATCHES AND PARTS THEREOF,513837
2025,DE,92,MUSICAL INSTRUMENTS; PARTS AND ACCESSORIES OF SUCH ARTICLES,34100
2025,DE,94,"FURNITURE; BEDDING, MATTRESSES, MATTRESS SUPPORTS, CUSHIONS AND SIMILAR STUFFED FURNISHINGS; LAMPS AND LIGHTING FITTINGS, NOT ELSEWHERE SPECIFIED OR INCLUDED; ILLUMINATED SIGNS, ILLUMINATED NAMEPLATES AND THE LIKE; PREFABRICATED BUILDINGS",522929
2025,DE,95,"TOYS, GAMES AND SPORTS REQUISITES; PARTS AND ACCESSORIES THEREOF",941831
2025,DE,96,MISCELLANEOUS MANUFACTURED ARTICLES,399707
2025,DE,97,"WORKS OF ART, COLLECTORS' PIECES AND ANTIQUES",46026
2025,DE,99,Other products,39497
2025,EU27_2020,01,LIVE ANIMALS,3448032
2025,EU27_2020,02,MEAT AND EDIBLE MEAT OFFAL,228659
2025,EU27_2020,03,"FISH AND CRUSTACEANS, MOLLUSCS AND OTHER AQUATIC INVERTEBRATES",229003
2025,EU27_2020,04,"DAIRY PRODUCE; BIRDS' EGGS; NATURAL HONEY; EDIBLE PRODUCTS OF ANIMAL ORIGIN, NOT ELSEWHERE SPECIFIED OR INCLUDED",18499249
2025,EU27_2020,05,"PRODUCTS OF ANIMAL ORIGIN, NOT ELSEWHERE SPECIFIED OR INCLUDED",4138301
2025,EU27_2020,06,"LIVE TREES AND OTHER PLANTS; BULBS, ROOTS AND THE LIKE; CUT FLOWERS AND ORNAMENTAL FOLIAGE",3941631
2025,EU27_2020,07,EDIBLE VEGETABLES AND CERTAIN ROOTS AND TUBERS,5801732
2025,EU27_2020,08,EDIBLE FRUIT AND NUTS; PEEL OF CITRUS FRUIT OR MELONS,137346
2025,EU27_2020,09,"COFFEE, TEA, MATE AND SPICES",2448937
2025,EU27_2020,10,CEREALS,80808633
2025,EU27_2020,11,PRODUCTS OF THE MILLING INDUSTRY; MALT; STARCHES; INULIN; WHEAT GLUTEN,1193208
2025,EU27_2020,12,"OIL SEEDS AND OLEAGINOUS FRUITS; MISCELLANEOUS GRAINS, SEEDS AND FRUIT; INDUSTRIAL OR MEDICINAL PLANTS; STRAW AND FODDER",105125131
2025,EU27_2020,13,"LAC; GUMS, RESINS AND OTHER VEGETABLE SAPS AND EXTRACTS",12267015
2025,EU27_2020,15,ANIMAL OR VEGETABLE FATS AND OILS AND THEIR CLEAVAGE PRODUCTS; PREPARED EDIBLE FATS; ANIMAL OR VEGETABLE WAXES,9162456
2025,EU27_2020,16,"PREPARATIONS OF MEAT, OF FISH OR OF CRUSTACEANS, MOLLUSCS OR OTHER AQUATIC INVERTEBRATES",129
2025,EU27_2020,17,SUGARS AND SUGAR CONFECTIONERY,16031887
2025,EU27_2020,18,COCOA AND COCOA PREPARATIONS,30305769
2025,EU27_2020,19,"PREPARATIONS OF CEREALS, FLOUR, STARCH OR MILK; PASTRYCOOKS' PRODUCTS",31501528
2025,EU27_2020,20,"PREPARATIONS OF VEGETABLES, FRUIT, NUTS OR OTHER PARTS OF PLANTS",6460173
2025,EU27_2020,21,MISCELLANEOUS EDIBLE PREPARATIONS,62303978
2025,EU27_2020,22,"BEVERAGES, SPIRITS AND VINEGAR",1695526
2025,EU27_2020,23,RESIDUES AND WASTE FROM THE FOOD INDUSTRIES; PREPARED ANIMAL FODDER,12136180
2025,EU27_2020,24,TOBACCO AND MANUFACTURED TOBACCO SUBSTITUTES,57316313
2025,EU27_2020,25,"SALT; SULPHUR; EARTHS AND STONE; PLASTERING MATERIALS, LIME AND CEMENT",6013543
2025,EU27_2020,26,"ORES, SLAG AND ASH",216450
2025,EU27_2020,27,"MINERAL FUELS, MINERAL OILS AND PRODUCTS OF THEIR DISTILLATION; BITUMINOUS SUBSTANCES; MINERAL WAXES",7784567
2025,EU27_2020,28,"INORGANIC CHEMICALS; ORGANIC OR INORGANIC COMPOUNDS OF PRECIOUS METALS, OF RARE-EARTH METALS, OF RADIOACTIVE ELEMENTS OR OF ISOTOPES",24466160
2025,EU27_2020,29,ORGANIC CHEMICALS,76605378
2025,EU27_2020,30,PHARMACEUTICAL PRODUCTS,640661857
2025,EU27_2020,31,FERTILISERS,27499446
2025,EU27_2020,32,"TANNING OR DYEING EXTRACTS; TANNINS AND THEIR DERIVATIVES; DYES, PIGMENTS AND OTHER COLOURING MATTER; PAINTS AND VARNISHES; PUTTY AND OTHER MASTICS; INKS",27251244
2025,EU27_2020,33,"ESSENTIAL OILS AND RESINOIDS; PERFUMERY, COSMETIC OR TOILET PREPARATIONS",75115415
2025,EU27_2020,34,"SOAP, ORGANIC SURFACE-ACTIVE AGENTS, WASHING PREPARATIONS, LUBRICATING PREPARATIONS, ARTIFICIAL WAXES, PREPARED WAXES, POLISHING OR SCOURING PREPARATIONS, CANDLES AND SIMILAR ARTICLES, MODELLING PASTES, ‘DENTAL WAXES’ AND DENTAL PREPARATIONS WITH A BASIS OF PLASTER",14920198
2025,EU27_2020,35,ALBUMINOIDAL SUBSTANCES; MODIFIED STARCHES; GLUES; ENZYMES,29001208
2025,EU27_2020,37,PHOTOGRAPHIC OR CINEMATOGRAPHIC GOODS,3791478
2025,EU27_2020,38,MISCELLANEOUS CHEMICAL PRODUCTS,136508644
2025,EU27_2020,39,PLASTICS AND ARTICLES THEREOF,52333875
2025,EU27_2020,40,RUBBER AND ARTICLES THEREOF,17151247
2025,EU27_2020,41,RAW HIDES AND SKINS (OTHER THAN FURSKINS) AND LEATHER,2120
2025,EU27_2020,42,"ARTICLES OF LEATHER; SADDLERY AND HARNESS; TRAVEL GOODS, HANDBAGS AND SIMILAR CONTAINERS; ARTICLES OF ANIMAL GUT (OTHER THAN SILKWORM GUT)",1112776
2025,EU27_2020,44,WOOD AND ARTICLES OF WOOD; WOOD CHARCOAL,1728788
2025,EU27_2020,45,CORK AND ARTICLES OF CORK,140457
2025,EU27_2020,46,"MANUFACTURES OF STRAW, OF ESPARTO OR OF OTHER PLAITING MATERIALS; BASKETWARE AND WICKERWORK",3776
2025,EU27_2020,47,PULP OF WOOD OR OF OTHER FIBROUS CELLULOSIC MATERIAL; RECOVERED (WASTE AND SCRAP) PAPER OR PAPERBOARD,227367
2025,EU27_2020,48,"PAPER AND PAPERBOARD; ARTICLES OF PAPER PULP, OF PAPER OR OF PAPERBOARD",23171597
2025,EU27_2020,49,"PRINTED BOOKS, NEWSPAPERS, PICTURES AND OTHER PRODUCTS OF THE PRINTING INDUSTRY; MANUSCRIPTS, TYPESCRIPTS AND PLANS",400659
2025,EU27_2020,51,"WOOL, FINE OR COARSE ANIMAL HAIR; HORSEHAIR YARN AND WOVEN FABRIC",910159
2025,EU27_2020,52,COTTON,117171
2025,EU27_2020,53,OTHER VEGETABLE TEXTILE FIBRES; PAPER YARN AND WOVEN FABRICS OF PAPER YARN,10063
2025,EU27_2020,54,MAN-MADE FILAMENTS; STRIP AND THE LIKE OF MAN-MADE TEXTILE MATERIALS,241473
2025,EU27_2020,55,MAN-MADE STAPLE FIBRES,1152543
2025,EU27_2020,56,"WADDING, FELT AND NONWOVENS; SPECIAL YARNS; TWINE, CORDAGE, ROPES AND CABLES AND ARTICLES THEREOF",827083
2025,EU27_2020,57,CARPETS AND OTHER TEXTILE FLOOR COVERINGS,1144163
2025,EU27_2020,58,SPECIAL WOVEN FABRICS; TUFTED TEXTILE FABRICS; LACE; TAPESTRIES; TRIMMINGS; EMBROIDERY,16962
2025,EU27_2020,59,"IMPREGNATED, COATED, COVERED OR LAMINATED TEXTILE FABRICS; TEXTILE ARTICLES OF A KIND SUITABLE FOR INDUSTRIAL USE",1671508
2025,EU27_2020,60,KNITTED OR CROCHETED FABRICS,7899
2025,EU27_2020,61,"ARTICLES OF APPAREL AND CLOTHING ACCESSORIES, KNITTED OR CROCHETED",318571
2025,EU27_2020,62,"ARTICLES OF APPAREL AND CLOTHING ACCESSORIES, NOT KNITTED OR CROCHETED",2376964
2025,EU27_2020,63,OTHER MADE-UP TEXTILE ARTICLES; SETS; WORN CLOTHING AND WORN TEXTILE ARTICLES; RAGS,352542
2025,EU27_2020,64,"FOOTWEAR, GAITERS AND THE LIKE; PARTS OF SUCH ARTICLES",2152888
2025,EU27_2020,65,HEADGEAR AND PARTS THEREOF,186305
2025,EU27_2020,67,PREPARED FEATHERS AND DOWN AND ARTICLES MADE OF FEATHERS OR OF DOWN; ARTIFICIAL FLOWERS; ARTICLES OF HUMAN HAIR,46
2025,EU27_2020,68,"ARTICLES OF STONE, PLASTER, CEMENT, ASBESTOS, MICA OR SIMILAR MATERIALS",6739900
2025,EU27_2020,69,CERAMIC PRODUCTS,18314307
2025,EU27_2020,70,GLASS AND GLASSWARE,4591506
2025,EU27_2020,71,"NATURAL OR CULTURED PEARLS, PRECIOUS OR SEMI-PRECIOUS STONES, PRECIOUS METALS, METALS CLAD WITH PRECIOUS METAL, AND ARTICLES THEREOF; IMITATION JEWELLERY; COIN",146095
2025,EU27_2020,72,IRON AND STEEL,4471392
2025,EU27_2020,73,ARTICLES OF IRON OR STEEL,16166271
2025,EU27_2020,74,COPPER AND ARTICLES THEREOF,600076
2025,EU27_2020,75,NICKEL AND ARTICLES THEREOF,7640828
2025,EU27_2020,76,ALUMINIUM AND ARTICLES THEREOF,1680455
2025,EU27_2020,78,LEAD AND ARTICLES THEREOF,900
2025,EU27_2020,80,TIN AND ARTICLES THEREOF,98967
2025,EU27_2020,81,OTHER BASE METALS; CERMETS; ARTICLES THEREOF,395531
2025,EU27_2020,82,"TOOLS, IMPLEMENTS, CUTLERY, SPOONS AND FORKS, OF BASE METAL; PARTS THEREOF OF BASE METAL",10246784
2025,EU27_2020,83,MISCELLANEOUS ARTICLES OF BASE METAL,2417898
2025,EU27_2020,84,"NUCLEAR REACTORS, BOILERS, MACHINERY AND MECHANICAL APPLIANCES; PARTS THEREOF",598582991
2025,EU27_2020,85,"ELECTRICAL MACHINERY AND EQUIPMENT AND PARTS THEREOF; SOUND RECORDERS AND REPRODUCERS, TELEVISION IMAGE AND SOUND RECORDERS AND REPRODUCERS, AND PARTS AND ACCESSORIES OF SUCH ARTICLES",109844506
2025,EU27_2020,86,"RAILWAY OR TRAMWAY LOCOMOTIVES, ROLLING STOCK AND PARTS THEREOF; RAILWAY OR TRAMWAY TRACK FIXTURES AND FITTINGS AND PARTS THEREOF; MECHANICAL (INCLUDING ELECTROMECHANICAL) TRAFFIC SIGNALLING EQUIPMENT OF ALL KINDS",1251517
2025,EU27_2020,87,"VEHICLES OTHER THAN RAILWAY OR TRAMWAY ROLLING STOCK, AND PARTS AND ACCESSORIES THEREOF",16418810
2025,EU27_2020,88,"AIRCRAFT, SPACECRAFT, AND PARTS THEREOF",1014959
2025,EU27_2020,89,"SHIPS, BOATS AND FLOATING STRUCTURES",154375
2025,EU27_2020,90,"OPTICAL, PHOTOGRAPHIC, CINEMATOGRAPHIC, MEASURING, CHECKING, PRECISION, MEDICAL OR SURGICAL INSTRUMENTS AND APPARATUS; PARTS AND ACCESSORIES THEREOF",483812308
2025,EU27_2020,91,CLOCKS AND WATCHES AND PARTS THEREOF,825559
2025,EU27_2020,92,MUSICAL INSTRUMENTS; PARTS AND ACCESSORIES OF SUCH ARTICLES,35102
2025,EU27_2020,93,ARMS AND AMMUNITION; PARTS AND ACCESSORIES THEREOF,70709
2025,EU27_2020,94,"FURNITURE; BEDDING, MATTRESSES, MATTRESS SUPPORTS, CUSHIONS AND SIMILAR STUFFED FURNISHINGS; LAMPS AND LIGHTING FITTINGS, NOT ELSEWHERE SPECIFIED OR INCLUDED; ILLUMINATED SIGNS, ILLUMINATED NAMEPLATES AND THE LIKE; PREFABRICATED BUILDINGS",3268458
2025,EU27_2020,95,"TOYS, GAMES AND SPORTS REQUISITES; PARTS AND ACCESSORIES THEREOF",1684976
2025,EU27_2020,96,MISCELLANEOUS MANUFACTURED ARTICLES,1066917
2025,EU27_2020,97,"WORKS OF ART, COLLECTORS' PIECES AND ANTIQUES",133422
2025,EU27_2020,99,Other products,274743
2025,IT,04,"DAIRY PRODUCE; BIRDS' EGGS; NATURAL HONEY; EDIBLE PRODUCTS OF ANIMAL ORIGIN, NOT ELSEWHERE SPECIFIED OR INCLUDED",10280
2025,IT,05,"PRODUCTS OF ANIMAL ORIGIN, NOT ELSEWHERE SPECIFIED OR INCLUDED",237912
2025,IT,07,EDIBLE VEGETABLES AND CERTAIN ROOTS AND TUBERS,402869
2025,IT,09,"COFFEE, TEA, MATE AND SPICES",1878119
2025,IT,10,CEREALS,113492
2025,IT,12,"OIL SEEDS AND OLEAGINOUS FRUITS; MISCELLANEOUS GRAINS, SEEDS AND FRUIT; INDUSTRIAL OR MEDICINAL PLANTS; STRAW AND FODDER",7025315
2025,IT,13,"LAC; GUMS, RESINS AND OTHER VEGETABLE SAPS AND EXTRACTS",844978
2025,IT,15,ANIMAL OR VEGETABLE FATS AND OILS AND THEIR CLEAVAGE PRODUCTS; PREPARED EDIBLE FATS; ANIMAL OR VEGETABLE WAXES,371555
2025,IT,17,SUGARS AND SUGAR CONFECTIONERY,151187
2025,IT,18,COCOA AND COCOA PREPARATIONS,1158122
2025,IT,19,"PREPARATIONS OF CEREALS, FLOUR, STARCH OR MILK; PASTRYCOOKS' PRODUCTS",40229
2025,IT,20,"PREPARATIONS OF VEGETABLES, FRUIT, NUTS OR OTHER PARTS OF PLANTS",29540
2025,IT,21,MISCELLANEOUS EDIBLE PREPARATIONS,2947339
2025,IT,22,"BEVERAGES, SPIRITS AND VINEGAR",62529
2025,IT,23,RESIDUES AND WASTE FROM THE FOOD INDUSTRIES; PREPARED ANIMAL FODDER,582778
2025,IT,25,"SALT; SULPHUR; EARTHS AND STONE; PLASTERING MATERIALS, LIME AND CEMENT",1877397
2025,IT,27,"MINERAL FUELS, MINERAL OILS AND PRODUCTS OF THEIR DISTILLATION; BITUMINOUS SUBSTANCES; MINERAL WAXES",547662
2025,IT,28,"INORGANIC CHEMICALS; ORGANIC OR INORGANIC COMPOUNDS OF PRECIOUS METALS, OF RARE-EARTH METALS, OF RADIOACTIVE ELEMENTS OR OF ISOTOPES",1322371
2025,IT,29,ORGANIC CHEMICALS,7805261
2025,IT,30,PHARMACEUTICAL PRODUCTS,66273142
2025,IT,31,FERTILISERS,3771642
2025,IT,32,"TANNING OR DYEING EXTRACTS; TANNINS AND THEIR DERIVATIVES; DYES, PIGMENTS AND OTHER COLOURING MATTER; PAINTS AND VARNISHES; PUTTY AND OTHER MASTICS; INKS",5914859
2025,IT,33,"ESSENTIAL OILS AND RESINOIDS; PERFUMERY, COSMETIC OR TOILET PREPARATIONS",5217824
2025,IT,34,"SOAP, ORGANIC SURFACE-ACTIVE AGENTS, WASHING PREPARATIONS, LUBRICATING PREPARATIONS, ARTIFICIAL WAXES, PREPARED WAXES, POLISHING OR SCOURING PREPARATIONS, CANDLES AND SIMILAR ARTICLES, MODELLING PASTES, ‘DENTAL WAXES’ AND DENTAL PREPARATIONS WITH A BASIS OF PLASTER",2742296
2025,IT,35,ALBUMINOIDAL SUBSTANCES; MODIFIED STARCHES; GLUES; ENZYMES,1902879
2025,IT,37,PHOTOGRAPHIC OR CINEMATOGRAPHIC GOODS,28850
2025,IT,38,MISCELLANEOUS CHEMICAL PRODUCTS,8666313
2025,IT,39,PLASTICS AND ARTICLES THEREOF,7787716
2025,IT,40,RUBBER AND ARTICLES THEREOF,5022374
2025,IT,41,RAW HIDES AND SKINS (OTHER THAN FURSKINS) AND LEATHER,2120
2025,IT,42,"ARTICLES OF LEATHER; SADDLERY AND HARNESS; TRAVEL GOODS, HANDBAGS AND SIMILAR CONTAINERS; ARTICLES OF ANIMAL GUT (OTHER THAN SILKWORM GUT)",706805
2025,IT,44,WOOD AND ARTICLES OF WOOD; WOOD CHARCOAL,587805
2025,IT,45,CORK AND ARTICLES OF CORK,140457
2025,IT,48,"PAPER AND PAPERBOARD; ARTICLES OF PAPER PULP, OF PAPER OR OF PAPERBOARD",1066566
2025,IT,49,"PRINTED BOOKS, NEWSPAPERS, PICTURES AND OTHER PRODUCTS OF THE PRINTING INDUSTRY; MANUSCRIPTS, TYPESCRIPTS AND PLANS",28579
2025,IT,51,"WOOL, FINE OR COARSE ANIMAL HAIR; HORSEHAIR YARN AND WOVEN FABRIC",910159
2025,IT,52,COTTON,76177
2025,IT,53,OTHER VEGETABLE TEXTILE FIBRES; PAPER YARN AND WOVEN FABRICS OF PAPER YARN,10063
2025,IT,54,MAN-MADE FILAMENTS; STRIP AND THE LIKE OF MAN-MADE TEXTILE MATERIALS,130306
2025,IT,55,MAN-MADE STAPLE FIBRES,13049
2025,IT,56,"WADDING, FELT AND NONWOVENS; SPECIAL YARNS; TWINE, CORDAGE, ROPES AND CABLES AND ARTICLES THEREOF",120544
2025,IT,57,CARPETS AND OTHER TEXTILE FLOOR COVERINGS,98616
2025,IT,58,SPECIAL WOVEN FABRICS; TUFTED TEXTILE FABRICS; LACE; TAPESTRIES; TRIMMINGS; EMBROIDERY,16370
2025,IT,59,"IMPREGNATED, COATED, COVERED OR LAMINATED TEXTILE FABRICS; TEXTILE ARTICLES OF A KIND SUITABLE FOR INDUSTRIAL USE",403701
2025,IT,60,KNITTED OR CROCHETED FABRICS,5802
2025,IT,61,"ARTICLES OF APPAREL AND CLOTHING ACCESSORIES, KNITTED OR CROCHETED",107113
2025,IT,62,"ARTICLES OF APPAREL AND CLOTHING ACCESSORIES, NOT KNITTED OR CROCHETED",2041034
2025,IT,63,OTHER MADE-UP TEXTILE ARTICLES; SETS; WORN CLOTHING AND WORN TEXTILE ARTICLES; RAGS,44297
2025,IT,64,"FOOTWEAR, GAITERS AND THE LIKE; PARTS OF SUCH ARTICLES",1826181
2025,IT,65,HEADGEAR AND PARTS THEREOF,114597
2025,IT,68,"ARTICLES OF STONE, PLASTER, CEMENT, ASBESTOS, MICA OR SIMILAR MATERIALS",2051528
2025,IT,69,CERAMIC PRODUCTS,12049382
2025,IT,70,GLASS AND GLASSWARE,1089638
2025,IT,71,"NATURAL OR CULTURED PEARLS, PRECIOUS OR SEMI-PRECIOUS STONES, PRECIOUS METALS, METALS CLAD WITH PRECIOUS METAL, AND ARTICLES THEREOF; IMITATION JEWELLERY; COIN",67891
2025,IT,72,IRON AND STEEL,1832146
2025,IT,73,ARTICLES OF IRON OR STEEL,9433912
2025,IT,74,COPPER AND ARTICLES THEREOF,356177
2025,IT,75,NICKEL AND ARTICLES THEREOF,5821617
2025,IT,76,ALUMINIUM AND ARTICLES THEREOF,228655
2025,IT,81,OTHER BASE METALS; CERMETS; ARTICLES THEREOF,336775
2025,IT,82,"TOOLS, IMPLEMENTS, CUTLERY, SPOONS AND FORKS, OF BASE METAL; PARTS THEREOF OF BASE METAL",2729518
2025,IT,83,MISCELLANEOUS ARTICLES OF BASE METAL,830613
2025,IT,84,"NUCLEAR REACTORS, BOILERS, MACHINERY AND MECHANICAL APPLIANCES; PARTS THEREOF",196893151
2025,IT,85,"ELECTRICAL MACHINERY AND EQUIPMENT AND PARTS THEREOF; SOUND RECORDERS AND REPRODUCERS, TELEVISION IMAGE AND SOUND RECORDERS AND REPRODUCERS, AND PARTS AND ACCESSORIES OF SUCH ARTICLES",20255362
2025,IT,86,"RAILWAY OR TRAMWAY LOCOMOTIVES, ROLLING STOCK AND PARTS THEREOF; RAILWAY OR TRAMWAY TRACK FIXTURES AND FITTINGS AND PARTS THEREOF; MECHANICAL (INCLUDING ELECTROMECHANICAL) TRAFFIC SIGNALLING EQUIPMENT OF ALL KINDS",208324
2025,IT,87,"VEHICLES OTHER THAN RAILWAY OR TRAMWAY ROLLING STOCK, AND PARTS AND ACCESSORIES THEREOF",1408191
2025,IT,89,"SHIPS, BOATS AND FLOATING STRUCTURES",10372
2025,IT,90,"OPTICAL, PHOTOGRAPHIC, CINEMATOGRAPHIC, MEASURING, CHECKING, PRECISION, MEDICAL OR SURGICAL INSTRUMENTS AND APPARATUS; PARTS AND ACCESSORIES THEREOF",44255440
2025,IT,91,CLOCKS AND WATCHES AND PARTS THEREOF,241074
2025,IT,92,MUSICAL INSTRUMENTS; PARTS AND ACCESSORIES OF SUCH ARTICLES,1002
2025,IT,94,"FURNITURE; BEDDING, MATTRESSES, MATTRESS SUPPORTS, CUSHIONS AND SIMILAR STUFFED FURNISHINGS; LAMPS AND LIGHTING FITTINGS, NOT ELSEWHERE SPECIFIED OR INCLUDED; ILLUMINATED SIGNS, ILLUMINATED NAMEPLATES AND THE LIKE; PREFABRICATED BUILDINGS",1655111
2025,IT,95,"TOYS, GAMES AND SPORTS REQUISITES; PARTS AND ACCESSORIES THEREOF",383697
2025,IT,96,MISCELLANEOUS MANUFACTURED ARTICLES,162604
2025,NL,01,LIVE ANIMALS,585810
2025,NL,04,"DAIRY PRODUCE; BIRDS' EGGS; NATURAL HONEY; EDIBLE PRODUCTS OF ANIMAL ORIGIN, NOT ELSEWHERE SPECIFIED OR INCLUDED",17134351
2025,NL,06,"LIVE TREES AND OTHER PLANTS; BULBS, ROOTS AND THE LIKE; CUT FLOWERS AND ORNAMENTAL FOLIAGE",3695271
2025,NL,07,EDIBLE VEGETABLES AND CERTAIN ROOTS AND TUBERS,1461300
2025,NL,08,EDIBLE FRUIT AND NUTS; PEEL OF CITRUS FRUIT OR MELONS,137288
2025,NL,09,"COFFEE, TEA, MATE AND SPICES",601
2025,NL,11,PRODUCTS OF THE MILLING INDUSTRY; MALT; STARCHES; INULIN; WHEAT GLUTEN,333650
2025,NL,12,"OIL SEEDS AND OLEAGINOUS FRUITS; MISCELLANEOUS GRAINS, SEEDS AND FRUIT; INDUSTRIAL OR MEDICINAL PLANTS; STRAW AND FODDER",52906399
2025,NL,13,"LAC; GUMS, RESINS AND OTHER VEGETABLE SAPS AND EXTRACTS",6080
2025,NL,15,ANIMAL OR VEGETABLE FATS AND OILS AND THEIR CLEAVAGE PRODUCTS; PREPARED EDIBLE FATS; ANIMAL OR VEGETABLE WAXES,1511471
2025,NL,17,SUGARS AND SUGAR CONFECTIONERY,12675726
2025,NL,18,COCOA AND COCOA PREPARATIONS,12251404
2025,NL,19,"PREPARATIONS OF CEREALS, FLOUR, STARCH OR MILK; PASTRYCOOKS' PRODUCTS",9926959
2025,NL,21,MISCELLANEOUS EDIBLE PREPARATIONS,27427540
2025,NL,23,RESIDUES AND WASTE FROM THE FOOD INDUSTRIES; PREPARED ANIMAL FODDER,904909
2025,NL,25,"SALT; SULPHUR; EARTHS AND STONE; PLASTERING MATERIALS, LIME AND CEMENT",159
2025,NL,27,"MINERAL FUELS, MINERAL OILS AND PRODUCTS OF THEIR DISTILLATION; BITUMINOUS SUBSTANCES; MINERAL WAXES",3925225
2025,NL,28,"INORGANIC CHEMICALS; ORGANIC OR INORGANIC COMPOUNDS OF PRECIOUS METALS, OF RARE-EARTH METALS, OF RADIOACTIVE ELEMENTS OR OF ISOTOPES",1094299
2025,NL,29,ORGANIC CHEMICALS,8464989
2025,NL,30,PHARMACEUTICAL PRODUCTS,108094015
2025,NL,32,"TANNING OR DYEING EXTRACTS; TANNINS AND THEIR DERIVATIVES; DYES, PIGMENTS AND OTHER COLOURING MATTER; PAINTS AND VARNISHES; PUTTY AND OTHER MASTICS; INKS",1877412
2025,NL,33,"ESSENTIAL OILS AND RESINOIDS; PERFUMERY, COSMETIC OR TOILET PREPARATIONS",23365430
2025,NL,34,"SOAP, ORGANIC SURFACE-ACTIVE AGENTS, WASHING PREPARATIONS, LUBRICATING PREPARATIONS, ARTIFICIAL WAXES, PREPARED WAXES, POLISHING OR SCOURING PREPARATIONS, CANDLES AND SIMILAR ARTICLES, MODELLING PASTES, ‘DENTAL WAXES’ AND DENTAL PREPARATIONS WITH A BASIS OF PLASTER",60438
2025,NL,35,ALBUMINOIDAL SUBSTANCES; MODIFIED STARCHES; GLUES; ENZYMES,8330019
2025,NL,37,PHOTOGRAPHIC OR CINEMATOGRAPHIC GOODS,140656
2025,NL,38,MISCELLANEOUS CHEMICAL PRODUCTS,18748888
2025,NL,39,PLASTICS AND ARTICLES THEREOF,986084
2025,NL,40,RUBBER AND ARTICLES THEREOF,6269
2025,NL,42,"ARTICLES OF LEATHER; SADDLERY AND HARNESS; TRAVEL GOODS, HANDBAGS AND SIMILAR CONTAINERS; ARTICLES OF ANIMAL GUT (OTHER THAN SILKWORM GUT)",21758
2025,NL,44,WOOD AND ARTICLES OF WOOD; WOOD CHARCOAL,268
2025,NL,48,"PAPER AND PAPERBOARD; ARTICLES OF PAPER PULP, OF PAPER OR OF PAPERBOARD",122
2025,NL,49,"PRINTED BOOKS, NEWSPAPERS, PICTURES AND OTHER PRODUCTS OF THE PRINTING INDUSTRY; MANUSCRIPTS, TYPESCRIPTS AND PLANS",418
2025,NL,52,COTTON,14994
2025,NL,55,MAN-MADE STAPLE FIBRES,15043
2025,NL,56,"WADDING, FELT AND NONWOVENS; SPECIAL YARNS; TWINE, CORDAGE, ROPES AND CABLES AND ARTICLES THEREOF",43546
2025,NL,61,"ARTICLES OF APPAREL AND CLOTHING ACCESSORIES, KNITTED OR CROCHETED",9
2025,NL,62,"ARTICLES OF APPAREL AND CLOTHING ACCESSORIES, NOT KNITTED OR CROCHETED",2469
2025,NL,63,OTHER MADE-UP TEXTILE ARTICLES; SETS; WORN CLOTHING AND WORN TEXTILE ARTICLES; RAGS,189
2025,NL,64,"FOOTWEAR, GAITERS AND THE LIKE; PARTS OF SUCH ARTICLES",576
2025,NL,65,HEADGEAR AND PARTS THEREOF,487
2025,NL,67,PREPARED FEATHERS AND DOWN AND ARTICLES MADE OF FEATHERS OR OF DOWN; ARTIFICIAL FLOWERS; ARTICLES OF HUMAN HAIR,46
2025,NL,68,"ARTICLES OF STONE, PLASTER, CEMENT, ASBESTOS, MICA OR SIMILAR MATERIALS",1170
2025,NL,69,CERAMIC PRODUCTS,8504
2025,NL,70,GLASS AND GLASSWARE,214415
2025,NL,73,ARTICLES OF IRON OR STEEL,50483
2025,NL,74,COPPER AND ARTICLES THEREOF,2748
2025,NL,75,NICKEL AND ARTICLES THEREOF,279
2025,NL,76,ALUMINIUM AND ARTICLES THEREOF,15587
2025,NL,82,"TOOLS, IMPLEMENTS, CUTLERY, SPOONS AND FORKS, OF BASE METAL; PARTS THEREOF OF BASE METAL",28421
2025,NL,83,MISCELLANEOUS ARTICLES OF BASE METAL,2617
2025,NL,84,"NUCLEAR REACTORS, BOILERS, MACHINERY AND MECHANICAL APPLIANCES; PARTS THEREOF",4697951
2025,NL,85,"ELECTRICAL MACHINERY AND EQUIPMENT AND PARTS THEREOF; SOUND RECORDERS AND REPRODUCERS, TELEVISION IMAGE AND SOUND RECORDERS AND REPRODUCERS, AND PARTS AND ACCESSORIES OF SUCH ARTICLES",4462106
2025,NL,87,"VEHICLES OTHER THAN RAILWAY OR TRAMWAY ROLLING STOCK, AND PARTS AND ACCESSORIES THEREOF",35588
2025,NL,90,"OPTICAL, PHOTOGRAPHIC, CINEMATOGRAPHIC, MEASURING, CHECKING, PRECISION, MEDICAL OR SURGICAL INSTRUMENTS AND APPARATUS; PARTS AND ACCESSORIES THEREOF",196540793
2025,NL,94,"FURNITURE; BEDDING, MATTRESSES, MATTRESS SUPPORTS, CUSHIONS AND SIMILAR STUFFED FURNISHINGS; LAMPS AND LIGHTING FITTINGS, NOT ELSEWHERE SPECIFIED OR INCLUDED; ILLUMINATED SIGNS, ILLUMINATED NAMEPLATES AND THE LIKE; PREFABRICATED BUILDINGS",48127
2025,NL,95,"TOYS, GAMES AND SPORTS REQUISITES; PARTS AND ACCESSORIES THEREOF",189
2025,NL,96,MISCELLANEOUS MANUFACTURED ARTICLES,37383
