country,ships_before,ships_after_12m,ships_after_12m_at_dock
ARE,426,204,37
CHN,339,76,12
IRQ,278,62,26
IND,349,59,14
IRN,122,43,21
EGY,284,42,12
OMN,303,41,5
MYS,366,32,4
TUR,193,29,8
RUS,160,22,14
IDN,216,13,4
DJI,72,13,0
SAU,235,11,1
SGP,258,9,1
LKA,123,9,0
YEM,63,7,0
LBY,61,7,0
NGA,116,5,2
PAK,107,5,4
SOM,22,5,1
KOR,250,4,0
ESP,178,2,1
KWT,152,2,0
THA,120,2,2
TGO,80,2,1
VNM,66,2,0
GHA,36,2,0
BEN,24,2,0
NLD,173,1,1
JPN,129,1,0
BEL,116,1,1
BRA,115,1,0
DNK,101,1,0
AGO,76,1,0
MAR,62,1,0
MUS,58,1,0
BGD,56,1,0
URY,41,1,1
SDN,39,1,0
ROU,36,1,1
CYP,32,1,0
SEN,32,1,0
MDV,29,1,0
LBN,29,1,0
HRV,25,1,1
GEO,24,1,0
USA,186,0,0
GIB,172,0,0
MLT,161,0,0
QAT,156,0,0
TWN,149,0,0
GRC,126,0,0
GBR,123,0,0
ITA,119,0,0
FRA,115,0,0
PAN,106,0,0
MEX,103,0,0
ZAF,94,0,0
PHL,88,0,0
VEN,83,0,0
DZA,77,0,0
SWE,70,0,0
DEU,70,0,0
CAN,67,0,0
AUS,65,0,0
COL,63,0,0
BHS,59,0,0
EST,58,0,0
BHR,57,0,0
TTO,57,0,0
NOR,56,0,0
PRT,47,0,0
ARG,43,0,0
COD,43,0,0
JAM,42,0,0
LTU,42,0,0
LVA,41,0,0
BES,39,0,0
POL,38,0,0
UKR,36,0,0
CIV,36,0,0
CHL,36,0,0
BRN,33,0,0
PER,32,0,0
IRL,31,0,0
COG,31,0,0
CUW,29,0,0
KEN,28,0,0
TUN,28,0,0
CMR,28,0,0
VIR,27,0,0
ABW,26,0,0
DOM,25,0,0
FIN,25,0,0
BGR,23,0,0
GNQ,22,0,0
GAB,22,0,0
GTM,21,0,0
PRI,20,0,0
TZA,18,0,0
MOZ,18,0,0
SVN,18,0,0
JOR,17,0,0
ECU,16,0,0
MMR,15,0,0
HND,14,0,0
LCA,14,0,0
ALB,13,0,0
CPV,13,0,0
NAM,12,0,0
ISR,12,0,0
CRI,12,0,0
NZL,12,0,0
ERI,10,0,0
GIN,10,0,0
NIC,10,0,0
MRT,10,0,0
SLV,10,0,0
CUB,9,0,0
GMB,9,0,0
TLS,8,0,0
SLE,7,0,0
PNG,7,0,0
KHM,6,0,0
MDG,5,0,0
LBR,5,0,0
CYM,5,0,0
ATG,5,0,0
HTI,4,0,0
REU,4,0,0
SYC,3,0,0
COM,3,0,0
MYT,3,0,0
NCL,3,0,0
SYR,2,0,0
ESH,2,0,0
ISL,2,0,0
KNA,2,0,0
MHL,2,0,0
FJI,2,0,0
GLP,2,0,0
MTQ,2,0,0
KAZ,1,0,0
TKM,1,0,0
AZE,1,0,0
SUR,1,0,0
GUY,1,0,0
BRB,1,0,0
HKG,1,0,0
GUF,1,0,0
SLB,1,0,0
WSM,1,0,0
ASM,1,0,0
GUM,1,0,0
MNP,1,0,0
FRO,1,0,0
GNB,1,0,0
NRU,1,0,0
KIR,1,0,0
BMU,1,0,0
