country,port_id,ships_before,ships_after_12m,ships_after_12m_at_dock
ARE,are-khorfakkan,394,165,2
ARE,are-fujairah,385,43,3
IRQ,irq-ummqasr,176,41,17
ARE,are-sharjah,207,40,3
EGY,egy-portsaid,219,35,0
EGY,egy-suezsouthanchorage,239,33,0
OMN,omn-sohar,228,29,1
IRQ,irq-al-basrahoilterminal,208,26,0
CHN,chn-zhuhai,76,24,0
ARE,are-dubai,245,19,3
MYS,mys-telokramunia,321,18,0
IRN,irn-bandarabbas,33,18,0
IND,ind-bhavnagarnewport,6,18,0
IND,ind-mumbai,154,16,0
MYS,mys-portklang,107,16,3
IND,ind-kandla,94,16,0
IRN,irn-rajaei,19,16,16
CHN,chn-shanghai,133,15,0
CHN,chn-hongkong,133,14,0
TUR,tur-istanbul,120,14,0
TUR,tur-ambarli,67,14,0
ARE,are-jebelali,117,13,13
IRQ,irq-khawralzubairlngterminal,92,13,13
DJI,dji-djibouti,72,13,0
TUR,tur-canakkale,120,12,0
IND,ind-sikka,162,10,0
ARE,are-hamriyahlpg,116,10,10
CHN,chn-zhapu,66,10,0
TUR,tur-dardanelles,113,9,0
CHN,chn-yangpu,45,9,0
EGY,egy-damietta,34,9,9
IND,ind-alanganchorage,3,9,0
SGP,sgp-singapore,258,8,0
CHN,chn-zhoushan,109,8,0
RUS,rus-novorossiysk,77,8,6
RUS,rus-saintpetersburg,48,8,0
CHN,chn-ningbo,271,7,0
LKA,lka-colombo,99,7,0
EGY,egy-suezport,78,7,7
CHN,chn-chn-2014,29,7,7
CHN,chn-dalian,127,6,0
IND,ind-vadinar,96,6,0
CHN,chn-quanzhou,82,6,0
IND,ind-nhavasheva,81,6,0
IRN,irn-khark,51,6,0
LBY,lby-misurata,27,6,0
YEM,yem-saleef,12,6,0
IND,ind-jaigarh,10,6,6
IND,ind-kochi,125,5,0
ARE,are-sharjahanchorage,98,5,0
CHN,chn-lianyungang,66,5,0
IRN,irn-asaluyeh,58,5,0
IRN,irn-bandarimamkhomeini,34,5,1
CHN,chn-qinzhou,32,5,0
CHN,chn-fuzhou,24,5,0
IND,ind-ind-76,0,5,5
SAU,sau-jeddah,90,4,0
PAK,pak-karachi,70,4,3
OMN,omn-duqm,69,4,0
TUR,tur-icdas,50,4,0
RUS,rus-ustluga,50,4,0
OMN,omn-muscat,40,4,0
SAU,sau-aljubail,37,4,0
IND,ind-ind-155,18,4,0
OMN,omn-salalah,12,4,1
IND,ind-ind-40,12,4,0
IND,ind-porbandar,3,4,1
IRN,irn-dayyer,3,4,1
CHN,chn-guangzhou,149,3,0
EGY,egy-suezcanal,83,3,3
TUR,tur-rumelifeneri,60,3,3
RUS,rus-primorsk,57,3,1
IDN,idn-batam,46,3,1
RUS,rus-nakhodka,42,3,1
IRQ,irq-khoralzubair,34,3,3
IND,ind-tuticorin,28,3,0
CHN,chn-putian,28,3,0
IDN,idn-jakarta,22,3,0
IND,ind-ind-211,21,3,3
CHN,chn-chn-2366,19,3,0
IDN,idn-surabaya,17,3,1
RUS,rus-kaliningrad,13,3,0
RUS,rus-bronka,2,3,0
OMN,omn-shinas,0,3,3
ARE,are-portrashid,0,3,3
MYS,mys-tanjungpelepas,273,2,0
IND,ind-mundra,155,2,0
KOR,kor-yeosu,141,2,0
CHN,chn-shenzhen,125,2,0
IDN,idn-nipahanchorage,113,2,0
IND,ind-mangalore,110,2,2
IND,ind-paradip,88,2,0
CHN,chn-yangshan,83,2,0
ARE,are-zirku,81,2,0
TGO,tgo-lome,80,2,1
RUS,rus-vistino,76,2,0
OMN,omn-minaalfahlanchorage,64,2,0
KOR,kor-busan,48,2,0
EGY,egy-alexandria,46,2,0
TUR,tur-tuzla,44,2,2
IND,ind-ind-200,42,2,0
CHN,chn-lanshan,40,2,0
LKA,lka-trincomalee,37,2,0
CHN,chn-lammaisland,34,2,0
CHN,chn-dongying,34,2,0
YEM,yem-aden,34,2,0
ARE,are-minasaqr,31,2,0
EGY,egy-ismailiya,30,2,0
IDN,idn-tanjunguban,29,2,0
GHA,gha-tema,29,2,0
TUR,tur-iskenderun,26,2,0
BEN,ben-cotonou,24,2,0
IRN,irn-lavan,17,2,0
RUS,rus-vysotsk,15,2,1
CHN,chn-ningde,14,2,1
TUR,tur-samsun,13,2,0
SOM,som-berbera,11,2,0
IRN,irn-bushehr,7,2,1
RUS,rus-baltiysk,6,2,2
SOM,som-boosaaso,5,2,0
IRN,irn-khorramshahr,4,2,1
KWT,kwt-kwt-7,1,2,0
IDN,idn-idn-430,0,2,2
ARE,are-ummshaiffield,0,2,0
RUS,rus-rus-427,0,2,2
CHN,chn-dongjiakou,135,1,0
NLD,nld-rotterdam,124,1,1
ARE,are-ruwais,110,1,0
CHN,chn-yantai,100,1,1
MYS,mys-mys-2,98,1,0
ARE,are-dasisland,77,1,1
CHN,chn-changxingdao,77,1,0
RUS,rus-kavkaz,71,1,0
THA,tha-laemchabang,71,1,0
MUS,mus-portlouis,58,1,0
TUR,tur-mersin,57,1,0
PAK,pak-portqasim,54,1,1
IND,ind-vizag,53,1,0
BGD,bgd-chittagong,51,1,0
NGA,nga-lagos,51,1,0
RUS,rus-taman,49,1,0
CHN,chn-bayuquan,49,1,0
ESP,esp-cartagena,46,1,1
IND,ind-chennai,43,1,0
TUR,tur-tur-187,39,1,0
JPN,jpn-sakai,38,1,0
VNM,vnm-hochiminh,37,1,0
CHN,chn-gulei,36,1,0
ESP,esp-cueta,34,1,1
SDN,sdn-portsudan,32,1,0
SEN,sen-dakar,32,1,0
RUS,rus-tuapse,32,1,1
MDV,mdv-male,29,1,0
AGO,ago-malongo,28,1,0
ESP,esp-barcelona,27,1,0
CYP,cyp-limassol,25,1,0
NGA,nga-agbamifpso,25,1,0
THA,tha-sriracha,23,1,0
BRA,bra-riogrande,23,1,0
DNK,dnk-kalundborg,23,1,0
IDN,idn-dumai,22,1,0
EGY,egy-sokhna,21,1,0
NGA,nga-bonnyterminal,20,1,0
VNM,vnm-vungtau,19,1,0
IRQ,irq-alfawanchorage,19,1,0
RUS,rus-gelendzhik,18,1,1
BRA,bra-saosebastiao,18,1,0
URY,ury-montevideo,17,1,1
CHN,chn-chn-170,16,1,0
TUR,tur-dortyol,15,1,0
IND,ind-mormugao,15,1,1
SOM,som-mogadishu,15,1,0
LBN,lbn-tripoli,14,1,0
BEL,bel-zeebrugge,14,1,1
GEO,geo-poti,13,1,0
SAU,sau-sau-179,13,1,1
RUS,rus-rus-436,13,1,0
IDN,idn-pelintung,12,1,0
IRN,irn-sirri,12,1,0
MAR,mar-mohammedia,12,1,0
CHN,chn-jinshan,11,1,0
SAU,sau-khafji,11,1,0
NGA,nga-brass,9,1,1
LBY,lby-benghazi,9,1,0
THA,tha-bangkok,8,1,1
IRN,irn-chabahar,7,1,1
TUR,tur-haydarpasa,6,1,1
DNK,dnk-aarhus,6,1,0
TUR,tur-sinop,5,1,0
NGA,nga-usanfpso,5,1,0
TUR,tur-yalova,4,1,0
ROU,rou-sulina,4,1,1
ROU,rou-tulcea,4,1,1
RUS,rus-astrakhan,4,1,1
EGY,egy-abuqir,4,1,0
NGA,nga-onne,4,1,1
CHN,chn-zoushan,4,1,1
HRV,hrv-split,4,1,1
TUR,tur-kartal,3,1,1
ROU,rou-braila,3,1,0
IRN,irn-irn-113,3,1,0
IRN,irn-queshm,3,1,1
IRN,irn-bandartaherioffshoreterminal,3,1,0
SOM,som-kismaayo,2,1,1
IRQ,irq-irq-22,2,1,1
IRN,irn-tombak,2,1,0
MYS,mys-sungaiudang,2,1,1
ARE,are-alhamriya,2,1,1
RUS,rus-rus-29,1,1,1
IRN,irn-amirabadanchorage,1,1,0
IRN,irn-nowshahr,1,1,1
RUS,rus-makhachkala,1,1,0
IND,ind-ind-10,1,1,0
TUR,tur-tasucu,1,1,1
CHN,chn-huanghua,1,1,0
CHN,chn-chn-2239,0,1,0
IRN,irn-irn-33,0,1,1
SAU,sau-ngh333,0,1,0
IDN,idn-idn-351,0,1,1
IDN,idn-idn-375,0,1,1
IDN,idn-lamongan,0,1,0
ARE,are-musaffahanchorage,0,1,0
CHN,chn-nantong,0,1,1
CHN,chn-dongshan,0,1,1
THA,tha-tha-83,0,1,1
RUS,rus-rus-181,0,1,1
ARE,are-fatair,0,1,0
SAU,sau-marjanfield,0,1,0
RUS,rus-severomorsk,0,1,1
SGP,sgp-sembawang,0,1,1
RUS,rus-rus-269,0,1,0
MYS,mys-pengerang,252,0,0
MYS,mys-pasirgudang,173,0,0
GIB,gib-gibraltar,172,0,0
MLT,mlt-marsaxlokk,157,0,0
CHN,chn-qingdao,157,0,0
SAU,sau-rastanura,156,0,0
KWT,kwt-minaalahmadi,146,0,0
NLD,nld-rotterdammaasvlakte,142,0,0
KOR,kor-ulsan,141,0,0
MYS,mys-malacca,118,0,0
BEL,bel-antwerp,112,0,0
ESP,esp-algeciras,112,0,0
USA,usa-houston,109,0,0
TWN,twn-kaohsiung,105,0,0
QAT,qat-raslaffan,99,0,0
DNK,dnk-skagen,93,0,0
TUR,tur-aliaga,92,0,0
PAN,pan-manzanillo,88,0,0
JPN,jpn-yokohama,86,0,0
TUR,tur-yalovatown,84,0,0
PAN,pan-panamacanalanchorage,84,0,0
CHN,chn-chn-134,80,0,0
PAN,pan-gatunlakeanchorage,79,0,0
USA,usa-bolivar,78,0,0
CHN,chn-rizhao,78,0,0
GRC,grc-piraeus,77,0,0
USA,usa-corpuschristi,72,0,0
USA,usa-portarthur,71,0,0
IND,ind-haldia,69,0,0
KOR,kor-kor-179,69,0,0
PAN,pan-balboa,69,0,0
MYS,mys-mys-3,69,0,0
CHN,chn-caofeidian,67,0,0
KOR,kor-incheon,66,0,0
KOR,kor-daesan,66,0,0
USA,usa-newyork,65,0,0
TWN,twn-mailiao,64,0,0
ESP,esp-laspalmas,64,0,0
USA,usa-usa-1455,64,0,0
SAU,sau-yanbuindustrial,63,0,0
CHN,chn-tianjin,63,0,0
NLD,nld-ijmuiden,62,0,0
CHN,chn-huizhou,62,0,0
CHN,chn-longkou,61,0,0
SWE,swe-goteborg,61,0,0
NLD,nld-amsterdam,60,0,0
VEN,ven-joseterminal,58,0,0
FRA,fra-lehavre,57,0,0
QAT,qat-mesaieed,56,0,0
BHS,bhs-freeport,56,0,0
FRA,fra-fos-sur-mer,56,0,0
CHN,chn-chn-99,56,0,0
PAN,pan-panamaanchoragepacific,54,0,0
MYS,mys-portdickson,53,0,0
EGY,egy-ainsukhna,51,0,0
CHN,chn-zhanjiang,51,0,0
BHR,bhr-khalifabinsalman,50,0,0
JPN,jpn-yokkaichi,50,0,0
ZAF,zaf-portelizabeth,49,0,0
QAT,qat-doha,48,0,0
USA,usa-neworleans,48,0,0
USA,usa-longbeach,48,0,0
ZAF,zaf-durban,47,0,0
MYS,mys-fortunestar,47,0,0
EGY,egy-sidikerir,45,0,0
IND,ind-hazira,44,0,0
CHN,chn-chn-77,44,0,0
GBR,gbr-gbr-151,44,0,0
USA,usa-venice,44,0,0
USA,usa-marcushook,43,0,0
THA,tha-maptaphut,43,0,0
USA,usa-usa-1157,43,0,0
DZA,dza-arzew,42,0,0
ESP,esp-tarragona,42,0,0
QAT,qat-alshaheenterminal,42,0,0
ITA,ita-augusta,41,0,0
GBR,gbr-sainthelens,40,0,0
USA,usa-gola,40,0,0
COL,col-cartagena,39,0,0
THA,tha-rayong,39,0,0
EST,est-tallinn,39,0,0
JAM,jam-kingston,38,0,0
IND,ind-kakinada,38,0,0
GRC,grc-kalilimenesanchorage,38,0,0
IND,ind-pipavav,38,0,0
DEU,deu-hamburg,38,0,0
GBR,gbr-southampton,38,0,0
DEU,deu-bremerhaven,38,0,0
DEU,deu-deu-611,37,0,0
USA,usa-freeport,37,0,0
ITA,ita-trieste,37,0,0
QAT,qat-halul,37,0,0
MEX,mex-coatzacoalcos,37,0,0
BRA,bra-santos,36,0,0
KOR,kor-taean,36,0,0
ITA,ita-genoa,36,0,0
LTU,ltu-klaipeda,35,0,0
NLD,nld-nld-497,35,0,0
CIV,civ-abidjan,35,0,0
URY,ury-recaladaanchorage,35,0,0
IND,ind-ind-56,34,0,0
ITA,ita-sarroch,34,0,0
KOR,kor-busannewport,34,0,0
BES,bes-sinteustatius,34,0,0
GBR,gbr-immingham,33,0,0
ROU,rou-constanta,32,0,0
TTO,tto-pointlisas,32,0,0
CHN,chn-caojing,32,0,0
ESP,esp-bilbao,32,0,0
GRC,grc-agioitheodoroi,31,0,0
IND,ind-ind-172,31,0,0
DZA,dza-skikda,31,0,0
PHL,phl-batangas,31,0,0
PRT,prt-sines,31,0,0
BRA,bra-paranagua,31,0,0
ESP,esp-huelva,31,0,0
USA,usa-ingleside,31,0,0
KOR,kor-pyeongtaek,30,0,0
MAR,mar-tangermed,30,0,0
BRA,bra-riodejaneiro,30,0,0
NOR,nor-nor-535,30,0,0
USA,usa-empire,30,0,0
GBR,gbr-liverpool,29,0,0
DEU,deu-otterndorf,29,0,0
JPN,jpn-oita,29,0,0
JPN,jpn-yokosuka,29,0,0
TUR,tur-ceyhan,29,0,0
COG,cog-pointenoire,29,0,0
TWN,twn-twn-54,29,0,0
COL,col-covenas,29,0,0
GRC,grc-elafonisos,28,0,0
KEN,ken-mombasa,28,0,0
ITA,ita-livorno,28,0,0
GBR,gbr-tees,28,0,0
AUS,aus-geelong,28,0,0
ARE,are-jebeldhanna,28,0,0
BRA,bra-aratu,28,0,0
MEX,mex-cayoarcas,28,0,0
TWN,twn-taichung,27,0,0
IDN,idn-cigading,27,0,0
JPN,jpn-kobe,27,0,0
PHL,phl-manila,27,0,0
CHN,chn-chn-189,27,0,0
TTO,tto-chaguaramas,27,0,0
LVA,lva-ventspils,27,0,0
BRA,bra-saoluis,27,0,0
ITA,ita-milazzo,27,0,0
IND,ind-ennore,26,0,0
FRA,fra-saintnazaire,26,0,0
POL,pol-gdansk,26,0,0
JPN,jpn-mizushima,26,0,0
BRA,bra-angradosreis,26,0,0
AGO,ago-daliaangola,26,0,0
CHN,chn-cheklapkok,25,0,0
VNM,vnm-caimep,25,0,0
VEN,ven-amuay,25,0,0
FRA,fra-donges,25,0,0
SWE,swe-swe-318,25,0,0
GBR,gbr-houndpointterminal,25,0,0
YEM,yem-hodeidah,25,0,0
BRA,bra-itaqui,25,0,0
NGA,nga-nga-52,25,0,0
USA,usa-loop,25,0,0
JPN,jpn-kiire,25,0,0
USA,usa-usa-1152,25,0,0
DEU,deu-kiel,24,0,0
AGO,ago-luanda,24,0,0
CHN,chn-xiamen,24,0,0
ARG,arg-buenosaires,24,0,0
GBR,gbr-falmouth,24,0,0
AUS,aus-kwinana,24,0,0
BRA,bra-suape,24,0,0
CHN,chn-chn-2390,24,0,0
USA,usa-saintgabriel,24,0,0
GBR,gbr-erith,23,0,0
PHL,phl-limay,23,0,0
MLT,mlt-bugibba,23,0,0
ITA,ita-ravenna,23,0,0
BRN,brn-muara,23,0,0
NLD,nld-scheveningen,23,0,0
DEU,deu-deu-626,23,0,0
BRA,bra-salvador,23,0,0
CHN,chn-maominganchorage,23,0,0
KWT,kwt-shuaiba,22,0,0
CHN,chn-chn-2338,22,0,0
DEU,deu-brunsbuttel,22,0,0
USA,usa-usa-38,22,0,0
EST,est-muuga,22,0,0
VIR,vir-stcroix,22,0,0
PER,per-callao,22,0,0
CHL,chl-quintero,22,0,0
IRN,irn-irn-62,22,0,0
MEX,mex-tuxpan,22,0,0
CHN,chn-jinzhou,22,0,0
USA,usa-usa-15,22,0,0
MEX,mex-tampico,22,0,0
MEX,mex-manzanillo,22,0,0
CAN,can-comebychance,22,0,0
CAN,can-montreal,22,0,0
USA,usa-sausalito,22,0,0
LBN,lbn-beirut,21,0,0
CUW,cuw-willemstad,21,0,0
VNM,vnm-vnm-16,21,0,0
FRA,fra-tancarville,21,0,0
DEU,deu-strande,21,0,0
DEU,deu-cuxhaven,21,0,0
IND,ind-ind-175,21,0,0
ABW,abw-aruba,21,0,0
JPN,jpn-kashima,21,0,0
HRV,hrv-hrv-76,21,0,0
CHN,chn-chn-181,21,0,0
IDN,idn-pulausambu,20,0,0
TUR,tur-marmaraereglisi,20,0,0
MYS,mys-sungailinggi,20,0,0
GBR,gbr-portland,20,0,0
ZAF,zaf-capetown,20,0,0
IDN,idn-cilacap,20,0,0
AUS,aus-brisbane,20,0,0
BRA,bra-madrededeus,20,0,0
NOR,nor-slagen,20,0,0
USA,usa-usa-1834,20,0,0
USA,usa-lakecharles,20,0,0
COG,cog-djeno,20,0,0
MEX,mex-veracruz,20,0,0
YEM,yem-almukalla,19,0,0
EST,est-sillamae,19,0,0
NGA,nga-bonny,19,0,0
MAR,mar-casablanca,19,0,0
IDN,idn-belawan,19,0,0
EGY,egy-rasgharib,19,0,0
USA,usa-usa-1674,19,0,0
IRN,irn-irn-17,19,0,0
BRA,bra-botafogo,19,0,0
COD,cod-block31,19,0,0
JPN,jpn-shimotsu,19,0,0
USA,usa-selby,19,0,0
QAT,qat-qat-61,18,0,0
IND,ind-dahej,18,0,0
BHR,bhr-sitrah,18,0,0
FRA,fra-rouen,18,0,0
FIN,fin-fin-130,18,0,0
SWE,swe-brofjorden,18,0,0
SVN,svn-koper,18,0,0
ESP,esp-bancodelhoyoanchorage,18,0,0
JPN,jpn-sendai,18,0,0
AUS,aus-botanybay,18,0,0
ESP,esp-castellon,18,0,0
KOR,kor-onsan,18,0,0
LBY,lby-zawia,18,0,0
COD,cod-kizombafpso,18,0,0
ITA,ita-santapanagia,18,0,0
TUN,tun-skhirra,18,0,0
USA,usa-pascagoula,18,0,0
BGR,bgr-burgas,17,0,0
IDN,idn-kalbut,17,0,0
IDN,idn-merakmasterminal,17,0,0
LKA,lka-hambantota,17,0,0
VNM,vnm-vnm-52,17,0,0
DEU,deu-rostock,17,0,0
LVA,lva-riga,17,0,0
TZA,tza-daressalaam,17,0,0
SAU,sau-rabigh,17,0,0
ITA,ita-napoli,17,0,0
ARG,arg-sanlorenzo,17,0,0
MYS,mys-kemamananchorage,17,0,0
NGA,nga-akpofpso,17,0,0
BRA,bra-bra-269,17,0,0
USA,usa-sabinepass,17,0,0
CHL,chl-talcahuano,17,0,0
IDN,idn-teluksemangkaanchorage,16,0,0
IND,ind-ind-130,16,0,0
ITA,ita-brindisi,16,0,0
GBR,gbr-grangemouth,16,0,0
ARG,arg-bahiablanca,16,0,0
IDN,idn-karimun,16,0,0
CHN,chn-bayuquananchorage,16,0,0
NOR,nor-sture,16,0,0
MEX,mex-mex-197,16,0,0
GTM,gtm-puertoquetzal,16,0,0
CHN,chn-fangcheng,15,0,0
VNM,vnm-haiphong,15,0,0
MYS,mys-mys-120,15,0,0
GRC,grc-kalamata,15,0,0
MAR,mar-jorflasfar,15,0,0
DZA,dza-bejaia,15,0,0
CHN,chn-liuheng,15,0,0
IDN,idn-idn-394,15,0,0
NLD,nld-nld-460,15,0,0
GBR,gbr-pembroke,15,0,0
MMR,mmr-yangon,15,0,0
IDN,idn-tanjungpemancingan,15,0,0
MEX,mex-lazarocardenas,15,0,0
ARE,are-khalifa,15,0,0
GRC,grc-lavrion,15,0,0
CHN,chn-shidao,15,0,0
USA,usa-hampton,15,0,0
ESP,esp-valencia,15,0,0
PAN,pan-gamboa,15,0,0
AGO,ago-clovangola,15,0,0
DNK,dnk-fredericia,15,0,0
NGA,nga-bongaterminal,15,0,0
USA,usa-charleston,15,0,0
USA,usa-forthancock,15,0,0
USA,usa-usa-1690,15,0,0
SDN,sdn-marsabashayer,15,0,0
JOR,jor-aqabaindustrial,14,0,0
ARE,are-kalbaanchorage,14,0,0
NLD,nld-vlissingen,14,0,0
BGD,bgd-monglaanchorage,14,0,0
POL,pol-gdynia,14,0,0
FRA,fra-dunkirk,14,0,0
IND,ind-krishnapatnam,14,0,0
NGA,nga-escravos,14,0,0
MYS,mys-kuantancity,14,0,0
RUS,rus-rus-260,14,0,0
ITA,ita-ita-372,14,0,0
PER,per-talara,14,0,0
CHN,chn-qinhuangdao,14,0,0
KOR,kor-okpo,14,0,0
CHN,chn-chn-184,14,0,0
CHN,chn-qushanisland,14,0,0
MEX,mex-dosbocasanchorage,14,0,0
GBR,gbr-felixstowe,14,0,0
ESP,esp-coruna,14,0,0
ESP,esp-tenerife,14,0,0
LCA,lca-culdesac,14,0,0
USA,usa-usa-1627,14,0,0
USA,usa-mobile,14,0,0
CAN,can-canaport,14,0,0
USA,usa-usa-1162,14,0,0
MLT,mlt-mlt-19,13,0,0
TUR,tur-nemrut,13,0,0
GEO,geo-batumi,13,0,0
IDN,idn-suralaya,13,0,0
MYS,mys-penang,13,0,0
CHN,chn-shekou,13,0,0
PHL,phl-cabcaben,13,0,0
DEU,deu-hochdonn,13,0,0
UKR,ukr-mykolayiv,13,0,0
UKR,ukr-odessa,13,0,0
RUS,rus-kronshtadt,13,0,0
IDN,idn-panjang,13,0,0
ZAF,zaf-richardsbay,13,0,0
CHL,chl-mejillones,13,0,0
EST,est-paldiski,13,0,0
SWE,swe-swe-45,13,0,0
CHN,chn-yantian,13,0,0
GBR,gbr-london,13,0,0
MEX,mex-mex-199,13,0,0
CMR,cmr-massongo,13,0,0
USA,usa-mayport,13,0,0
QAT,qat-qat-2,13,0,0
ARE,are-are-146,12,0,0
CHN,chn-wenzhou,12,0,0
IND,ind-ind-174,12,0,0
CHN,chn-guishan,12,0,0
SWE,swe-marstrand,12,0,0
JPN,jpn-tokuyamakudamatsuanchorage,12,0,0
GRC,grc-thessaloniki,12,0,0
TUN,tun-bizerte,12,0,0
VEN,ven-puertolacruz,12,0,0
VEN,ven-puertomiranda,12,0,0
NAM,nam-walvisbay,12,0,0
DEU,deu-deu-482,12,0,0
FIN,fin-porvoo,12,0,0
CPV,cpv-mindelo,12,0,0
MEX,mex-salinacruz,12,0,0
CAN,can-vancouver,12,0,0
PRT,prt-oeiras,12,0,0
ITA,ita-venice,12,0,0
PRI,pri-sanjuan,12,0,0
DOM,dom-riohaina,12,0,0
USA,usa-wilmington,12,0,0
SWE,swe-stenungsundanchorage,12,0,0
BRA,bra-fortaleza,12,0,0
OMN,omn-omn-22,12,0,0
IRL,irl-cork,12,0,0
MEX,mex-mex-201,12,0,0
LBY,lby-tobruk,12,0,0
IRL,irl-aughinish,12,0,0
CHL,chl-sanvicente,12,0,0
PHL,phl-subic,12,0,0
CAN,can-saintjohn,12,0,0
USA,usa-jacksonville,12,0,0
RUS,rus-rus-307,12,0,0
GRC,grc-grc-375,12,0,0
JPN,jpn-iwakuni,12,0,0
TUR,tur-izmir,11,0,0
IDN,idn-tuban,11,0,0
CHN,chn-chn-52,11,0,0
IRL,irl-dublin,11,0,0
JPN,jpn-sakaide,11,0,0
VEN,ven-elpalito,11,0,0
BRA,bra-viladoconde,11,0,0
QAT,qat-hamad,11,0,0
TWN,twn-taipei,11,0,0
MOZ,moz-nacala,11,0,0
GHA,gha-sekondi-takoradi,11,0,0
BRN,brn-seria,11,0,0
USA,usa-honolulu,11,0,0
USA,usa-portangeles,11,0,0
DNK,dnk-munkebo,11,0,0
RUS,rus-vanino,11,0,0
USA,usa-usa-1065,11,0,0
JPN,jpn-tomakomai,11,0,0
IDN,idn-idn-39,11,0,0
RUS,rus-kozmino,11,0,0
LBY,lby-mellitah,11,0,0
ECU,ecu-lalibertad,11,0,0
USA,usa-usa-1701,11,0,0
PHL,phl-davao,11,0,0
BGR,bgr-varna,10,0,0
TUR,tur-bandirma,10,0,0
CHN,chn-chn-2324,10,0,0
GIN,gin-conakry,10,0,0
MEX,mex-topolobampo,10,0,0
GBR,gbr-scapaflow,10,0,0
CUW,cuw-bullenbay,10,0,0
SWE,swe-ronnang,10,0,0
KOR,kor-gwangyang,10,0,0
PRI,pri-guayanilla,10,0,0
ITA,ita-taranto,10,0,0
BRA,bra-icoarachi,10,0,0
NGA,nga-quaiboeterminal,10,0,0
ITA,ita-savona,10,0,0
USA,usa-harborisland,10,0,0
IRL,irl-foynes,10,0,0
CYP,cyp-vasilikos,10,0,0
SWE,swe-norrkopinganchorage,10,0,0
NOR,nor-storsteilene,10,0,0
USA,usa-brownsville,10,0,0
LBY,lby-lby-20,10,0,0
USA,usa-boston,10,0,0
USA,usa-brewercovehaven,10,0,0
USA,usa-porteverglades,10,0,0
SAU,sau-sau-197,10,0,0
ECU,ecu-esmeraldas,10,0,0
ARG,arg-campana,10,0,0
USA,usa-delawarecity,10,0,0
BRA,bra-portodoacu,10,0,0
USA,usa-tampa,10,0,0
NOR,nor-karsto,10,0,0
SLV,slv-acajutla,10,0,0
CAN,can-can-380,10,0,0
GTM,gtm-puertobarrios,10,0,0
PAN,pan-chiriquigrande,10,0,0
PAK,pak-pak-16,9,0,0
IND,ind-dighi,9,0,0
TUR,tur-gemlik,9,0,0
IDN,idn-balongan,9,0,0
IND,ind-kolkata,9,0,0
VNM,vnm-longkou,9,0,0
GBR,gbr-belfast,9,0,0
GBR,gbr-margateanchorage,9,0,0
VEN,ven-puntaguaranao,9,0,0
VEN,ven-puntacardon,9,0,0
FRA,fra-bordeaux,9,0,0
NOR,nor-langesund,9,0,0
FRA,fra-grand-couronne,9,0,0
AUS,aus-dampier,9,0,0
NLD,nld-nld-18,9,0,0
RUS,rus-vladivostok,9,0,0
UKR,ukr-yuzhny,9,0,0
AUS,aus-gladstone,9,0,0
GMB,gmb-banjul,9,0,0
TWN,twn-keelung,9,0,0
IND,ind-ind-47,9,0,0
IDN,idn-balikpapan,9,0,0
GBR,gbr-portishead,9,0,0
DNK,dnk-dnk-243,9,0,0
AUS,aus-newcastle,9,0,0
MLT,mlt-valletta,9,0,0
PRT,prt-leixoes,9,0,0
CRI,cri-moin,9,0,0
MOZ,moz-maputo,9,0,0
JPN,jpn-kikuma,9,0,0
NGA,nga-agbami,9,0,0
DNK,dnk-aabenraa,9,0,0
ITA,ita-falconara,9,0,0
AGO,ago-pazflorangola,9,0,0
GBR,gbr-gbr-461,9,0,0
ESP,esp-esp-242,9,0,0
DEU,deu-brake,9,0,0
ITA,ita-fiumicino,9,0,0
MEX,mex-mazatlan,9,0,0
SAU,sau-sau-198,9,0,0
ZAF,zaf-durbananchorage,9,0,0
CAN,can-shearwater,9,0,0
CHL,chl-iquique,9,0,0
RUS,rus-retinskoe,9,0,0
USA,usa-carville,9,0,0
PER,per-pisco,9,0,0
IDN,idn-padang,9,0,0
FRA,fra-lapallice,9,0,0
BRA,bra-tramandaianchorage,9,0,0
HND,hnd-puertocortes,9,0,0
ALB,alb-durres,8,0,0
TUR,tur-trabzon,8,0,0
TUR,tur-eregli,8,0,0
JOR,jor-aqaba,8,0,0
DOM,dom-sanpedrodemacoris,8,0,0
ROU,rou-midia,8,0,0
IND,ind-gangavaram,8,0,0
CHN,chn-dapeng,8,0,0
IND,ind-dhamra,8,0,0
DZA,dza-alger,8,0,0
FRA,fra-ambes,8,0,0
GBR,gbr-gbr-400,8,0,0
DEU,deu-deu-245,8,0,0
AUS,aus-westernport,8,0,0
FIN,fin-hamina,8,0,0
MOZ,moz-beira,8,0,0
AUS,aus-aus-429,8,0,0
BRA,bra-saofranciscodosul,8,0,0
ESP,esp-elferrol,8,0,0
MYS,mys-lahaddatu,8,0,0
NGA,nga-calabar,8,0,0
CHN,chn-laizhou,8,0,0
USA,usa-barberspoint,8,0,0
BRA,bra-manaus,8,0,0
BRA,bra-camposbasin,8,0,0
KOR,kor-kor-3,8,0,0
BRA,bra-santana,8,0,0
DNK,dnk-copenhagen,8,0,0
USA,usa-usa-1178,8,0,0
DNK,dnk-frederikshavn,8,0,0
MRT,mrt-cansado,8,0,0
EGY,egy-egy-24,8,0,0
SWE,swe-stockholmanchorage,8,0,0
SWE,swe-oxelosund,8,0,0
SWE,swe-gavle,8,0,0
NOR,nor-drobak,8,0,0
DNK,dnk-dnk-215,8,0,0
LBN,lbn-zahrani,8,0,0
SAU,sau-sau-na,8,0,0
LBY,lby-lby-22,8,0,0
PAN,pan-puertoarmuelles,8,0,0
PER,per-conchan,8,0,0
ESP,esp-ares,8,0,0
LBN,lbn-jiyeh,8,0,0
USA,usa-elsegundoanchorage,8,0,0
AUS,aus-adelaide,8,0,0
CAN,can-sorel,8,0,0
JPN,jpn-kokura,8,0,0
RUS,rus-azov,7,0,0
TUR,tur-kapakli,7,0,0
JPN,jpn-matsuura,7,0,0
CHN,chn-qinzhouanchorage,7,0,0
NLD,nld-nld-286,7,0,0
DEU,deu-rendsburg,7,0,0
DEU,deu-deu-455,7,0,0
SWE,swe-karlshamn,7,0,0
POL,pol-swinoujscie,7,0,0
EGY,egy-safaga,7,0,0
UKR,ukr-olvia,7,0,0
KWT,kwt-kuwaitcity,7,0,0
SAU,sau-rasalkhair,7,0,0
ARG,arg-arroyoseco,7,0,0
CAN,can-victoria,7,0,0
SLE,sle-freetown,7,0,0
CHL,chl-valparaiso,7,0,0
MEX,mex-altamira,7,0,0
BRA,bra-itacoatiara,7,0,0
DNK,dnk-kalundborganchorage,7,0,0
CHN,chn-chongming,7,0,0
GRC,grc-grc-324,7,0,0
IRN,irn-isoico,7,0,0
USA,usa-usa-76,7,0,0
PHL,phl-calaca,7,0,0
USA,usa-jeffersonbeach,7,0,0
GBR,gbr-sullomvoe,7,0,0
SWE,swe-holmsund,7,0,0
SWE,swe-swe-38,7,0,0
CMR,cmr-cmr-21,7,0,0
GNQ,gnq-ceibaterminal,7,0,0
ABW,abw-sannicolas,7,0,0
LCA,lca-stluciaanchorage,7,0,0
GAB,gab-portgentil,7,0,0
ARG,arg-riotalabera,7,0,0
MYS,mys-miri,7,0,0
JAM,jam-portlandbight,7,0,0
MEX,mex-guaymas,7,0,0
GAB,gab-oguendjoterminal,7,0,0
NOR,nor-hervik,7,0,0
USA,usa-newhaven,7,0,0
CAN,can-trios-pistolesanchorage,7,0,0
LTU,ltu-butinge,7,0,0
CAN,can-can-296,7,0,0
NIC,nic-corinto,7,0,0
PRI,pri-puertoyabucoa,7,0,0
JPN,jpn-ube,7,0,0
USA,usa-usa-682,7,0,0
NZL,nzl-tauranga,7,0,0
AGO,ago-greaterplutonio,7,0,0
CHL,chl-caldera,7,0,0
NGA,nga-escravosfield,7,0,0
RUS,rus-rus-27,6,0,0
TUR,tur-tekirdag,6,0,0
TUR,tur-tur-245,6,0,0
CUB,cub-matanzas,6,0,0
GRC,grc-syrosanchorage,6,0,0
VNM,vnm-dungquat,6,0,0
CHN,chn-yantiananchorage,6,0,0
JPN,jpn-niigata,6,0,0
DEU,deu-emden,6,0,0
GNQ,gnq-malabo,6,0,0
PHL,phl-castanas,6,0,0
EGY,egy-wadifeiran,6,0,0
TUN,tun-rades,6,0,0
IDN,idn-bontang,6,0,0
CHN,chn-qushan,6,0,0
JPN,jpn-marugame,6,0,0
PAK,pak-gwadar,6,0,0
POL,pol-portmorskipolice,6,0,0
DEU,deu-deu-515,6,0,0
FIN,fin-fin-127,6,0,0
SWE,swe-swe-329,6,0,0
KOR,kor-gunsan,6,0,0
UKR,ukr-dneprobugskiy,6,0,0
CMR,cmr-douala,6,0,0
IDN,idn-kualatanjung,6,0,0
TWN,twn-anping,6,0,0
USA,usa-pointcomfort,6,0,0
UKR,ukr-chornomorsk,6,0,0
IDN,idn-semarang,6,0,0
SWE,swe-malmo,6,0,0
ISR,isr-haifa,6,0,0
ITA,ita-civitavecchia,6,0,0
ZAF,zaf-saldanhabay,6,0,0
AUS,aus-fremantle,6,0,0
CHN,chn-chn-2387,6,0,0
AGO,ago-lobito,6,0,0
GBR,gbr-gbr-472,6,0,0
CMR,cmr-limbe,6,0,0
GBR,gbr-gbr-382,6,0,0
TLS,tls-tls-6,6,0,0
MEX,mex-ayatsilfield,6,0,0
YEM,yem-nishtun,6,0,0
SWE,swe-sundsvall,6,0,0
GBR,gbr-thamesanchorage,6,0,0
GEO,geo-kulevi,6,0,0
USA,usa-usa-414,6,0,0
LBY,lby-khoms,6,0,0
ITA,ita-laspezia,6,0,0
IDN,idn-idn-132,6,0,0
FIN,fin-fin-29,6,0,0
FIN,fin-kotka,6,0,0
NOR,nor-tromso,6,0,0
NOR,nor-godoya,6,0,0
NOR,nor-trondheim,6,0,0
MEX,mex-mex-210,6,0,0
USA,usa-newportanchorage,6,0,0
BHS,bhs-adelaide,6,0,0
MYS,mys-mys-74,6,0,0
AUS,aus-pyreneesfield,6,0,0
NZL,nzl-marsdenpoint,6,0,0
GAB,gab-owendo,6,0,0
GAB,gab-gambaanchorage,6,0,0
JPN,jpn-nagasaki,6,0,0
MEX,mex-rosaritoanchorage,6,0,0
GNQ,gnq-asengfpso,6,0,0
USA,usa-miami,6,0,0
SAU,sau-jazaneconomiccity,6,0,0
KHM,khm-sihanoukville,6,0,0
USA,usa-usa-506,6,0,0
IND,ind-kattupalli,6,0,0
FRA,fra-antifer,6,0,0
PRT,prt-prt-46,6,0,0
BRA,bra-bra-325,6,0,0
TUR,tur-tur-189,5,0,0
CUB,cub-havana,5,0,0
CUB,cub-cienfuegos,5,0,0
CUB,cub-santiagodecuba,5,0,0
ALB,alb-portoromano,5,0,0
BGD,bgd-mongla,5,0,0
FRA,fra-fra-367,5,0,0
NGA,nga-portharcourt,5,0,0
GBR,gbr-rosyth,5,0,0
DEU,deu-bremerhavenanchorage,5,0,0
AUS,aus-magneticisland,5,0,0
ERI,eri-massawa,5,0,0
CHN,chn-chn-2079,5,0,0
THA,tha-kosichang,5,0,0
SAU,sau-dammam,5,0,0
CHN,chn-gouqiisland,5,0,0
MAR,mar-agadir,5,0,0
PRI,pri-pri-33,5,0,0
DOM,dom-ocoabay,5,0,0
ESP,esp-gijon,5,0,0
PRT,prt-lisbon,5,0,0
ISR,isr-ashdod,5,0,0
DOM,dom-lascalderas,5,0,0
KOR,kor-kor-141,5,0,0
KOR,kor-pohang,5,0,0
ARG,arg-arg-1,5,0,0
CHN,chn-chn-2307,5,0,0
NGA,nga-nga-31,5,0,0
COL,col-santamarta,5,0,0
GBR,gbr-faslane,5,0,0
CHN,chn-jingtang,5,0,0
GRC,grc-pachi,5,0,0
TWN,twn-shenao,5,0,0
USA,usa-usa-1141,5,0,0
QAT,qat-qat-1,5,0,0
FRA,fra-portlanouvelle,5,0,0
TUN,tun-zarzis,5,0,0
LBN,lbn-lbn-23,5,0,0
FIN,fin-mantyluoto,5,0,0
NOR,nor-melkoya,5,0,0
NOR,nor-harstad,5,0,0
USA,usa-cameron,5,0,0
LBR,lbr-monrovia,5,0,0
USA,usa-vendovianchorage,5,0,0
ARG,arg-rosario,5,0,0
AUS,aus-portpirie,5,0,0
LBY,lby-lby-21,5,0,0
USA,usa-fortandrews,5,0,0
COD,cod-cod-10,5,0,0
NGA,nga-oghara,5,0,0
GBR,gbr-gbr-477,5,0,0
DOM,dom-dom-21,5,0,0
SAU,sau-sau-177,5,0,0
NLD,nld-nld-505,5,0,0
CHN,chn-chn-1352,5,0,0
RUS,rus-svetly,5,0,0
ARG,arg-ramallo,5,0,0
BES,bes-gotooilterminal,5,0,0
MYS,mys-bintulu,5,0,0
MEX,mex-mex-198,5,0,0
ARE,are-are-145,5,0,0
CYM,cym-georgetown,5,0,0
ATG,atg-stjohns,5,0,0
USA,usa-wilmingtonnc,5,0,0
PER,per-matarani,5,0,0
NZL,nzl-napier,5,0,0
MYS,mys-kotakinabalu,5,0,0
USA,usa-seattle,5,0,0
COD,cod-cod-5,5,0,0
CAN,can-robertsbank,5,0,0
AGO,ago-soyo,5,0,0
AGO,ago-ensco109,5,0,0
MYS,mys-labuan,5,0,0
IDN,idn-idn-303,4,0,0
RUS,rus-yeysk,4,0,0
GRC,grc-karystosanchorage,4,0,0
TUR,tur-karasu,4,0,0
TUR,tur-bartin,4,0,0
TUR,tur-gulluk,4,0,0
BGR,bgr-kavarnaanchorage,4,0,0
TUR,tur-tur-236,4,0,0
CUB,cub-nuevitasanchorage,4,0,0
CUB,cub-moa,4,0,0
IND,ind-ind-123,4,0,0
TUR,tur-martas,4,0,0
TZA,tza-zanzibar,4,0,0
IDN,idn-idn-424,4,0,0
VNM,vnm-danang,4,0,0
VNM,vnm-hongai,4,0,0
CHN,chn-chn-141,4,0,0
JPN,jpn-jpn-367,4,0,0
THA,tha-tha-65,4,0,0
SWE,swe-uddevalla,4,0,0
NOR,nor-mekjarvik,4,0,0
SWE,swe-nynashamn,4,0,0
FRA,fra-bayonne,4,0,0
IDN,idn-gresik,4,0,0
JPN,jpn-niihama,4,0,0
VEN,ven-puertocabello,4,0,0
ERI,eri-eri-3,4,0,0
SAU,sau-kingabdullah,4,0,0
BRA,bra-itajai,4,0,0
MDG,mdg-toamasina,4,0,0
CHN,chn-chn-203,4,0,0
VNM,vnm-vnm-29,4,0,0
VNM,vnm-vnm-28,4,0,0
VNM,vnm-vnm-25,4,0,0
ARG,arg-zarate,4,0,0
ARE,are-ajman,4,0,0
USA,usa-usa-1839,4,0,0
CHN,chn-longyan,4,0,0
USA,usa-pointcomfortanchorage,4,0,0
NGA,nga-warri,4,0,0
IDN,idn-makassar,4,0,0
DEU,deu-borkum,4,0,0
DNK,dnk-nyborg,4,0,0
VNM,vnm-vnm-37,4,0,0
HTI,hti-portauprince,4,0,0
PAN,pan-pan-42,4,0,0
CHL,chl-puntaarenas,4,0,0
HND,hnd-omoaanchorage,4,0,0
DOM,dom-santodomingo,4,0,0
NGA,nga-okrika,4,0,0
JPN,jpn-matsuyama,4,0,0
ITA,ita-portopino,4,0,0
JPN,jpn-higashiharima,4,0,0
JPN,jpn-jpn-2,4,0,0
EGY,egy-egy-78,4,0,0
NGA,nga-koko,4,0,0
ABW,abw-oranjestad,4,0,0
IND,ind-karaikal,4,0,0
GBR,gbr-brodick,4,0,0
MEX,mex-mex-200,4,0,0
AGO,ago-block15,4,0,0
JPN,jpn-jpn-477,4,0,0
ISR,isr-ashkelon,4,0,0
MYS,mys-mys-59,4,0,0
PHL,phl-generalsantos,4,0,0
USA,usa-baltimore,4,0,0
ARG,arg-sannicolas,4,0,0
CHN,chn-chn-2346,4,0,0
COD,cod-cod-4,4,0,0
ITA,ita-torreannunziata,4,0,0
ESP,esp-motril,4,0,0
RUS,rus-rus-411,4,0,0
ITA,ita-gaeta,4,0,0
ESP,esp-palmademallorca,4,0,0
IDN,idn-idn-215,4,0,0
FIN,fin-pori,4,0,0
NOR,nor-rottvegen,4,0,0
NOR,nor-bodo,4,0,0
NOR,nor-nor-853,4,0,0
NOR,nor-kirkenes,4,0,0
SWE,swe-swe-215,4,0,0
MYS,mys-mys-80,4,0,0
IND,ind-ind-103,4,0,0
MYS,mys-kimanis,4,0,0
AUS,aus-barrowisland,4,0,0
CHN,chn-chn-1347,4,0,0
RUS,rus-murmansk,4,0,0
ARG,arg-escobar,4,0,0
PER,per-bayovar,4,0,0
GEO,geo-supsa,4,0,0
NGA,nga-nga-36,4,0,0
ITA,ita-gela,4,0,0
MEX,mex-ensenada,4,0,0
MYS,mys-mys-111,4,0,0
COD,cod-cod-12,4,0,0
GHA,gha-gha-20,4,0,0
ESP,esp-sanciprian,4,0,0
BRA,bra-macapabayanchorage,4,0,0
MEX,mex-lapaz,4,0,0
USA,usa-usa-66,4,0,0
AUS,aus-bunbury,4,0,0
MEX,mex-progreso,4,0,0
CAN,can-quebec,4,0,0
USA,usa-usa-1677,4,0,0
CAN,can-pointtupper,4,0,0
HND,hnd-sanlorenzo,4,0,0
ECU,ecu-puntaarenas,4,0,0
PAN,pan-melones,4,0,0
DNK,dnk-helsingor,4,0,0
DNK,dnk-esbjerg,4,0,0
COL,col-barranquilla,4,0,0
JAM,jam-montegobay,4,0,0
NOR,nor-nor-258,4,0,0
USA,usa-usa-1599,4,0,0
PER,per-mollendo,4,0,0
NZL,nzl-portlyttelton,4,0,0
NGA,nga-nga-84,4,0,0
USA,usa-usa-1694,4,0,0
PER,per-salaverry,4,0,0
USA,usa-portmanatee,4,0,0
COL,col-puertobolivar,4,0,0
PHL,phl-cagayandeoro,4,0,0
CHL,chl-guayacan,4,0,0
MYS,mys-kemaman,4,0,0
RUS,rus-taganrog,3,0,0
RUS,rus-rus-281,3,0,0
RUS,rus-temryukanchorage,3,0,0
TUR,tur-darica,3,0,0
UKR,ukr-ukr-111,3,0,0
ROU,rou-rou-93,3,0,0
ROU,rou-agigea,3,0,0
ITA,ita-catania,3,0,0
TUR,tur-cesme,3,0,0
TUR,tur-inebolu,3,0,0
TUR,tur-akcansa,3,0,0
GRC,grc-grc-332,3,0,0
FRA,fra-nantes,3,0,0
NOR,nor-mosjoen,3,0,0
NOR,nor-kristiansund,3,0,0
ITA,ita-bari,3,0,0
VEN,ven-bajogrande,3,0,0
OMN,omn-qalhatlngterminal,3,0,0
FRA,fra-fra-421,3,0,0
NOR,nor-helgeroa,3,0,0
FRA,fra-blaye,3,0,0
ESP,esp-santander,3,0,0
GBR,gbr-fawley,3,0,0
SWE,swe-sodertalje,3,0,0
POL,pol-szczecin,3,0,0
EGY,egy-hamrawein,3,0,0
TUN,tun-sfax,3,0,0
EGY,egy-rasshukhier,3,0,0
JPN,jpn-karatsu,3,0,0
JPN,jpn-kinuura,3,0,0
CHN,chn-nansha,3,0,0
CHN,chn-daishancounty,3,0,0
ARE,are-abudhabi,3,0,0
USA,usa-stockton,3,0,0
IDN,idn-banyuwangianchorage,3,0,0
USA,usa-norfolk,3,0,0
LVA,lva-liepaja,3,0,0
JPN,jpn-saganoseki,3,0,0
SYC,syc-portvictoria,3,0,0
ESP,esp-vigo,3,0,0
CAN,can-princerupert,3,0,0
NIC,nic-puertosandino,3,0,0
CHL,chl-cabonegro,3,0,0
PRT,prt-vianadocastelo,3,0,0
VIR,vir-stthomas,3,0,0
VIR,vir-vir-20,3,0,0
POL,pol-pol-29,3,0,0
KOR,kor-mokpo,3,0,0
BHS,bhs-bhs-74,3,0,0
CHN,chn-shuidong,3,0,0
BRA,bra-cabedelo,3,0,0
BRA,bra-bra-116,3,0,0
COM,com-moroni,3,0,0
IDN,idn-karimunbesaranchorage,3,0,0
IDN,idn-sungaipakning,3,0,0
CHN,chn-chn-148,3,0,0
BRA,bra-bra-81,3,0,0
ESP,esp-cadiz,3,0,0
JPN,jpn-tomakomaanchorage,3,0,0
FRA,fra-lorient,3,0,0
HRV,hrv-zadar,3,0,0
FRA,fra-roscanvel,3,0,0
BRA,bra-tubarao,3,0,0
MYS,mys-mys-105,3,0,0
ITA,ita-pozzallo,3,0,0
HRV,hrv-sutomiscica,3,0,0
FRA,fra-sete,3,0,0
IDN,idn-baubau,3,0,0
FIN,fin-vaasa,3,0,0
FIN,fin-oulu,3,0,0
SWE,swe-lulea,3,0,0
FIN,fin-fin-67,3,0,0
NOR,nor-kopervik,3,0,0
NOR,nor-hammerfest,3,0,0
NOR,nor-sortland,3,0,0
MYS,mys-mys-73,3,0,0
MYT,myt-longoni,3,0,0
MYS,mys-mys-107,3,0,0
PNG,png-portmoresby,3,0,0
PNG,png-png-2,3,0,0
PNG,png-kumul,3,0,0
SWE,swe-backviken,3,0,0
AGO,ago-matadi,3,0,0
USA,usa-portlandme,3,0,0
TUR,tur-hereke,3,0,0
TTO,tto-pointeapierre,3,0,0
NGA,nga-imaterminal,3,0,0
MYS,mys-mys-85,3,0,0
BRA,bra-bra-212,3,0,0
UKR,ukr-kerch,3,0,0
UKR,ukr-komyshburunska,3,0,0
ESP,esp-malaga,3,0,0
BRA,bra-pecem,3,0,0
REU,reu-reunion,3,0,0
OMN,omn-khasab,3,0,0
CHN,chn-macun,3,0,0
PRT,prt-pontadelgada,3,0,0
MEX,mex-mex-65,3,0,0
FRA,fra-montoir,3,0,0
CYP,cyp-larnaca,3,0,0
GAB,gab-caplopez,3,0,0
AUS,aus-mackay,3,0,0
AUS,aus-porthedland,3,0,0
AUS,aus-sydney,3,0,0
USA,usa-capecanaveral,3,0,0
GBR,gbr-clydebank,3,0,0
DNK,dnk-dragor,3,0,0
DNK,dnk-aalborg,3,0,0
SWE,swe-swe-448,3,0,0
CHL,chl-arica,3,0,0
JPN,jpn-jpn-361,3,0,0
AUS,aus-portkembla,3,0,0
NOR,nor-nor-637,3,0,0
DEU,deu-sassnitz,3,0,0
MLT,mlt-mlt-30,3,0,0
IRN,irn-mahshahr,3,0,0
NLD,nld-nld-31,3,0,0
EGY,egy-elhamraoilterminal,3,0,0
NZL,nzl-orakei,3,0,0
USA,usa-cherrypoint,3,0,0
ECU,ecu-guayaquil,3,0,0
COL,col-puertonuevo,3,0,0
CAN,can-canso,3,0,0
CHN,chn-chn-185,3,0,0
PER,per-per-40,3,0,0
GRC,grc-elefsis,3,0,0
COD,cod-boma,3,0,0
CAN,can-steveston,3,0,0
BRA,bra-vitoria,3,0,0
MYS,mys-tawau,3,0,0
MYS,mys-lumut,3,0,0
CHL,chl-coquimbo,3,0,0
MRT,mrt-nouakchott,3,0,0
GNQ,gnq-bata,3,0,0
SAU,sau-jizan,3,0,0
JPN,jpn-kanokawa,3,0,0
JPN,jpn-aomori,3,0,0
CHN,chn-panjin,3,0,0
IDN,idn-banjarmasin,3,0,0
ESP,esp-aviles,3,0,0
KOR,kor-kor-200,3,0,0
IDN,idn-tanjungbalaikarimun,2,0,0
UKR,ukr-ukr-46,2,0,0
TUR,tur-giresun,2,0,0
TUR,tur-zonguldak,2,0,0
GRC,grc-grc-342,2,0,0
CUB,cub-nuevitas,2,0,0
TUR,tur-tur-41,2,0,0
GRC,grc-corinth,2,0,0
TUR,tur-tur-162,2,0,0
TUR,tur-dikili,2,0,0
BGR,bgr-balchik,2,0,0
TUR,tur-antalya,2,0,0
UKR,ukr-izmail,2,0,0
UKR,ukr-ukr-110,2,0,0
ROU,rou-galati,2,0,0
RUS,rus-rostovnadon,2,0,0
NOR,nor-nor-936,2,0,0
NOR,nor-nor-801,2,0,0
NOR,nor-nor-62,2,0,0
IND,ind-ind-33,2,0,0
CHN,chn-chn-2342,2,0,0
ALB,alb-vlores,2,0,0
ITA,ita-ita-338,2,0,0
TUN,tun-gabes,2,0,0
IDN,idn-palembang,2,0,0
CHN,chn-dongguan,2,0,0
VEN,ven-carenero,2,0,0
VEN,ven-ven-57,2,0,0
CHN,chn-dafeng,2,0,0
FIN,fin-uusikaupunki,2,0,0
FIN,fin-kokkola,2,0,0
FRA,fra-leverdonsurmer,2,0,0
SWE,swe-swe-302,2,0,0
SWE,swe-swe-496,2,0,0
ITA,ita-ita-329,2,0,0
CHN,chn-jingjiang,2,0,0
BRA,bra-antonina,2,0,0
ITA,ita-piombino,2,0,0
TUR,tur-tur-247,2,0,0
UKR,ukr-ukr-19,2,0,0
SYR,syr-tartus,2,0,0
UKR,ukr-ochakiv,2,0,0
ITA,ita-ortona,2,0,0
IRN,irn-abadan,2,0,0
IRN,irn-kish,2,0,0
IRN,irn-irn-83,2,0,0
RUS,rus-kholmsk,2,0,0
RUS,rus-uglegorskanchorage,2,0,0
FRA,fra-fra-4,2,0,0
IND,ind-ind-185,2,0,0
JPN,jpn-hiroshima,2,0,0
CHN,chn-diashan,2,0,0
PHL,phl-zamboanga,2,0,0
CHN,chn-nanjing,2,0,0
THA,tha-krabi,2,0,0
NLD,nld-hansweert,2,0,0
CHN,chn-taizhou,2,0,0
CHN,chn-weifang,2,0,0
YEM,yem-yem-19,2,0,0
IDN,idn-kotaagung,2,0,0
TUR,tur-tur-124,2,0,0
NLD,nld-delfzijl,2,0,0
GBR,gbr-gbr-395,2,0,0
NOR,nor-kristiansand,2,0,0
NOR,nor-flekkeroy,2,0,0
NOR,nor-nesna,2,0,0
NLD,nld-dordrecht,2,0,0
TUR,tur-tur-246,2,0,0
ITA,ita-vasto,2,0,0
ITA,ita-gioiatauro,2,0,0
ITA,ita-palermo,2,0,0
KNA,kna-stkitts,2,0,0
ITA,ita-ita-235,2,0,0
ITA,ita-portotorres,2,0,0
BRA,bra-belem,2,0,0
JPN,jpn-tokuyamakudamatsu,2,0,0
KOR,kor-donghae,2,0,0
BRA,bra-maceio,2,0,0
ARG,arg-km171,2,0,0
MHL,mhl-majuro,2,0,0
IND,ind-portblair,2,0,0
QAT,qat-qat-8,2,0,0
NLD,nld-rotterdambotlek,2,0,0
AUS,aus-townsville,2,0,0
IDN,idn-muarapantai,2,0,0
IRN,irn-irn-15,2,0,0
IRN,irn-irn-21,2,0,0
PHL,phl-bacolodcity,2,0,0
DZA,dza-oran,2,0,0
AGO,ago-cabinda,2,0,0
CHN,chn-chn-2289,2,0,0
BEL,bel-oostende,2,0,0
ESP,esp-puertodesalinetas,2,0,0
LBN,lbn-saida,2,0,0
HRV,hrv-ploce,2,0,0
RUS,rus-rus-403,2,0,0
AUS,aus-darwin,2,0,0
CHN,chn-zhangzhou,2,0,0
IDN,idn-amurang,2,0,0
IDN,idn-kupang,2,0,0
NLD,nld-schiedam,2,0,0
IDN,idn-idn-9,2,0,0
ITA,ita-ancona,2,0,0
SWE,swe-swe-315,2,0,0
NOR,nor-nor-325,2,0,0
NOR,nor-haugesund,2,0,0
NOR,nor-sandnessjoen,2,0,0
NOR,nor-tananger,2,0,0
CHL,chl-antofagasta,2,0,0
ERI,eri-assab,2,0,0
CAN,can-halifax,2,0,0
IDN,idn-cinta,2,0,0
GNQ,gnq-serpentinaterminal,2,0,0
GRC,grc-gythio,2,0,0
CRI,cri-caldera,2,0,0
CHN,chn-bz26-3field,2,0,0
SWE,swe-taernoelaxboden,2,0,0
FIN,fin-turku,2,0,0
NOR,nor-uthaug,2,0,0
SWE,swe-kalmar,2,0,0
NGA,nga-nga-79,2,0,0
GBR,gbr-mousehole,2,0,0
GRC,grc-katakolo,2,0,0
NGA,nga-nga-57,2,0,0
JPN,jpn-shimizu,2,0,0
COL,col-buenaventura,2,0,0
QAT,qat-qat-12,2,0,0
USA,usa-usa-1707,2,0,0
CHN,chn-changjiangkou,2,0,0
CHN,chn-luoyuan,2,0,0
REU,reu-reu-4,2,0,0
NLD,nld-maassluis,2,0,0
GBR,gbr-bangor,2,0,0
IRN,irn-irn-79,2,0,0
USA,usa-anchorage,2,0,0
USA,usa-usa-399,2,0,0
PRT,prt-aveiro,2,0,0
PRT,prt-praiadavitoria,2,0,0
USA,usa-riverheadanchorage,2,0,0
CUW,cuw-cuw-7,2,0,0
AUS,aus-varanus,2,0,0
CMR,cmr-ebometerminal,2,0,0
CUW,cuw-caracasbay,2,0,0
URY,ury-joseignacioterminal,2,0,0
IRL,irl-bantrybay,2,0,0
CAN,can-troisrivieres,2,0,0
FJI,fji-suva,2,0,0
AUS,aus-portdalrymple,2,0,0
GAB,gab-etame,2,0,0
COD,cod-cod-6,2,0,0
NGA,nga-seaeagleterminal,2,0,0
GRC,grc-soudaanchorage,2,0,0
AUS,aus-broome,2,0,0
PHL,phl-villanueva,2,0,0
IDN,idn-tanjungbara,2,0,0
AUS,aus-taroona,2,0,0
PHL,phl-lapaz,2,0,0
BRA,bra-itaguai,2,0,0
FIN,fin-rauma,2,0,0
GBR,gbr-cardiff,2,0,0
GBR,gbr-gbr-309,2,0,0
USA,usa-usa-1047,2,0,0
GLP,glp-legosier,2,0,0
MEX,mex-dosbocas,2,0,0
MTQ,mtq-fortdefrance,2,0,0
USA,usa-usa-664,2,0,0
SAU,sau-sau-174,2,0,0
PHL,phl-agusan,2,0,0
NOR,nor-nor-989,2,0,0
NOR,nor-stavern,2,0,0
DNK,dnk-grenaa,2,0,0
SWE,swe-swe-509,2,0,0
SWE,swe-swe-456,2,0,0
SWE,swe-haraholmen,2,0,0
DEU,deu-lubeck,2,0,0
NOR,nor-nor-321,2,0,0
DNK,dnk-nykobing(falster),2,0,0
DNK,dnk-korsor,2,0,0
SWE,swe-borstahusen,2,0,0
QAT,qat-qat-25,2,0,0
NOR,nor-alta,2,0,0
NZL,nzl-auckland,2,0,0
ARG,arg-caletacordova,2,0,0
TTO,tto-tto-19,2,0,0
CHN,chn-huludao,2,0,0
COG,cog-kalamu,2,0,0
GBR,gbr-gbr-479,2,0,0
MYS,mys-sandakan,2,0,0
RUS,rus-vostochnyy,2,0,0
AUS,aus-portbonython,2,0,0
ZAF,zaf-eastlondon,2,0,0
HND,hnd-tela,2,0,0
USA,usa-dutchharbor,2,0,0
NZL,nzl-wellington,2,0,0
DZA,dza-mostaganem,2,0,0
DZA,dza-annaba,2,0,0
GBR,gbr-newport,2,0,0
ROU,rou-mangalia,2,0,0
ARG,arg-puntaloyola,2,0,0
NOR,nor-fonnes,2,0,0
USA,usa-usa-799,2,0,0
USA,usa-usa-783,2,0,0
USA,usa-fortmorgananchorage,2,0,0
DOM,dom-caucedo,2,0,0
JPN,jpn-jpn-369,2,0,0
CAN,can-tsawwassen,2,0,0
BRA,bra-ilhaguaiba,2,0,0
NOR,nor-roald,2,0,0
GRC,grc-kalymnos,2,0,0
IND,ind-sagar,2,0,0
VNM,vnm-vnm-36,2,0,0
VNM,vnm-nghison,2,0,0
VNM,vnm-campha,2,0,0
MYS,mys-sipitang,2,0,0
CHN,chn-beihai,2,0,0
QAT,qat-qat-4,2,0,0
GNQ,gnq-luba,2,0,0
COD,cod-matadi,2,0,0
MYS,mys-tanjunglangsat,2,0,0
PHL,phl-coronon,2,0,0
PHL,phl-balayan,2,0,0
NZL,nzl-bluff,2,0,0
JPN,jpn-omaezaki,2,0,0
NOR,nor-nor-816,2,0,0
JPN,jpn-hakata,2,0,0
TWN,twn-twn-1,2,0,0
CHL,chl-chanaral,2,0,0
MYS,mys-sarikei,2,0,0
USA,usa-poughkeepsie,2,0,0
USA,usa-yonkers,2,0,0
GBR,gbr-tyne,2,0,0
MYS,mys-kuantan,2,0,0
CMR,cmr-bombemgue,2,0,0
PHL,phl-cebu,2,0,0
FRA,fra-groix,2,0,0
CHN,chn-penglai,2,0,0
IDN,idn-muaraberauanchorage,2,0,0
IDN,idn-taboneoanchorage,2,0,0
JPN,jpn-kushiro,2,0,0
CHN,chn-chn-2021,2,0,0
JPN,jpn-jpn-349,2,0,0
JPN,jpn-ishigaki,2,0,0
IDN,idn-malahayati,2,0,0
IDN,idn-kruenggeukueh,2,0,0
IDN,idn-gorontalo,2,0,0
CHN,chn-majishan,2,0,0
PAK,pak-gadanianchorage,1,0,0
IDN,idn-barelang,1,0,0
TUR,tur-tur-201,1,0,0
TUR,tur-eren,1,0,0
GRC,grc-grc-325,1,0,0
RUS,rus-semikarakorsk,1,0,0
ARE,are-zakumfield,1,0,0
TUR,tur-yomra,1,0,0
RUS,rus-rus-372,1,0,0
RUS,rus-rus-359,1,0,0
RUS,rus-rus-50,1,0,0
RUS,rus-rus-392,1,0,0
IRN,irn-amirabad,1,0,0
RUS,rus-rus-10,1,0,0
RUS,rus-volgo-kaspiyskiy,1,0,0
KAZ,kaz-aktau,1,0,0
RUS,rus-rus-154,1,0,0
IRN,irn-anzali,1,0,0
TKM,tkm-bekdash,1,0,0
AZE,aze-baku,1,0,0
TKM,tkm-turkmenbashi,1,0,0
RUS,rus-olya,1,0,0
IRN,irn-anzalianchorage,1,0,0
RUS,rus-rus-203,1,0,0
AZE,aze-hovsan,1,0,0
IRN,irn-fereydoonkenar,1,0,0
RUS,rus-rus-163,1,0,0
KAZ,kaz-kuryk,1,0,0
GRC,grc-mytilini,1,0,0
UKR,ukr-ukr-100,1,0,0
TUR,tur-hopa,1,0,0
TUR,tur-tur-109,1,0,0
TUR,tur-tur-171,1,0,0
GRC,grc-grc-122,1,0,0
TUR,tur-saraylar,1,0,0
GRC,grc-corfuanchorage,1,0,0
GRC,grc-argostoli,1,0,0
UKR,ukr-ukr-91,1,0,0
TUR,tur-tur-226,1,0,0
TUR,tur-rize,1,0,0
TUR,tur-tur-134,1,0,0
UKR,ukr-yalta,1,0,0
TUR,tur-fatsa,1,0,0
ROU,rou-rou-82,1,0,0
TUR,tur-kas,1,0,0
IRN,irn-irn-115,1,0,0
CHN,chn-zhangjiagang,1,0,0
SWE,swe-swe-86,1,0,0
USA,usa-welcome,1,0,0
CHN,chn-chaozhou,1,0,0
HRV,hrv-bakar,1,0,0
GRC,grc-chios,1,0,0
IDN,idn-idn-152,1,0,0
IDN,idn-handil,1,0,0
IDN,idn-cilegon,1,0,0
USA,usa-porthueneme,1,0,0
VEN,ven-elguamache,1,0,0
NOR,nor-nor-530,1,0,0
NOR,nor-glomfjord,1,0,0
DEU,deu-deu-605,1,0,0
FRA,fra-fra-346,1,0,0
GBR,gbr-gbr-445,1,0,0
NOR,nor-porsgrunn,1,0,0
FIN,fin-fin-60,1,0,0
SWE,swe-bietnam,1,0,0
SWE,swe-swe-441,1,0,0
GBR,gbr-gbr-410,1,0,0
SWE,swe-swe-77,1,0,0
EGY,egy-egy-79,1,0,0
IND,ind-ind-53,1,0,0
CHN,chn-majishananchorage,1,0,0
ESP,esp-esp-269,1,0,0
SDN,sdn-sdn-10,1,0,0
EGY,egy-abughusun,1,0,0
USA,usa-brunswick,1,0,0
CHN,chn-chn-1278,1,0,0
USA,usa-usa-1685,1,0,0
GRC,grc-psachna,1,0,0
NLD,nld-terneuzen,1,0,0
PHL,phl-iligan,1,0,0
USA,usa-sanfrancisco,1,0,0
CHN,chn-chn-2116,1,0,0
CHN,chn-jiangyin,1,0,0
JPN,jpn-akitafunagawa,1,0,0
GBR,gbr-ellesmere,1,0,0
CHN,chn-chn-2373,1,0,0
CHN,chn-chn-74,1,0,0
DEU,deu-husum,1,0,0
MAR,mar-nador,1,0,0
ESH,esh-laayoune,1,0,0
GRC,grc-perama,1,0,0
NLD,nld-eemshaven,1,0,0
ISL,isl-isafjordur,1,0,0
ISL,isl-isl-57,1,0,0
ISL,isl-reykjavik,1,0,0
NOR,nor-nor-754,1,0,0
ESP,esp-esp-284,1,0,0
ESP,esp-marin,1,0,0
ESP,esp-ailladeons,1,0,0
TUR,tur-asyaport,1,0,0
TUR,tur-kumbag,1,0,0
PAN,pan-lasminas,1,0,0
USA,usa-usa-1877,1,0,0
USA,usa-hilo,1,0,0
USA,usa-kahului,1,0,0
CPV,cpv-praia,1,0,0
KOR,kor-gohyeon,1,0,0
GRC,grc-grc-282,1,0,0
JAM,jam-portroyal,1,0,0
VIR,vir-vir-18,1,0,0
COL,col-tumaco,1,0,0
POL,pol-pol-18,1,0,0
ITA,ita-ita-320,1,0,0
CUB,cub-mariel,1,0,0
CHN,chn-chn-193,1,0,0
KOR,kor-kor-114,1,0,0
KOR,kor-samcheok,1,0,0
CAN,can-can-6,1,0,0
ARG,arg-puertobelgrano,1,0,0
AGO,ago-namibe,1,0,0
QAT,qat-qat-6,1,0,0
COL,col-turbo,1,0,0
GBR,gbr-dover,1,0,0
SUR,sur-paramaribo,1,0,0
GUY,guy-georgetown,1,0,0
SUR,sur-paramariboanchorage,1,0,0
GHA,gha-jubileefield,1,0,0
DNK,dnk-dnk-3,1,0,0
DNK,dnk-dnk-250,1,0,0
GBR,gbr-dumbartonfield,1,0,0
GBR,gbr-gbr-537,1,0,0
GBR,gbr-gbr-22,1,0,0
GBR,gbr-gbr-548,1,0,0
GBR,gbr-macduff,1,0,0
GBR,gbr-finnart,1,0,0
NOR,nor-feisteinanchorage,1,0,0
IND,ind-bedi,1,0,0
CHN,chn-taicang,1,0,0
BRB,brb-bridgetown,1,0,0
NLD,nld-capelleaanijssel,1,0,0
NOR,nor-vormedal,1,0,0
JPN,jpn-anegasaki,1,0,0
RUS,rus-yuzhno-morskoy,1,0,0
KOR,kor-kor-211,1,0,0
IRN,irn-irn-20,1,0,0
PHL,phl-nasipitport,1,0,0
UKR,ukr-mariupolanchorage,1,0,0
OMN,omn-almudayq,1,0,0
TUR,tur-tur-69,1,0,0
FRA,fra-fra-405,1,0,0
DEU,deu-nordenham,1,0,0
SWE,swe-rindo,1,0,0
JPN,jpn-naoetsu,1,0,0
JPN,jpn-takamatsu,1,0,0
VNM,vnm-vnm-24,1,0,0
TLS,tls-dili,1,0,0
MYS,mys-mys-1,1,0,0
GRC,grc-kavala,1,0,0
IRN,irn-lengeh,1,0,0
CYP,cyp-akrotiri,1,0,0
ITA,ita-torredelgreco,1,0,0
LBY,lby-marsaalbrega,1,0,0
IDN,idn-wayame,1,0,0
IDN,idn-idn-401,1,0,0
FIN,fin-fin-11,1,0,0
SWE,swe-ljusne,1,0,0
NOR,nor-nor-907,1,0,0
SWE,swe-swe-485,1,0,0
NOR,nor-nor-692,1,0,0
HKG,hkg-hongkong,1,0,0
IDN,idn-idn-388,1,0,0
GUF,guf-kourou,1,0,0
ARG,arg-sansebastian,1,0,0
PAN,pan-colon,1,0,0
NOR,nor-fagerstrand,1,0,0
NOR,nor-sorreisa,1,0,0
NOR,nor-holla,1,0,0
NOR,nor-rorvik,1,0,0
SWE,swe-simrishamn,1,0,0
IRN,irn-irn-67,1,0,0
MYS,mys-mys-79,1,0,0
AGO,ago-banana,1,0,0
PNG,png-basamuk,1,0,0
IDN,idn-weda,1,0,0
IDN,idn-idn-352,1,0,0
TUR,tur-tur-116,1,0,0
TUR,tur-toros,1,0,0
TUR,tur-iskentermik,1,0,0
ITA,ita-salerno,1,0,0
ALB,alb-vlore,1,0,0
ITA,ita-ita-342,1,0,0
GRC,grc-myrina,1,0,0
ITA,ita-ita-343,1,0,0
USA,usa-paulsboro,1,0,0
BRA,bra-gebig,1,0,0
MYS,mys-kertih,1,0,0
CHN,chn-xiuyu,1,0,0
GHA,gha-gha-19,1,0,0
USA,usa-usa-127,1,0,0
BRA,bra-bra-110,1,0,0
PHL,phl-taganito,1,0,0
MDG,mdg-diegosuarez,1,0,0
ARE,are-are-62,1,0,0
LBN,lbn-jounieh,1,0,0
GRC,grc-grc-85,1,0,0
SLB,slb-honiara,1,0,0
PNG,png-orobay,1,0,0
PNG,png-kimbe,1,0,0
PNG,png-bialla,1,0,0
PNG,png-alotau,1,0,0
PNG,png-lae,1,0,0
USA,usa-usa-1554,1,0,0
USA,usa-usa-295,1,0,0
IDN,idn-idn-398,1,0,0
PRT,prt-canical,1,0,0
GAB,gab-m'byaoilterminal,1,0,0
LCA,lca-castries,1,0,0
CUW,cuw-fuikbaai,1,0,0
SWE,swe-ronnskar,1,0,0
FRA,fra-brest,1,0,0
NGA,nga-nga-33,1,0,0
JAM,jam-rockypoint,1,0,0
CRI,cri-puntamorales,1,0,0
MEX,mex-mex-47,1,0,0
IRN,irn-irn-6,1,0,0
CHN,chn-huangpu,1,0,0
DOM,dom-puertoviejo,1,0,0
RUS,rus-rus-407,1,0,0
GBR,gbr-carrickfergus,1,0,0
ESP,esp-santauxiaribeira,1,0,0
COL,col-tumacoanchorage,1,0,0
CAN,can-lewisporte,1,0,0
FJI,fji-vuda,1,0,0
NCL,ncl-noumea,1,0,0
WSM,wsm-apia,1,0,0
ASM,asm-pagopagoharbor,1,0,0
USA,usa-homer,1,0,0
KOR,kor-jeju,1,0,0
AUS,aus-aus-512,1,0,0
AUS,aus-cairns,1,0,0
AUS,aus-burnie,1,0,0
AUS,aus-devonport,1,0,0
NCL,ncl-ncl-27,1,0,0
JPN,jpn-fuke,1,0,0
OMN,omn-hassa,1,0,0
NGA,nga-nga-86,1,0,0
NGA,nga-nga-73,1,0,0
GRC,grc-rhodes,1,0,0
NOR,nor-nor-628,1,0,0
GBR,gbr-douglas,1,0,0
SWE,swe-vastervik,1,0,0
GBR,gbr-londonderry,1,0,0
NOR,nor-mandal,1,0,0
ISL,isl-isl-64,1,0,0
USA,usa-usa-1684,1,0,0
USA,usa-usa-1579,1,0,0
USA,usa-bridgeport,1,0,0
USA,usa-usa-659,1,0,0
USA,usa-locustpoint,1,0,0
USA,usa-newburgh,1,0,0
USA,usa-albany,1,0,0
IND,ind-sikkaanchorage,1,0,0
GUM,gum-apraharbor,1,0,0
MNP,mnp-saipan,1,0,0
CRI,cri-limon,1,0,0
USA,usa-usa-455,1,0,0
VIR,vir-vir-19,1,0,0
SWE,swe-swe-346,1,0,0
SWE,swe-swe-418,1,0,0
FIN,fin-fin-48,1,0,0
NOR,nor-langevag,1,0,0
NOR,nor-nor-608,1,0,0
NOR,nor-nor-788,1,0,0
NOR,nor-mefjord,1,0,0
DNK,dnk-hanstholm,1,0,0
DNK,dnk-thyboron,1,0,0
GBR,gbr-aberdeen,1,0,0
SWE,swe-vasteras,1,0,0
SWE,swe-swe-424,1,0,0
GBR,gbr-gbr-459,1,0,0
SWE,swe-visby,1,0,0
DNK,dnk-soeby,1,0,0
ITA,ita-palermoanchorage,1,0,0
HRV,hrv-hrv-150,1,0,0
ITA,ita-ita-147,1,0,0
TUR,tur-diliskelesi,1,0,0
EST,est-miiduranna,1,0,0
SWE,swe-swe-221,1,0,0
GBR,gbr-plymouth,1,0,0
SWE,swe-swe-430,1,0,0
SWE,swe-swe-429,1,0,0
NOR,nor-arendalanchorage,1,0,0
NOR,nor-muruvik,1,0,0
NZL,nzl-newplymouth,1,0,0
ARG,arg-caletaolivia,1,0,0
ARG,arg-arg-77,1,0,0
PER,per-lapampillaoilterminal,1,0,0
CHN,chn-cfd11field,1,0,0
PER,per-ilo,1,0,0
PER,per-tablones,1,0,0
IDN,idn-muntok,1,0,0
PHL,phl-sinisian,1,0,0
COG,cog-yomboterminal,1,0,0
AUS,aus-wandoo,1,0,0
JPN,jpn-chiba,1,0,0
IDN,idn-lawelawe,1,0,0
AUS,aus-whyalla,1,0,0
GBR,gbr-portsmouth,1,0,0
TTO,tto-tto-20,1,0,0
UKR,ukr-ukr-15,1,0,0
ZAF,zaf-mosselbay,1,0,0
DNK,dnk-hirtshals,1,0,0
IRN,irn-bahregan,1,0,0
NZL,nzl-seaviewmarina,1,0,0
NGA,nga-oduduterminal,1,0,0
ISR,isr-eilat,1,0,0
VEN,ven-catialamar,1,0,0
USA,usa-usa-1709,1,0,0
USA,usa-usa-1793,1,0,0
NZL,nzl-nz-104,1,0,0
CIV,civ-baobabmarineterminal,1,0,0
NOR,nor-flatoy,1,0,0
IRL,irl-galway,1,0,0
NOR,nor-nor-69,1,0,0
DNK,dnk-dnk-121,1,0,0
NOR,nor-rekefjord,1,0,0
SWE,swe-falkenberg,1,0,0
FRO,fro-leirvik,1,0,0
NOR,nor-steinkjer,1,0,0
NOR,nor-nor-858,1,0,0
FRO,fro-oyri,1,0,0
NOR,nor-eikefetanchorage,1,0,0
TUN,tun-sousse,1,0,0
NOR,nor-nor-222,1,0,0
USA,usa-usa-114,1,0,0
ARG,arg-comodororivadavia,1,0,0
BRA,bra-aracaju,1,0,0
MEX,mex-cayoarcasterminal,1,0,0
USA,usa-usa-319,1,0,0
GBR,gbr-thames,1,0,0
CHN,chn-shantou,1,0,0
BRA,bra-bra-276,1,0,0
ITA,ita-cagliari,1,0,0
USA,usa-bainbridgeisland,1,0,0
CAN,can-esquimalt,1,0,0
KOR,kor-kor-165,1,0,0
BRA,bra-bra-277,1,0,0
BRA,bra-bra-63,1,0,0
JPN,jpn-muroran,1,0,0
CAN,can-portcartier,1,0,0
GBR,gbr-southendanchorage,1,0,0
IRL,irl-moneypoint,1,0,0
FIN,fin-fin-68,1,0,0
FIN,fin-ajos,1,0,0
SWE,swe-swe-408,1,0,0
NOR,nor-rypefjord,1,0,0
NOR,nor-nor-341,1,0,0
NOR,nor-larkollen,1,0,0
NOR,nor-fedje,1,0,0
NOR,nor-mongstad,1,0,0
VNM,vnm-vnm-72,1,0,0
VNM,vnm-vnm-30,1,0,0
PHL,phl-minlagas,1,0,0
PHL,phl-tabaco,1,0,0
PHL,phl-phl-137,1,0,0
PHL,phl-isabel,1,0,0
PHL,phl-toledo,1,0,0
PHL,phl-puertoprincesa,1,0,0
PHL,phl-jordan,1,0,0
NOR,nor-nor-510,1,0,0
IDN,idn-pantoloan,1,0,0
IDN,idn-bitung,1,0,0
BRA,bra-portocel,1,0,0
GRC,grc-sitia,1,0,0
NGA,nga-forcadosterminal,1,0,0
CIV,civ-portbouetanchorage,1,0,0
KWT,kwt-kwt-22,1,0,0
USA,usa-reserve,1,0,0
GRC,grc-ermoupoli,1,0,0
ARG,arg-laplata,1,0,0
GNB,gnb-bissau,1,0,0
ESH,esh-dakhla,1,0,0
MRT,mrt-nouadhibou,1,0,0
TLS,tls-tls-5,1,0,0
NRU,nru-nauru,1,0,0
KIR,kir-london,1,0,0
KIR,kir-tarawa,1,0,0
NLD,nld-zaandam,1,0,0
CHL,chl-coronel,1,0,0
CHL,chl-chl-106,1,0,0
KWT,kwt-kwt-8,1,0,0
CHN,chn-haikou,1,0,0
USA,usa-usa-110,1,0,0
RUS,rus-vyborg,1,0,0
ARG,arg-arg-42,1,0,0
ARG,arg-atucha,1,0,0
ESP,esp-esp-345,1,0,0
USA,usa-pittsburg,1,0,0
CHN,chn-chn-882,1,0,0
USA,usa-deepriver,1,0,0
BMU,bmu-stgeorge's,1,0,0
TUR,tur-tur-188,1,0,0
NZL,nzl-portchalmers,1,0,0
NZL,nzl-nelson,1,0,0
TZA,tza-tanga,1,0,0
AUS,aus-haypoint,1,0,0
MYS,mys-mys-96,1,0,0
MYS,mys-mys-141,1,0,0
MYS,mys-mys-64,1,0,0
ESP,esp-puertodelrosario,1,0,0
GRC,grc-patras,1,0,0
RUS,rus-slavyanka,1,0,0
CPV,cpv-palmeira,1,0,0
LBN,lbn-chekka,1,0,0
CHN,chn-chn-2218,1,0,0
IRN,irn-irn-5,1,0,0
GRC,grc-pserimos,1,0,0
GRC,grc-arki,1,0,0
TUR,tur-tur-152,1,0,0
GRC,grc-kos,1,0,0
HRV,hrv-rasa,1,0,0
TUR,tur-akyarlar,1,0,0
UKR,ukr-vylkove,1,0,0
TUR,tur-datca,1,0,0
SDN,sdn-sawakin,1,0,0
ARE,are-fatehfield,1,0,0
AGO,ago-gimboa,1,0,0
NLD,nld-nld-32,1,0,0
GIN,gin-kamsar,1,0,0
CAN,can-conceptionbaysouth,1,0,0
CAN,can-can-448,1,0,0
AUS,aus-geraldton,1,0,0
ECU,ecu-monteverde,1,0,0
MEX,mex-mex-214,1,0,0
PAN,pan-lascumbres,1,0,0
PAN,pan-balboaanchorage,1,0,0
BRA,bra-santosbasin,1,0,0
NGA,nga-nga-78,1,0,0
PER,per-chimbote,1,0,0
RUS,rus-anapa,1,0,0
IND,ind-navlakhi,1,0,0
ESP,esp-portdesoller,1,0,0
MYS,mys-mys-126,1,0,0
BRN,brn-brn-20,1,0,0
ITA,ita-ita-273,1,0,0
CIV,civ-sanpedro,1,0,0
TWN,twn-yeliu,1,0,0
CHN,chn-shanwei,1,0,0
PNG,png-rabaul,1,0,0
PNG,png-drina,1,0,0
THA,tha-tha-2,1,0,0
IDN,idn-plajuanchorage,1,0,0
NGA,nga-okonoterminal,1,0,0
BRA,bra-ubu,1,0,0
JPN,jpn-ishikari,1,0,0
JPN,jpn-jpn-4,1,0,0
JPN,jpn-otaru,1,0,0
JPN,jpn-mikawa,1,0,0
JPN,jpn-namikata,1,0,0
KOR,kor-kor-144,1,0,0
MYS,mys-mys-55,1,0,0
MYS,mys-kuching,1,0,0
MYS,mys-mys-49,1,0,0
MYS,mys-langkawi,1,0,0
USA,usa-usa-825,1,0,0
USA,usa-blakeisland,1,0,0
FIN,fin-loviisa,1,0,0
USA,usa-galveston,1,0,0
PHL,phl-bolo,1,0,0
IDN,idn-idn-379,1,0,0
CHN,chn-luhuashananchorage,1,0,0
IDN,idn-tarjun,1,0,0
IDN,idn-kotabaru,1,0,0
THA,tha-phuket,1,0,0
USA,usa-tarrytown,1,0,0
ARG,arg-puntaquilla,1,0,0
FIN,fin-vuosaari,1,0,0
ITA,ita-arbatax,1,0,0
USA,usa-st.helens,1,0,0
TUN,tun-menzelbourguiba,1,0,0
NOR,nor-nor-706,1,0,0
FRA,fra-fra-325,1,0,0
SWE,swe-furusund,1,0,0
ITA,ita-marinadicarrara,1,0,0
RUS,rus-dekastri,1,0,0
RUS,rus-sovgavan,1,0,0
CHN,chn-chn-2317,1,0,0
SGP,sgp-tekong,1,0,0
CHN,chn-tieshan,1,0,0
IRN,irn-irn-3,1,0,0
IDN,idn-tangguhanchorage,1,0,0
THA,tha-tha-14,1,0,0
BRA,bra-natal,1,0,0
IND,ind-gopalpur,1,0,0
NOR,nor-nor-908,1,0,0
IRL,irl-fenit,1,0,0
ESP,esp-pasajes,1,0,0
ARE,are-aljazirah,1,0,0
NGA,nga-nga-59,1,0,0
GRC,grc-stnicolas,1,0,0
FIN,fin-raahe,1,0,0
RUS,rus-dudinka,1,0,0
USA,usa-usa-1550,1,0,0
GNQ,gnq-puntaeuropa,1,0,0
COG,cog-n'kossaterminal,1,0,0
CHL,chl-sanjose,1,0,0
CHL,chl-chl-51,1,0,0
IRQ,irq-irq-17,1,0,0
PHL,phl-riotuba,1,0,0
IDN,idn-bunatianchorage,1,0,0
BRA,bra-imbituba,1,0,0
IDN,idn-muarasatui,1,0,0
VNM,vnm-vnm-68,1,0,0
NCL,ncl-kouaouaanchorage,1,0,0
JPN,jpn-tsukumi,1,0,0
PHL,phl-sanfernando,1,0,0
NCL,ncl-teoudie,1,0,0
JPN,jpn-susaki,1,0,0
IDN,idn-lubuktutung,1,0,0
CHN,chn-lusi,1,0,0
CHN,chn-chn-177,1,0,0
MAR,mar-safi,1,0,0
MDV,mdv-kulhudhuffushi,1,0,0
IND,ind-ind-86,1,0,0
IDN,idn-bahodopi,1,0,0
AUS,aus-portlincoln,1,0,0
NLD,nld-alphenaandenrijn,1,0,0
MYS,mys-mys-103,1,0,0
IDN,idn-celukanbawang,1,0,0
IDN,idn-badas,1,0,0
GBR,gbr-gbr-475,1,0,0
CHN,chn-haiyang,1,0,0
JPN,jpn-hirara,1,0,0
JPN,jpn-nakagususku,1,0,0
KOR,kor-kor-1,1,0,0
IDN,idn-parepare,1,0,0
IDN,idn-samarinda,1,0,0
SAU,sau-yanbu,1,0,0
CHN,chn-weihai,1,0,0
IDN,idn-idn-98,1,0,0
KOR,kor-kor-236,1,0,0
IDN,idn-amamapareanchorage,1,0,0
IDN,idn-amamapare,1,0,0
JPN,jpn-hibi,1,0,0
MEX,mex-mex-130,1,0,0
CHL,chl-sanantonio,1,0,0
CHL,chl-michilla,1,0,0
MYS,mys-samalaju,1,0,0
PHL,phl-kauswagan,1,0,0
JPN,jpn-fukuyama,1,0,0
USA,usa-usa-493,1,0,0
ITA,ita-portovesme,1,0,0
ITA,ita-ita-336,1,0,0
USA,usa-usa-1225,1,0,0
USA,usa-coeymans,1,0,0
CHL,chl-puertomontt,1,0,0
CHL,chl-puntachungo,1,0,0
NZL,nzl-timaru,1,0,0
AUS,aus-onslow,1,0,0
JPN,jpn-hachinohe,1,0,0
AUS,aus-esperanceaus,1,0,0
URY,ury-puntapereira,1,0,0
URY,ury-nuevapalmira,1,0,0
THA,tha-songkhlaanchorage,1,0,0
PHL,phl-calapan,1,0,0
PHL,phl-calero,1,0,0
PHL,phl-batan,1,0,0
PHL,phl-recodo,1,0,0
PHL,phl-tandayag,1,0,0
CHN,chn-zhoushananchorage,1,0,0
NLD,nld-hasselt,0,0,0
TUR,tur-derince,0,0,0
USA,usa-portsulphur,0,0,0
TUR,tur-tur-143,0,0,0
