anchorage_id,port_id,anchorage,lat,lon,ships_post_designation,ships_post_designation_12m,ships_at_dock_12m,visits_12m,imos_12m
3401af17,chn-zhuhai,ZHUHAI,21.8123,113.262,17,16,0,20,9000883;9002491;9005053;9014456;9031519;9115303;9208239;9236652;9259408;9282106;9292151;9303754;9306548;9330501;9379404;9397080
35b2b7db,chn-zhapu,ZHAPU,30.5768,121.2716,14,10,0,17,9194969;9206396;9208239;9212400;9239989;9282106;9306548;9318618;9320738;9534614
3406a95f,chn-hongkong,HONGKONG,22.1613,114.2423,12,10,0,10,9031519;9114581;9208239;9212400;9231901;9239989;9251822;9320738;9371608;9410387
3452d4e7,chn-zhoushan,ZHOUSHAN,30.1381,122.302,28,8,0,13,9012886;9134232;9208069;9228538;9306548;9318618;9371608;9397080
34118a4b,chn-chn-2014,CHN-2014,23.5663,117.1287,7,7,7,7,8912558;9000883;9002491;9012886;9194969;9320738;9397080
345315d5,chn-ningbo,NINGBO,29.7022,122.6307,15,5,0,5,9144782;9234472;9313242;9322279;9371608
35ac10d9,chn-shanghai,SHANGHAI,31.1255,122.8223,8,5,0,6,9146314;9313242;9326902;9330501;9436484
3401a917,chn-zhuhai,ZHUHAI,21.7774,113.3146,6,5,0,5,9005053;9320738;9379404;9397080;9719862
36b32db5,chn-qinzhou,QINZHOU,21.6084,108.661,5,5,0,10,9114581;9194969;9306548;9320738;9534614
314e68f7,chn-yangpu,YANGPU,19.7177,109.0304,5,5,0,5,9134232;9212400;9236248;9251822;9400112
346ae0c5,chn-quanzhou,QUANZHOU,24.9269,119.0785,5,4,0,5,9127667;9225342;9289740;9326902
346a7d37,chn-putian,PUTIAN,25.3012,119.4436,6,3,0,3,9208239;9282106;9320738
346a6dfd,chn-fuzhou,FUZHOU,25.2299,119.6991,5,3,0,3,9031519;9282106;9320738
3406af0d,chn-hongkong,HONGKONG,22.0954,114.307,5,3,0,3,9224295;9251822;9258519
3585c1c9,chn-dalian,DALIAN,38.8513,122.0123,5,3,0,3,9307932;9321718;9330501
3401af3d,chn-zhuhai,ZHUHAI,21.8123,113.2665,4,3,0,3,8912558;9031519;9282106
3401a59f,chn-zhuhai,ZHUHAI,21.8669,113.2432,4,3,0,3,9114581;9236652;9386304
340e202d,chn-chn-2366,CHN-2366,23.1734,116.7885,3,3,0,5,8912558;9031519;9379404
314e692b,chn-yangpu,YANGPU,19.7554,109.0482,3,3,0,3,9232876;9251822;9306548
3585c3e1,chn-dalian,DALIAN,38.8687,122.0635,3,3,0,5,9288265;9321718;9400980
35bf2905,chn-lanshan,LANSHAN,34.9911,119.3624,4,2,0,2,9397030;9546708
35beb9e1,chn-lianyungang,LIANYUNGANG,34.9095,119.8607,4,2,0,2,9312353;9436484
3403e74f,chn-shenzhen,SHENZHEN,22.4007,113.7774,3,2,0,2,9206396;9212400
35ac1a09,chn-shanghai,SHANGHAI,31.1668,122.8223,2,2,0,2,9122461;9303754
35ac44db,chn-shanghai,SHANGHAI,30.9151,122.5906,2,2,0,2,9193721;9241114
34014723,chn-guangzhou,GUANGZHOU,21.9653,113.8801,2,2,0,2,9206396;9212400
35ac9469,chn-yangshan,YANGSHAN,30.4224,122.7772,2,2,0,2,9208239;9371608
3585c197,chn-dalian,DALIAN,38.8613,122.0243,2,2,0,2,9307932;9436484
314e6929,chn-yangpu,YANGPU,19.7501,109.0489,2,2,0,2,9308778;9439541
3585c3e5,chn-dalian,DALIAN,38.8716,122.0693,2,2,0,3,9321718;9400980
345315e9,chn-ningbo,NINGBO,29.7198,122.6418,7,1,0,1,9146314
35adc0e7,chn-shanghai,SHANGHAI,31.2486,122.0576,6,1,0,2,9326902
35beb5eb,chn-lianyungang,LIANYUNGANG,34.8231,119.8086,5,1,0,1,9307932
35be5d4d,chn-dongjiakou,DONGJIAKOU,35.5691,119.7749,4,1,0,1,9411965
3401af33,chn-zhuhai,ZHUHAI,21.8102,113.2842,2,1,0,1,9131539
3401af31,chn-zhuhai,ZHUHAI,21.8111,113.2782,2,1,0,1,9303754
345315ff,chn-ningbo,NINGBO,29.7377,122.6304,2,1,0,1,9127667
3406ab63,chn-lammaisland,LAMMA ISLAND,22.1561,114.1755,2,1,0,1,9379404
35b19d49,chn-nantong,NANTONG,32.0282,120.9133,2,1,1,1,9303754
3401a919,chn-zhuhai,ZHUHAI,21.7831,113.3137,2,1,0,1,9386304
35beb5e3,chn-lianyungang,LIANYUNGANG,34.8387,119.8028,2,1,0,1,9397030
3411f583,chn-chn-2239,CHN-2239,23.4483,117.1653,1,1,0,1,9000883
3401a909,chn-zhuhai,ZHUHAI,21.7748,113.3318,1,1,0,1,9002491
3401a8cf,chn-zhuhai,ZHUHAI,21.8085,113.2961,1,1,0,1,9046784
3446cb5d,chn-ningde,NINGDE,26.7986,119.7065,1,1,1,1,9127667
3401a4d9,chn-zhuhai,ZHUHAI,21.8997,113.2062,1,1,0,1,9134232
34533ba7,chn-chn-170,CHN-170,29.8629,122.5858,1,1,0,1,9174220
35ed4681,chn-huanghua,HUANGHUA,38.6774,118.4366,1,1,0,1,9187368
35ed01df,chn-huanghua,HUANG HUA,38.4102,117.9926,1,1,0,1,9187368
34014d1d,chn-guangzhou,GUANGZHOU,22.0308,114.1113,1,1,0,1,9187368
34014f1d,chn-guangzhou,GUANGZHOU,22.0319,113.9988,1,1,0,1,9187368
314ccff7,chn-qinzhou,QINZHOU,21.3685,108.6028,1,1,0,1,9194969
314cd07b,chn-qinzhou,QINZHOU,21.368,108.6572,1,1,0,1,9194969
35b2b8a9,chn-jinshan,JINSHAN,30.6816,121.2677,1,1,0,1,9206396
34123b33,chn-dongshan,DONGSHAN,23.5765,117.3644,1,1,1,1,9212929
35ac2be3,chn-shanghai,SHANGHAI,31.3656,122.4439,1,1,0,1,9224295
346a6e0d,chn-fuzhou,FUZHOU,25.2213,119.688,1,1,0,1,9224295
3406ad8b,chn-hongkong,HONGKONG,22.06,114.2128,1,1,0,1,9224295
3406a349,chn-hongkong,HONGKONG,22.0269,114.4501,1,1,0,1,9228538
35ac30db,chn-shanghai,SHANGHAI,31.1869,122.4991,1,1,0,1,9228538
35932103,chn-dongying,DONG YING,38.102,118.9918,1,1,0,1,9237412
346ae0d5,chn-quanzhou,QUANZHOU,24.9355,119.0904,1,1,0,1,9239989
3406ab55,chn-lammaisland,LAMMA ISLAND,22.1589,114.1468,1,1,0,1,9251602
346ae6fb,chn-quanzhou,QUANZHOU,24.9712,119.1015,1,1,0,1,9257711
35ac13a5,chn-shanghai,SHANGHAI,31.0438,122.8396,1,1,0,1,9259408
3588cbc5,chn-changxingdao,CHANGXINGDAO,39.415,121.2019,1,1,0,1,9294240
3587f307,chn-bayuquan,BAYUQUAN,40.2105,121.9523,1,1,0,1,9294305
3401a9a9,chn-zhuhai,ZHUHAI,21.7787,113.3371,1,1,0,1,9303754
3412499f,chn-gulei,GULEI,23.6569,117.594,1,1,0,1,9307748
35932145,chn-dongying,DONG YING,38.0867,118.9663,1,1,0,1,9308778
35b92ead,chn-lianyungang,LIANYUNGANG,34.7488,119.5136,1,1,0,1,9312353
35ac6b9b,chn-shanghai,SHANGHAI,30.9603,122.7938,1,1,0,1,9312353
35ac30d7,chn-shanghai,SHANGHAI,31.1839,122.4946,1,1,0,1,9313242
35ac4e8d,chn-shanghai,SHANGHAI,30.9854,122.4663,1,1,0,1,9318618
314cd07d,chn-qinzhou,QINZHOU,21.3673,108.6619,1,1,0,1,9320738
3585c17d,chn-dalian,DALIAN,38.8694,122.0461,1,1,0,1,9321718
359044c3,chn-yantai,YANTAI,37.7138,121.1394,1,1,1,1,9326067
35ac28f5,chn-shanghai,SHANGHAI,31.3718,122.5112,1,1,0,1,9330501
35ac3407,chn-shanghai,SHANGHAI,31.1884,122.4375,1,1,0,1,9330501
3452d201,chn-zoushan,ZOUSHAN,30.1153,122.1756,1,1,1,1,9389019
34415b9f,chn-ningde,NINGDE,26.4688,120.0237,1,1,0,1,9397080
3406aee5,chn-hongkong,HONGKONG,22.1048,114.2779,1,1,0,1,9410387
35beb7b7,chn-lianyungang,LIANYUNGANG,34.8871,119.814,1,1,0,1,9436484
35ac25d1,chn-shanghai,SHANGHAI,31.3088,122.5739,1,1,0,1,9436484
3585ea97,chn-dalian,DALIAN,38.8381,121.9783,1,1,0,1,9436484
3585c1d3,chn-dalian,DALIAN,38.8502,122.0015,1,1,0,1,9436484
346a6dff,chn-fuzhou,FUZHOU,25.2344,119.699,1,1,0,1,9534614
3406a361,chn-hongkong,HONGKONG,22.0469,114.4328,1,1,0,2,9534614
35beb761,chn-lianyungang,LIANYUNGANG,34.9065,119.8555,1,1,0,1,9546708
35bec9af,chn-lianyungang,LIANYUNGANG,34.8882,119.7518,1,1,0,1,9546708
35beb765,chn-lianyungang,LIANYUNGANG,34.9029,119.8498,1,1,0,1,9546708
35beca5b,chn-lianyungang,LIANYUNGANG,34.8207,119.7579,1,1,0,1,9546708
35ac26a1,chn-shanghai,SHANGHAI,31.3086,122.6076,1,1,0,1,9719862
35beb5e9,chn-lianyungang,LIANYUNGANG,34.8281,119.8084,4,0,0,0,
34531b7f,chn-ningbo,NINGBO,29.6636,122.4498,3,0,0,0,
35961c0d,chn-qingdao,QINGDAO,35.9436,120.4157,2,0,0,0,
35ed584d,chn-caofeidian,CAOFEIDIAN,38.8702,118.453,2,0,0,0,
3585eae9,chn-dalian,DALIAN,38.8432,121.9617,2,0,0,0,
34533e09,chn-ningbo,NINGBO,29.7541,122.6306,2,0,0,0,
346a6e09,chn-fuzhou,FUZHOU,25.2253,119.6935,1,0,0,0,
346a7ba3,chn-putian,PUTIAN,25.3248,119.5377,1,0,0,0,
3401a8cd,chn-zhuhai,ZHUHAI,21.8098,113.2895,1,0,0,0,
35b2b037,chn-chn-141,CHN-141,30.5295,121.4257,1,0,0,0,
3452e897,chn-liuheng,LIUHENG,29.8078,122.1595,1,0,0,0,
34414877,chn-ningde,NINGDE,26.5857,119.8212,1,0,0,0,
34533d59,chn-ningbo,NINGBO,29.7653,122.551,1,0,0,0,
3401432b,chn-guishan,GUISHAN,22.1165,113.8133,1,0,0,0,
34014ddb,chn-guangzhou,GUANGZHOU,22.0502,114.058,1,0,0,0,
359a3073,chn-shidao,SHIDAO,36.7906,122.1835,1,0,0,0,
359a3013,chn-shidao,SHIDAO,36.7842,122.1878,1,0,0,0,
3404448d,chn-huizhou,HUIZHOU,22.6652,114.6407,1,0,0,0,
35be948b,chn-rizhao,RIZHAO,35.1379,119.8322,1,0,0,0,
35be993d,chn-chn-134,CHN-134,35.07,120.0467,1,0,0,0,
346ae6c3,chn-quanzhou,QUANZHOU,24.9537,119.1073,1,0,0,0,
34123cab,chn-dongshan,DONGSHAN,23.5436,117.3645,1,0,0,0,
34531721,chn-ningbo,NINGBO,29.6907,122.5799,1,0,0,0,
35961ab3,chn-qingdao,QINGDAO,36.0392,120.3457,1,0,0,0,
3596195d,chn-qingdao,QINGDAO,35.9612,120.4435,1,0,0,0,
3404377f,chn-huizhou,HUIZHOU,22.4639,114.7174,1,0,0,0,
3451d389,chn-taizhou,TAIZHOU,28.3747,121.7225,1,0,0,0,
341361af,chn-xiamen,XIAMEN,24.2983,118.2438,1,0,0,0,
35beb771,chn-lianyungang,LIANYUNGANG,34.8993,119.8432,1,0,0,0,
3593211b,chn-dongying,DONG YING,38.1002,118.9845,1,0,0,0,
3401490f,chn-guangzhou,GUANGZHOU,21.9611,114.0154,1,0,0,0,
3590479b,chn-yantai,YANTAI,37.845,121.1164,1,0,0,0,
35ac3881,chn-shanghai,SHANGHAI,31.0695,122.5856,1,0,0,0,
35961979,chn-qingdao,QINGDAO,35.9789,120.4444,1,0,0,0,
35961971,chn-qingdao,QINGDAO,35.9746,120.4491,1,0,0,0,
35961ad7,chn-qingdao,QINGDAO,36.0098,120.3517,1,0,0,0,
35be66dd,chn-dongjiakou,DONGJIAKOU,35.4896,119.8451,1,0,0,0,
35ed6649,chn-tianjin,TIANJIN,38.8286,118.2433,1,0,0,0,
35ace005,chn-qushanisland,QUSHAN ISLAND,30.479,122.3647,1,0,0,0,
346ae6e5,chn-quanzhou,QUANZHOU,24.966,119.1014,1,0,0,0,
35961bff,chn-qingdao,QINGDAO,35.9499,120.4321,1,0,0,0,
35ac1831,chn-shanghai,SHANGHAI,31.1954,122.7543,1,0,0,0,
35adf539,chn-shanghai,SHANGHAI,31.3383,121.6539,1,0,0,0,
345319bf,chn-ningbo,NINGBO,29.7138,122.5113,1,0,0,0,
35beb585,chn-lianyungang,LIANYUNGANG,34.8117,119.7974,1,0,0,0,
3593ee35,chn-laizhou,LAIZHOU,37.4394,119.9243,1,0,0,0,
3593ebfb,chn-laizhou,LAIZHOU,37.5234,119.8727,1,0,0,0,
345323a9,chn-chn-2289,CHN-2289,29.8286,122.4897,1,0,0,0,
359bb78b,chn-shidao,SHIDAO,36.8386,122.5341,1,0,0,0,
359bc9e5,chn-shidao,SHIDAO,36.832,122.4607,1,0,0,0,
3597d3b9,chn-qingdao,QINGDAO,35.824,120.9617,1,0,0,0,
35961bd5,chn-qingdao,QINGDAO,35.9826,120.433,1,0,0,0,
35b2ce15,chn-zhapu,ZHAPU,30.5868,121.0996,1,0,0,0,
3401a911,chn-zhuhai,ZHUHAI,21.7763,113.3193,1,0,0,0,
35ad1723,chn-yangshan,YANGSHAN,30.6013,122.1362,1,0,0,0,
35ac2395,chn-shanghai,SHANGHAI,31.2726,122.6474,1,0,0,0,
35beb9cd,chn-lianyungang,LIANYUNGANG,34.9254,119.8383,1,0,0,0,
3585eae5,chn-dalian,DALIAN,38.8494,121.9561,1,0,0,0,
35becc05,chn-lianyungang,LIANYUNGANG,34.8651,119.6877,1,0,0,0,
