weapon,country,manufacturer
Shahed-136 (Geran-2),Taiwan,"Delta Electronics, Inc"
Shahed-136 (Geran-2),Taiwan,Minmax
Shahed-136 (Geran-2),Taiwan,MOLICEL
Shahed-136 (Geran-2),Taiwan,NAK
Shahed-136 (Geran-2),Taiwan,"Oupiin Enterprise Co., Ltd."
Shahed-136 (Geran-2),Taiwan,"PANJIT International, Inc"
Shahed-136 (Geran-2),Taiwan,"VBsemi Electronics Co.,Ltd"
Shahed-136 (Geran-2),Taiwan,Winbond Electronics Corporation
Shahed-136 (Geran-2),China,AngelWave
Shahed-136 (Geran-2),China,AptSemi/IR
Shahed-136 (Geran-2),China,"Beijing Jingyuxing Technology Co., Ltd."
Shahed-136 (Geran-2),China,Beijing Microelectronics Technology Institute (BMTI)
Shahed-136 (Geran-2),China,"Beijing Times Minxin Technology Co., Ltd."
Shahed-136 (Geran-2),China,Beijing Unistrong Science & Technology
Shahed-136 (Geran-2),China,"Binhai Zhirun Electronics co., Ltd"
Shahed-136 (Geran-2),China,"CapXon International Electronic Co., Ltd."
Shahed-136 (Geran-2),China,China National Weapon Industry Corporation (CNWIC) 214th Research Institute
Shahed-136 (Geran-2),China,ComNav Technology Ltd. (SinoGNSS)
Shahed-136 (Geran-2),China,CONNFLY
Shahed-136 (Geran-2),China,Daier Electron
Shahed-136 (Geran-2),China,"Dongguan Chengxing Electronic Co., Ltd."
Shahed-136 (Geran-2),China,"EGmicro - Yijing Microelectronics Co., Ltd"
Shahed-136 (Geran-2),China,ERICCO INERTIAL SYSTEM
Shahed-136 (Geran-2),China,Evatronix (HK) Electronics Trade Inc
Shahed-136 (Geran-2),China,GigaDevice
Shahed-136 (Geran-2),China,"GXSERVO (Dongguan Gongxun Power Technology Co., Ltd.)"
Shahed-136 (Geran-2),China,Honpho
Shahed-136 (Geran-2),China,Horng Jih Cable Wire Enterprise Co Ltd
Shahed-136 (Geran-2),China,"Hunan Silicon Internet of Things Technology Co., Ltd"
Shahed-136 (Geran-2),China,International standard
Shahed-136 (Geran-2),China,JB Capacitors
Shahed-136 (Geran-2),China,Jiaweicheng electronics
Shahed-136 (Geran-2),China,"Juxun Semiconductor Technology Co., Ltd. - Gainsil"
Shahed-136 (Geran-2),China,KST Digital Technology
Shahed-136 (Geran-2),China,Man Yue Technology Holdings Limited
Shahed-136 (Geran-2),China,Mean Well
Shahed-136 (Geran-2),China,"MORNSUN Guangzhou Science & Technology Co., Ltd."
Shahed-136 (Geran-2),China,"Nanjing Qinheng Microelectronics Co., Ltd. (WinChipHead, WCH)"
Shahed-136 (Geran-2),China,"Ningbo Connfly Electronic Co., Ltd."
Shahed-136 (Geran-2),China,"Ningbo Songle Relay Co., Ltd"
Shahed-136 (Geran-2),China,Raynool Technology Co. Ltd
Shahed-136 (Geran-2),China,SavantIC Semiconductor
Shahed-136 (Geran-2),China,"Shanghai Belling Co., Ltd."
Shahed-136 (Geran-2),China,"Shanghai Chuantu Microelectronics Co., Ltd."
Shahed-136 (Geran-2),China,"Shanghai Xinlong Semiconductor Technology Co., Ltd"
Shahed-136 (Geran-2),China,"Shenzhen Avionics Technology Co., Ltd"
Shahed-136 (Geran-2),China,"Shenzhen Codaca Electronic Co.,Ltd."
Shahed-136 (Geran-2),China,"Shenzhen Jinghao Capacitor Co., Ltd."
Shahed-136 (Geran-2),China,Shenzhen Woer Heat-shrinkable material
Shahed-136 (Geran-2),China,Sichuan Tu Microelectronics
Shahed-136 (Geran-2),China,"SINO-IC Microelectronic Co., Ltd"
Shahed-136 (Geran-2),China,SMC Diode Solutions
Shahed-136 (Geran-2),China,"Unicore Communications, Inc."
Shahed-136 (Geran-2),China,"WeEn Semiconductors Co., Ltd."
Shahed-136 (Geran-2),China,"Xiamen Hongfa Electroacoustic Co., Ltd."
Shahed-136 (Geran-2),China,Xingkay Tech
Shahed-136 (Geran-2),China,XLSEMI
Shahed-136 (Geran-2),China,"Xuyi OuGe Electronics Co., Ltd."
Shahed-136 (Geran-2),China,"Yangzhou Yangjie Electronic Technology Co., Ltd."
Shahed-136 (Geran-2),China,Yantel Corporation
Shahed-136 (Geran-2),China,"Yiyang Anxing Electronics Co., Ltd (AXBOOM)"
Shahed-136 (Geran-2),China,Yueli Electronic
Shahed-136 (Geran-2),China,"YueQing Daier Electron Co., Ltd"
Shahed-136 (Geran-2),China,Zhuzhou Torch Spark Plug
Shahed-136 (Geran-2),China,ZOMAX Group
Shahed-136 (Geran-2),China,Not identified
Shahed-136 (Geran-2),Iran,MADO
Shahed-107,Taiwan,"Oupiin Enterprise Co., Ltd."
Shahed-107,Taiwan,Winbond Electronics Corporation
Shahed-107,China,GigaDevice
Shahed-107,China,Mean Well
Shahed-107,China,"Mile Haoxiang Technology Co., Ltd. (DLE)"
Shahed-107,China,Raynool Technology Co. Ltd
Shahed-107,China,Zhejiang Renew Electronic
Geran-4,Taiwan,"FOTEK CONTROLS CO., LTD"
Geran-4,Taiwan,Jamicon (Kaimei Electronic Corp.)
Geran-4,China,"Beijing Sensirt Sensor Technology Co., Ltd."
Geran-4,China,"CapXon International Electronic Co., Ltd."
Geran-4,China,CONNFLY
Geran-4,China,"Dongguan Chengxing Electronic Co., Ltd."
Geran-4,China,Honpho
Geran-4,China,Hunan Aihua Group
Geran-4,China,"Hunan Silicon Internet of Things Technology Co., Ltd"
Geran-4,China,JerCap
Geran-4,China,KEFA ELECTRONICS
Geran-4,China,Mean Well
Geran-4,China,"MORNSUN Guangzhou Science & Technology Co., Ltd."
Geran-4,China,"Nanjing Kaida Optoelectronics Technology Co., Ltd"
Geran-4,China,"Nanjing Qinheng Microelectronics Co., Ltd. (WinChipHead, WCH)"
Geran-4,China,"Ningbo Connfly Electronic Co., Ltd."
Geran-4,China,Raynool Technology Co. Ltd
Geran-4,China,SCYTON Technology
Geran-4,China,"Shanghai Belling Co., Ltd."
Geran-4,China,"Telefly Telecommunications Equipment Co., Limited"
Geran-4,China,Ultrasilicon
Geran-4,China,UMW Youtai Semiconductor
Geran-4,China,"Unicore Communications, Inc."
Geran-4,China,"Xiamen Hongfa Electroacoustic Co., Ltd."
Geran-4,China,Xingkay Tech
Geran-4,China,XLSEMI
Geran-4,China,"Yangzhou Yangjie Electronic Technology Co., Ltd."
