port,n_sanctioned_ships,imos
Dongjiakou,54,9144782;9153525;9171448;9174220;9174397;9178068;9181194;9182291;9189146;9196644;9197844;9198317;9208215;9222443;9224271;9230971;9233349;9236248;9237412;9238868;9240512;9242118;9255684;9256975;9256987;9257137;9257149;9259367;9262168;9262766;9263215;9264570;9271406;9273337;9276573;9280873;9281891;9286073;9288019;9289491;9292163;9294240;9294331;9297319;9304655;9320843;9328716;9337195;9365752;9365764;9365776;9371608;9379698;9379703
Lanshan,45,9174220;9174397;9181194;9182291;9196644;9197844;9198317;9203265;9208215;9222443;9224271;9231901;9236248;9237412;9238868;9240512;9242118;9251810;9256975;9263215;9264570;9269403;9273337;9286229;9288875;9289491;9291262;9292163;9292187;9292228;9294240;9294331;9297319;9304655;9308065;9308778;9320843;9326055;9328716;9365752;9371608;9379698;9379703;9400980;9410387
Zhoushan,38,9144782;9153525;9154000;9169421;9171448;9174220;9174397;9178068;9181194;9182291;9198317;9203277;9208069;9212400;9229439;9230971;9231901;9233349;9237412;9240885;9256987;9257149;9262168;9262766;9263215;9264570;9271406;9280366;9289491;9292163;9292228;9304655;9326055;9341512;9365764;9371608;9410387;9417464
Qianwan,35,9224271;9228538;9238868;9244635;9247986;9251822;9256975;9259185;9262168;9262766;9264881;9280873;9286073;9286229;9288875;9289491;9292187;9303754;9304655;9307009;9307047;9326055;9328716;9330501;9337195;9354167;9365752;9365776;9371608;9379698;9379703;9400112;9415844;9436484;9719862
Ningbo,31,9154000;9171448;9198317;9208069;9208215;9212400;9237412;9257137;9257149;9262168;9263215;9264570;9271406;9280366;9281891;9282481;9288019;9289491;9291262;9292163;9292228;9294331;9297319;9304655;9308065;9315654;9332614;9371608;9400980;9410387;9417464
Yantai,26,9144782;9174220;9189146;9198317;9224271;9230971;9233349;9236248;9242118;9256987;9257149;9259367;9263215;9264570;9276573;9281891;9286073;9292163;9292228;9297319;9304655;9365752;9365764;9365776;9371608;9410387
Qingdao,25,9174220;9189146;9224271;9236248;9242118;9251822;9259185;9262168;9263215;9271406;9282792;9286073;9289491;9292228;9294331;9297319;9304655;9307047;9328716;9354167;9365752;9365764;9365776;9371608;9379703
Aoshan Oil Terminal,20,9144782;9169421;9174397;9198317;9229439;9233349;9240512;9247986;9262766;9263215;9280873;9292163;9292228;9297319;9304655;9326055;9371608;9410387;9417464;9719862
Nansha,20,9181194;9197844;9228538;9241487;9251810;9273337;9302566;9303754;9307009;9307023;9307047;9313242;9328716;9330501;9354167;9365776;9400112;9415844;9436484;9719862
Changxindao,17,9174397;9178068;9208215;9222443;9232876;9251822;9256975;9259367;9263215;9286229;9292187;9294240;9304655;9337195;9371608;9379703;9410387
Dongying,16,9144782;9230971;9231901;9232876;9233349;9236248;9242118;9251810;9264570;9271406;9276573;9281891;9288019;9308778;9341512;9417464
Nianyuwan,15,9174220;9203277;9208215;9222443;9251822;9259367;9286229;9288265;9294240;9321718;9330501;9337389;9365752;9371608;9436484
Suanshan,15,9228538;9241487;9292151;9302566;9303754;9307009;9307023;9307047;9313242;9330501;9354167;9400112;9415844;9436484;9719862
Dagang,14,9238868;9264881;9286073;9289491;9297319;9304655;9326055;9328716;9337195;9354167;9365752;9365776;9371608;9379698
Wafangdian,11,9163269;9208215;9224271;9231901;9259367;9263215;9281891;9304655;9320843;9371608;9410387
Yingkou,11,9171448;9230971;9259367;9262168;9264570;9281891;9292163;9292228;9294331;9365752;9410387
Meishan,11,9240512;9262766;9280873;9289491;9292163;9292228;9297319;9326055;9371608;9417464;9719862
Longkou,10,9144782;9230971;9233349;9236248;9237412;9259185;9264570;9271406;9281891;9299707
Tianjin,9,9224271;9232876;9242118;9257149;9280873;9297319;9308778;9379698;9719862
Shanghai,9,9231901;9241487;9242118;9246322;9303754;9330501;9354167;9400112;9436484
Yangshan,9,9242118;9292151;9302566;9307009;9307023;9307047;9354167;9415844;9719862
Lamma Island,8,9127667;9144782;9222443;9231901;9238868;9251822;9286073;9379698
Dalian,8,9174220;9208215;9233349;9256987;9281891;9286229;9365752;9410387
Daxie,7,9241487;9257149;9292163;9292187;9321677;9371608;9410387
Mabianzhou,6,9233349;9236248;9263215;9281891;9292163;9410387
Shulanghu,6,9262766;9292151;9307023;9307047;9354167;9365752
Gulei,5,9041655;9230971;9257137;9400980;9413004
Laizhou,4,9144782;9230971;9231901;9337389
Yangpu,4,9171448;9256987;9257149;9263215
Rongcheng,4,9197844;9282792;9365752;9365764
Lianyungang,4,9231901;9251810;9251822;9276573
Xianren Dao,4,9292163;9292228;9326055;9365752
BZ 34 Terminal,3,9144782;9242118;9276573
Zhoushan Wugang Port,3,9153525;9269403;9328716
Nanjing,3,9154000;9163269;9212400
Erman,3,9232876;9251822;9400112
Bohai Peng Lai FPSO,3,9232876;9242118;9276573
Zhanjiang,3,9263215;9289491;9304655
Shidao,3,9276573;9337389;9365752
Jinshan,2,9012886;9282106
Gaolan,2,9012886;9282106
Xinsha,2,9127667;9282106
BZ 28 Terminal,2,9144782;9232876
Changzhou,2,9154000;9163269
Zhapu,2,9154000;9163269
Shekou,2,9208215;9252955
Nantong,2,9212400;9299707
Huizhou,2,9233349;9379703
Huangpu,2,9288019;9321421
Jingjiang,2,9400112;9436484
Qinzhou,1,9012886
Ningde,1,9127667
Qinglanshan Oil Terminal,1,9127667
Xiamen,1,9228538
Houshi,1,9228538
Xiangshan,1,9231767
Baima,1,9237412
Beilun,1,9241487
Jiang Yin,1,9242118
Luoyuan,1,9276573
Chaozhou,1,9282106
Qinhuangdao,1,9282792
Xiahai,1,9304655
Panyu Oil Terminal,1,9304655
Brightoil Petroleum Storage (Zhoushan),1,9321677
Caofeidian,1,9379698
Baoshan,1,9436484
Dayao Bay,1,9719862
