date,company,ticker,index,type,action,amount_usd_m,excess_first_day_pct,excess_5d_pct,excess_20d_pct
2009-12-16,Credit Suisse,CSGN.SW,^SSMI,fine,OFAC/DOJ settlement (Iran and others),536,,,
2009-12-22,Lloyds,LLOY.L,^FTSE,fine,OFAC/DOJ settlement,217,-1.8,-0.8,+7.5
2010-08-18,Barclays,BARC.L,^FTSE,fine,OFAC/DOJ settlement,176,+0.2,-1.9,-7.0
2010-07-28,Maersk (Maersk Line Ltd),MAERSK-B.CO,^STOXX50E,fine,OFAC settlement,3.1,+0.4,-2.0,-6.4
2009-08-06,Deutsche Post (DHL),DHL.DE,^GDAXI,fine,OFAC settlement,9.4,-0.4,-1.8,-0.7
2011-08-25,JPMorgan Chase,JPM,^GSPC,fine,OFAC settlement,88.3,+1.1,+1.3,-14.2
2012-06-12,ING,INGA.AS,^AEX,fine,OFAC/DOJ settlement,619,-3.7,-3.2,-1.6
2012-08-06,Standard Chartered,STAN.L,^FTSE,fine,NY regulator order alleging Iran dealings,,-22.5,-16.4,-10.8
2012-12-10,Standard Chartered,STAN.L,^FTSE,fine,OFAC/DOJ settlement,132,-0.0,+0.7,+8.5
2012-12-11,HSBC,HSBA.L,^FTSE,fine,OFAC/DOJ settlement,375,-0.0,+0.2,+2.0
2012-12-12,MUFG (Bank of Tokyo-Mitsubishi UFJ),8306.T,^N225,fine,OFAC settlement,8.6,-0.6,+9.0,+13.9
2013-06-20,MUFG (Bank of Tokyo-Mitsubishi UFJ),8306.T,^N225,fine,NY regulator settlement,250,-1.3,-0.5,+3.7
2013-06-28,Intesa Sanpaolo,ISP.MI,FTSEMIB.MI,fine,OFAC settlement,2.9,-1.6,+0.9,+5.3
2013-12-11,Royal Bank of Scotland,NWG.L,^FTSE,fine,OFAC settlement,33.1,-4.4,-4.6,+2.7
2014-01-23,Deutsche Boerse (Clearstream),DB1.DE,^GDAXI,fine,OFAC settlement,151.9,-1.8,-1.8,-1.6
2014-06-30,BNP Paribas,BNP.PA,^FCHI,fine,OFAC/DOJ guilty plea (Iran Sudan Cuba),963.6,+3.3,+0.9,+2.7
2015-03-12,Commerzbank,CBK.DE,^GDAXI,fine,OFAC/DOJ settlement,258.7,+4.1,+2.0,+5.3
2015-10-20,Credit Agricole,ACA.PA,^FCHI,fine,OFAC/DOJ settlement,329.6,-1.2,-0.3,-3.7
2015-11-04,Deutsche Bank,DBK.DE,^GDAXI,fine,NY regulator settlement (Iran Syria),258,-1.7,-2.5,-8.2
2016-03-07,ZTE,0763.HK,^HSI,sanction,US Commerce export ban (Entity List) over Iran sales,,-9.6,-16.1,-17.8
2017-03-07,ZTE,0763.HK,^HSI,fine,OFAC/BIS/DOJ guilty plea,100.9,+5.6,+12.3,+13.4
2018-04-16,ZTE,0763.HK,^HSI,sanction,US Commerce denial order (breach of Iran plea),,-40.7,-53.6,-48.3
2018-04-16,ZTE,000063.SZ,399001.SZ,sanction,US Commerce denial order (breach of Iran plea),,-7.9,-38.2,-62.1
2017-07-27,CSE Global,544.SI,^STI,fine,OFAC settlement,12.0,-0.5,-3.2,-9.1
2017-08-24,China Oilfield Services (COSL Singapore),2883.HK,^HSI,fine,OFAC settlement,0.4,+0.3,-3.3,-0.2
2018-11-19,Societe Generale,GLE.PA,^FCHI,fine,OFAC/DOJ settlement,54.0,-0.3,-0.1,-6.4
2018-12-12,Yantai Jereh,002353.SZ,399001.SZ,fine,OFAC/BIS settlement,2.8,+0.1,-5.8,-6.8
2019-04-09,Standard Chartered,STAN.L,^FTSE,fine,OFAC/DOJ settlement,657,+0.7,+4.1,+8.5
2019-04-15,UniCredit,UCG.MI,FTSEMIB.MI,fine,OFAC/DOJ settlement,611,+3.6,-0.7,-9.7
2019-09-25,COSCO Shipping Energy,1138.HK,^HSI,sanction,OFAC designated two tanker subsidiaries,,-21.5,-27.0,-21.0
2019-09-25,COSCO Shipping Energy,600026.SS,000001.SS,sanction,OFAC designated two tanker subsidiaries,,-9.1,-3.2,-20.3
2019-10-15,Halkbank,HALKB.IS,XU100.IS,criminal,DOJ indictment for Iran sanctions evasion,,-1.7,-0.5,+0.9
2020-10-20,Berkshire Hathaway,BRK-B,^GSPC,fine,OFAC settlement (Turkish subsidiary),4.1,+0.3,+0.5,+5.7
2021-04-29,SAP,SAP.DE,^GDAXI,fine,OFAC/BIS/DOJ settlement,2.1,-0.7,-1.7,-4.8
2021-07-19,Alfa Laval,ALFA.ST,^OMX,fine,OFAC settlement (Dubai unit),0.4,+7.5,+9.0,+13.3
2022-01-11,Sojitz,2768.T,^N225,fine,OFAC settlement (Hong Kong unit),5.2,-0.7,+2.2,+12.2
2022-04-25,Japan Post (Toll Holdings),6178.T,^N225,fine,OFAC settlement,6.1,-0.8,+0.8,+5.5
2023-04-06,Microsoft,MSFT,^GSPC,fine,OFAC/BIS settlement,3.0,+1.3,+0.6,+8.1
2023-09-21,3M,MMM,^GSPC,fine,OFAC settlement (Swiss unit),9.6,-0.1,-2.7,-8.7
2024-04-19,SCG Chemicals (SCG Plastics),SCC.BK,^SET.BK,fine,OFAC settlement,20.0,,,
2025-07-15,Interactive Brokers,IBKR,^GSPC,fine,OFAC settlement,11.8,-0.2,+3.4,+9.4
2025-07-08,Samsung (Harman),005930.KS,^KS11,fine,OFAC settlement,1.5,-2.2,+0.5,+11.2
2025-03-20,Wintime Energy,600157.SS,000001.SS,sanction,OFAC designated 80%-owned Huaying Huizhou terminal,,-0.0,-1.0,-6.1
2025-08-21,Qingdao Port,6198.HK,^HSI,sanction,OFAC designated 70%-owned Dongjiakou terminal,,-1.5,-0.0,+5.6
2025-08-21,Qingdao Port,601298.SS,000001.SS,sanction,OFAC designated 70%-owned Dongjiakou terminal,,-2.2,-6.4,-4.2
2025-08-21,PetroChina,0857.HK,^HSI,sanction,OFAC designated ~21%-owned Yangshan Shengang depot,,-1.5,-1.8,-9.6
2025-08-21,Shanghai International Port Group,600018.SS,000001.SS,sanction,OFAC designated Yangshan Shengang depot,,-1.8,-3.0,-5.9
2025-08-21,Zhangjiagang Freetrade,600794.SS,000001.SS,sanction,OFAC designated ~28%-owned Yangshan Shengang depot,,-2.9,-7.9,-9.9
2025-10-09,Sinopec Kantons,0934.HK,^HSI,sanction,OFAC designated 50%-owned Rizhao Shihua terminal,,-2.6,-3.6,-0.4
2026-04-24,Hengli Petrochemical,600346.SS,000001.SS,sanction,OFAC designated Hengli Dalian refinery,,-10.1,-4.5,-25.0
