listed_company,ticker,exchange,designated_entity,designated_entity_zh,ofac_action_date,program,relationship,stake_pct,evidence_level,ofac_source,ownership_source,notes
Wintime Energy (永泰能源),600157,SSE,Huaying Huizhou Daya Bay Petrochemical Terminal Storage Co. Ltd,华瀛（惠州大亚湾）石化码头仓储有限公司,2025-03-20,IRAN-EO13846,indirect subsidiary via wholly owned Huaying Petrochemical,80,proven,https://ofac.treasury.gov/recent-actions/20250320,http://static.cninfo.com.cn/finalpage/2025-12-13/1224874176.PDF,Company also guarantees loans for this terminal
Qingdao Port International (青岛港),601298 / 06198,SSE / HKEX,Qingdao Port Haiye Dongjiakou Oil Products Co. Ltd,青岛港海业董家口油品有限公司,2025-08-21,IRAN-EO13846,subsidiary,70,proven,https://ofac.treasury.gov/recent-actions/20250821,http://static.cninfo.com.cn/finalpage/2026-08-29/1225524260.PDF,Bought 5% from Mercuria in 2023 to reach 70%
Hengli Petrochemical (恒力石化),600346,SSE,Hengli Petrochemical (Dalian) Refinery Co. Ltd,恒力石化（大连）炼化有限公司,2026-04-24,IRAN-EO13902,subsidiary,,proven,https://ofac.treasury.gov/recent-actions/20260424,http://static.cninfo.com.cn/finalpage/2026-08-29/ (600346 2026 H1 report),Company denies Iranian trade; stake % to confirm
Zhangjiagang Free Trade Science & Technology (保税科技),600794,SSE,Yangshan Shengang International Petroleum Storage and Transportation Co. Ltd,洋山申港国际石油储运有限公司,2025-08-21,IRAN-EO13846,associate,28.0144,documented,https://ofac.treasury.gov/recent-actions/20250821,http://static.cninfo.com.cn/finalpage/2026-08-15/1225473465.PDF,Equity-method investment carried at ~RMB148m
PetroChina (中国石油),601857 / 00857,SSE / HKEX,Yangshan Shengang International Petroleum Storage and Transportation Co. Ltd,洋山申港国际石油储运有限公司,2025-08-21,IRAN-EO13846,associate via wholly owned PetroChina International,21,documented,https://ofac.treasury.gov/recent-actions/20250821,http://static.cninfo.com.cn/finalpage/2025-05-31/1223735233.PDF,PetroChina listed it as a guarantee recipient (pre-designation document)
Shanghai International Port Group (上港集团),600018,SSE,Yangshan Shengang International Petroleum Storage and Transportation Co. Ltd,洋山申港国际石油储运有限公司,2025-08-21,IRAN-EO13846,associate of controlled subsidiary Shanghai Shenggang Energy; guarantor (RMB 630m + 645m) for futures delivery business,,documented,https://ofac.treasury.gov/recent-actions/20250821,http://static.cninfo.com.cn/finalpage/2025-08-29/1224606804.PDF,Stake % to confirm
COSCO Shipping Energy Transportation (中远海能),600026 / 01138,SSE / HKEX,COSCO Shipping Tanker (Dalian) Seaman and Ship Management Co. Ltd,,2019-09-25,IRAN-EO13846,lead: likely group company of subsidiary Dalian COSCO Shipping Tanker,,lead,OpenSanctions us_ofac_sdn,,Dalian tanker parent was delisted Jan 2020; check whether seaman-management unit remains listed and who owns it
Sinopec Kantons Holdings,00934,HKEX,RIZHAO SHIHUA CRUDE OIL TERMINAL CO.,日照实华原油码头有限公司,2025-10-09,IRAN-EO13902,"50% JV; JV entered liquidation and sold operating assets for ~RMB2.41bn to undisclosed ""independent third-party transferees""; H1 2026 profit -31% (profit warning cites sanction + Hormuz)",50,documented,https://ofac.treasury.gov/recent-actions/20251009,https://www1.hkexnews.hk/listedco/listconews/sehk/2026/0227/2026022702200.pdf; https://www1.hkexnews.hk/listedco/listconews/sehk/2026/0727/2026072700602.pdf,Sanction impact already reported; buyer of terminal assets unnamed (lead)
Qingdao Port International,06198/601298,HKEX/SSE,RIZHAO SHIHUA CRUDE OIL TERMINAL CO.,日照实华原油码头有限公司,2025-10-09,IRAN-EO13902,"Terminated agreed cash purchase of 50% stake (~RMB1.79bn) on 2025-12-12, citing SDN listing",0,documented,https://ofac.treasury.gov/recent-actions/20251009,http://static.cninfo.com.cn/finalpage/2025-12-12/1224871861.PDF,Still 70% owner of sanctioned Dongjiakou Oil Products (USCC 913702115720760002); H1 2026 report has no sanctions/OFAC mention
Sinopec Kantons Holdings,00934,HKEX,(not designated) Qingdao Shihua Crude Oil Terminal,青岛实华原油码头有限公司,,,50% JV; Qingdao/Qianwan port areas visited by many sanctioned tankers per GUR port lists,50,lead,,https://www1.hkexnews.hk/listedco/listconews/sehk/2026/0417/2026041700608.pdf,GUR port names are coarse AIS areas without dates; not proof the terminal handled Iranian cargo
Sinopec Kantons Holdings,00934,HKEX,(not designated) Ningbo Shihua Crude Oil Terminal,宁波实华原油码头有限公司,,,50% JV; Ningbo/Zhoushan port areas visited by many sanctioned tankers per GUR,50,lead,,https://www1.hkexnews.hk/listedco/listconews/sehk/2026/0417/2026041700608.pdf,"Other 50% held via Ningbo Zhoushan Port (601018, mainland) side; lead only"
