partner,year,china_reported_imports_usd,china_reported_kg,partner_reported_exports_usd,partner_reported_kg
Malaysia,2015,103124041.0,270365000.0,110794902.0,239065360.0
Malaysia,2016,820121483.0,2550113135.639,113420516.0,367600352.0
Malaysia,2017,2687924235.0,6587311100.0,197388714.561,483044000.0
Malaysia,2018,4851171156.0,8881475000.0,174506732.584,332098000.0
Malaysia,2019,5620412078.0,12033632000.0,54131907.016,105263000.0
Malaysia,2020,3795931693.0,12463031000.0,245663208.872,852349000.0
Malaysia,2021,8953461389.0,18526994000.0,143092975.577,265342000.0
Malaysia,2022,21740571821.0,35675854000.0,54802954.84,77620900.0
Malaysia,2023,28611452764.0,46939955132.361,130902734.391,195322000.0
Malaysia,2024,38348163667.0,70157360000.0,178744586.548,410499680.0
Malaysia,2025,31022551414.0,64742423979.0,177767631.506,313684685.0
Indonesia,2015,577995393.0,1615431700.0,631195083.0,1599896699.0
Indonesia,2016,930137969.0,2892202072.341,763879002.0,2654059210.0
Indonesia,2017,611753861.0,1485246009.0,550447441.7,1467957700.0
Indonesia,2018,255902597.0,459801400.0,207037730.0,442388900.0
Indonesia,2019,140593368.0,280436200.0,97358395.54,209383000.0
Indonesia,2020,421432458.0,1513042800.0,188496854.734,599427235.0
Indonesia,2021,468293092.0,971376500.0,177978987.849,407822100.0
Indonesia,2022,448830126.0,779817400.0,0,0
Indonesia,2023,77317362.0,117047300.0,62842403.13,113658657.0
Indonesia,2024,92094578.0,147279903.0,76285388.37,139966702.0
Indonesia,2025,6742475926.0,14526179979.0,84174853.18,167566200.0
UAE,2015,5095216654.0,12565450664.259,0,0
UAE,2016,3861686317.0,12007656434.845,0,0
UAE,2017,4156681661.0,10157654000.0,0,0
UAE,2018,6644419995.0,12196313000.0,0,0
UAE,2019,7526757616.0,15279577000.0,26743016.136,56875200.0
UAE,2020,9929602251.0,31155330000.0,0,0
UAE,2021,16374657255.0,31936810000.0,20830.496,3100.0
UAE,2022,32246641463.0,42770860000.0,2704.359,404.0
UAE,2023,26640397462.0,43706241409.313,1034.717,140.0
UAE,2024,22068408683.0,35532280000.0,0,0
UAE,2025,20818102280.0,37530508241.0,0,0
Oman,2015,13943458123.0,32071004894.003,0,0
Oman,2016,11147585829.0,34662675765.07,0,0
Oman,2017,12374603703.0,31006893830.0,0,0
Oman,2018,17412542956.0,32901760000.0,0,0
Oman,2019,16578833485.0,33866380000.0,0,0
Oman,2020,12895661009.0,37877690000.0,0,0
Oman,2021,22461560711.0,44814620000.0,0,0
Oman,2022,29157745536.0,39370090000.0,0,0
Oman,2023,25038737515.0,41078557779.627,0,0
Oman,2024,25045149223.0,40767880000.0,0,0
Oman,2025,19462295110.0,35360880847.0,0,0
Iran,2015,10799921200.0,26614560067.0,,
Iran,2016,9356527260.0,29093498419.784,,
Iran,2017,11928933144.0,31151914000.0,,
Iran,2018,15023216880.0,29274400000.0,,
Iran,2019,7080340181.0,14770561000.0,,
Iran,2020,1309986539.0,3918976000.0,,
Iran,2021,147797618.0,260312000.0,,
Iran,2022,560630315.0,780392000.0,,
Iran,2023,0,0,,
Iran,2024,0,0,,
Iran,2025,0,0,,
