company,ticker,action_date,first_session,open_gap_pct,index_open_gap_pct,first_close_pct,index_first_close_pct,close_5d_pct
ZTE,0763.HK,2016-03-07,2016-04-07,-13.7,+0.7,-10.3,+0.5,-14.7
COSCO Shipping Energy,1138.HK,2019-09-25,2019-09-30,-25.0,-0.4,-21.1,+0.6,-26.4
Qingdao Port,6198.HK,2025-08-21,2025-08-22,+0.0,+0.4,-0.6,+0.9,-0.5
PetroChina,0857.HK,2025-08-21,2025-08-22,+0.0,+0.4,-0.5,+0.9,-2.3
Sinopec Kantons,0934.HK,2025-10-09,2025-10-10,-1.8,-0.9,-4.3,-1.7,-6.9
Hengli Petrochemical,600346.SS,2026-04-24,2026-04-27,-10.0,-0.1,-10.0,+0.2,-2.5
Halkbank,HALKB.IS,2017-03-28,2017-03-29,-10.6,-1.0,-14.3,-1.0,-14.3
Halkbank,HALKB.IS,2019-10-15,2019-10-16,-7.2,-1.8,-3.5,-1.2,+0.4
Industrial Bank of Korea,024110.KS,2020-04-20,2020-04-21,-1.8,-0.6,-2.9,-1.0,-1.0
