publication_id,published_us_eastern
153,2024-01-08T15:35:12
154,2024-01-08T16:05:55
155,2024-01-08T16:20:58
156,2024-01-08T16:37:41
157,2024-01-08T16:57:52
158,2024-01-08T17:05:39
159,2024-01-08T17:18:15
160,2024-01-09T09:48:43
161,2024-01-09T10:13:30
162,2024-01-09T10:26:45
163,2024-01-09T11:01:38
164,2024-01-09T12:27:40
165,2024-01-09T13:25:23
166,2024-01-09T14:05:29
167,2024-01-09T14:21:37
168,2024-01-09T14:40:54
169,2024-01-09T14:49:38
170,2024-01-09T15:04:20
171,2024-01-09T15:20:00
172,2024-01-09T15:35:36
173,2024-01-09T16:14:31
174,2024-01-09T16:31:12
175,2024-01-10T09:56:11
176,2024-01-10T10:07:38
177,2024-01-10T10:42:03
178,2024-01-10T10:51:47
179,2024-01-10T11:24:09
180,2024-01-10T11:39:44
181,2024-01-11T11:52:45
182,2024-01-12T12:35:47
183,2024-01-17T11:02:21
184,2024-01-19T09:25:59
185,2024-01-22T10:01:08
186,2024-01-23T10:35:36
192,2024-02-05T11:43:14
195,2024-02-05T12:19:39
196,2024-02-05T12:27:53
197,2024-02-05T12:38:43
198,2024-02-05T12:47:20
201,2024-03-07T15:46:35
202,2024-03-12T10:57:38
203,2024-03-12T11:12:02
204,2024-03-12T11:30:48
205,2024-03-12T11:43:10
206,2024-03-12T12:15:52
207,2024-03-12T12:32:56
208,2024-03-12T12:41:52
209,2024-03-12T13:06:41
210,2024-03-13T09:57:22
211,2024-03-13T10:22:19
212,2024-03-13T11:17:37
213,2024-03-13T12:08:48
214,2024-03-13T13:05:48
215,2024-03-13T14:17:11
216,2024-03-13T14:45:48
217,2024-03-13T15:02:27
218,2024-03-13T15:42:10
220,2024-03-19T13:32:36
221,2024-03-19T15:49:36
223,2024-03-20T10:35:25
224,2024-03-22T09:17:22
225,2024-03-22T12:11:29
226,2024-03-25T11:44:04
227,2024-03-26T10:23:49
229,2024-03-27T13:38:56
230,2024-03-27T14:52:00
231,2024-04-02T15:29:40
232,2024-04-04T10:31:31
233,2024-04-12T10:30:12
234,2024-04-15T14:24:24
235,2024-04-18T12:14:19
236,2024-04-19T09:42:32
237,2024-04-23T13:43:52
238,2024-04-25T10:39:43
239,2024-04-26T10:15:44
240,2024-05-01T13:26:17
241,2024-05-02T10:07:00
243,2024-05-03T11:27:49
244,2024-05-06T10:06:18
245,2024-05-07T09:44:44
247,2024-05-14T10:00:07
248,2024-05-15T10:40:52
249,2024-05-16T10:45:01
252,2024-05-24T10:05:08
254,2024-05-28T13:34:15
256,2024-05-30T10:14:38
257,2024-05-31T10:01:29
260,2024-06-06T10:37:28
261,2024-06-07T10:03:03
263,2024-06-10T10:00:41
265,2024-06-11T10:01:44
267,2024-06-12T10:14:22
268,2024-06-14T09:03:26
269,2024-06-17T10:04:06
270,2024-06-18T10:06:17
271,2024-06-20T10:01:01
272,2024-06-21T10:09:11
273,2024-06-25T10:01:26
274,2024-06-27T14:06:44
275,2024-07-01T10:03:01
278,2024-07-03T09:54:13
279,2024-07-08T10:02:59
283,2024-07-11T10:01:41
285,2024-07-12T10:06:26
287,2024-07-15T16:05:27
288,2024-07-16T10:02:34
289,2024-07-18T10:08:28
290,2024-07-19T10:02:25
291,2024-07-23T11:35:36
292,2024-07-24T11:01:20
293,2024-07-25T14:00:56
297,2024-07-30T11:34:15
298,2024-07-31T10:02:13
301,2024-08-06T10:03:27
302,2024-08-09T10:02:30
304,2024-08-15T10:01:22
305,2024-08-20T10:05:23
309,2024-08-23T10:23:36
311,2024-08-28T10:11:51
314,2024-09-04T13:40:51
316,2024-09-05T13:33:24
321,2024-09-10T11:39:21
326,2024-09-11T10:16:15
329,2024-09-12T10:03:06
330,2024-09-13T13:58:40
333,2024-09-16T10:16:12
335,2024-09-18T10:05:53
337,2024-09-19T10:02:01
343,2024-09-24T10:04:25
344,2024-09-25T13:08:06
346,2024-09-26T10:01:13
348,2024-09-27T11:37:17
354,2024-09-30T11:21:51
355,2024-09-30T11:33:53
356,2024-10-01T09:34:01
359,2024-10-02T10:01:34
363,2024-10-07T10:02:03
365,2024-10-08T10:03:42
369,2024-10-11T13:57:30
371,2024-10-15T10:02:46
373,2024-10-16T10:09:35
375,2024-10-17T10:02:15
379,2024-10-23T10:09:58
381,2024-10-24T10:04:46
387,2024-10-30T10:04:34
389,2024-10-31T10:06:02
391,2024-11-06T11:01:20
394,2024-11-12T10:01:21
403,2024-11-14T11:01:54
405,2024-11-18T10:05:02
407,2024-11-19T10:03:00
416,2024-11-21T10:06:25
418,2024-11-26T10:02:19
420,2024-11-27T10:01:39
422,2024-12-02T10:03:32
424,2024-12-03T10:01:22
428,2024-12-04T10:01:26
444,2024-12-09T10:02:59
447,2024-12-10T10:02:36
453,2024-12-11T11:30:42
460,2024-12-16T10:05:51
464,2024-12-17T10:03:20
468,2024-12-18T10:03:30
470,2024-12-19T11:34:41
472,2024-12-27T10:54:13
474,2024-12-31T10:04:12
478,2025-01-03T10:01:16
482,2025-01-07T10:03:49
490,2025-01-10T09:51:46
511,2025-01-13T10:05:17
548,2025-01-15T10:02:34
608,2025-01-16T12:30:15
609,2025-01-17T12:33:03
610,2025-01-24T10:01:06
611,2025-02-06T10:07:02
612,2025-02-11T07:42:33
613,2025-02-13T10:02:10
618,2025-02-20T10:03:54
619,2025-02-24T10:03:40
620,2025-02-26T10:02:19
621,2025-03-04T10:02:52
622,2025-03-05T10:04:57
625,2025-03-12T10:02:45
627,2025-03-13T10:01:19
628,2025-03-18T10:04:19
631,2025-03-20T10:01:27
632,2025-03-21T10:05:07
634,2025-03-25T10:01:28
637,2025-03-28T10:09:58
638,2025-03-31T12:46:00
639,2025-04-01T10:01:10
640,2025-04-02T09:45:49
642,2025-04-09T10:32:37
643,2025-04-10T14:33:10
644,2025-04-15T14:30:44
645,2025-04-16T09:56:07
646,2025-04-17T10:00:25
649,2025-04-22T09:59:53
650,2025-04-28T10:00:34
652,2025-04-29T12:34:18
655,2025-04-30T10:02:17
656,2025-05-01T10:01:12
657,2025-05-02T10:00:08
661,2025-05-05T10:02:02
662,2025-05-08T09:59:17
664,2025-05-12T10:31:43
665,2025-05-13T12:56:13
666,2025-05-14T14:17:22
667,2025-05-15T10:01:22
668,2025-05-21T10:03:26
670,2025-05-28T12:31:35
672,2025-05-29T09:59:27
674,2025-05-29T12:19:28
676,2025-06-05T15:33:21
677,2025-06-06T10:02:33
680,2025-06-09T12:31:52
681,2025-06-10T10:01:10
682,2025-06-12T14:30:23
684,2025-06-18T10:01:33
685,2025-06-20T10:03:07
686,2025-06-24T15:04:14
700,2025-06-30T16:48:36
701,2025-07-01T10:05:06
702,2025-07-03T10:10:48
703,2025-07-08T13:32:16
704,2025-07-09T10:00:50
705,2025-07-09T14:01:03
707,2025-07-17T10:16:52
708,2025-07-22T10:03:29
709,2025-07-24T14:30:56
710,2025-07-25T18:08:31
711,2025-07-30T12:03:22
712,2025-07-30T14:40:16
719,2025-07-31T14:33:03
721,2025-08-06T10:00:29
722,2025-08-07T13:34:21
725,2025-08-11T10:02:41
726,2025-08-12T14:30:52
727,2025-08-13T10:05:30
729,2025-08-14T10:30:59
730,2025-08-18T10:02:29
731,2025-08-20T10:01:55
733,2025-08-21T12:31:01
735,2025-08-27T10:01:18
736,2025-09-02T10:08:39
737,2025-09-03T11:15:25
738,2025-09-04T14:33:21
740,2025-09-08T10:01:31
741,2025-09-11T10:01:59
742,2025-09-12T14:32:29
743,2025-09-16T10:01:20
744,2025-09-17T10:02:09
745,2025-09-18T08:32:02
746,2025-09-22T10:00:21
749,2025-09-23T09:57:31
751,2025-09-24T10:00:28
752,2025-09-25T10:01:17
753,2025-10-01T10:01:24
754,2025-10-06T10:01:14
755,2025-10-09T10:01:55
756,2025-10-09T14:53:16
757,2025-10-14T09:57:05
758,2025-10-14T11:30:30
760,2025-10-17T10:01:35
762,2025-10-22T17:34:50
763,2025-10-24T14:31:31
764,2025-10-29T10:00:54
765,2025-10-30T10:00:36
767,2025-11-04T10:01:05
768,2025-11-06T10:00:53
769,2025-11-07T12:49:08
771,2025-11-12T10:31:22
772,2025-11-13T10:01:59
773,2025-11-13T12:30:07
776,2025-11-19T08:31:37
777,2025-11-19T11:04:52
779,2025-11-20T15:01:11
780,2025-11-24T10:03:04
781,2025-12-03T10:02:13
782,2025-12-09T10:01:57
784,2025-12-11T14:00:41
785,2025-12-12T12:32:23
786,2025-12-16T10:02:22
787,2025-12-17T10:01:55
789,2025-12-18T10:02:05
790,2025-12-19T14:01:23
792,2025-12-23T09:45:19
793,2025-12-30T10:02:18
795,2025-12-31T14:07:00
796,2026-01-02T11:39:32
798,2026-01-08T10:05:51
799,2026-01-13T10:04:50
802,2026-01-15T10:00:04
803,2026-01-16T10:01:44
805,2026-01-21T10:00:32
806,2026-01-22T13:04:09
807,2026-01-23T10:09:08
811,2026-01-30T10:05:43
814,2026-02-06T10:02:27
815,2026-02-10T10:03:13
816,2026-02-19T10:05:07
819,2026-02-24T13:36:24
820,2026-02-25T10:01:12
821,2026-02-26T10:30:06
822,2026-02-27T10:01:16
824,2026-03-02T12:31:37
827,2026-03-05T10:05:28
828,2026-03-06T10:02:51
829,2026-03-09T10:01:18
831,2026-03-12T12:06:26
832,2026-03-13T10:02:49
833,2026-03-18T11:02:31
835,2026-03-20T11:32:43
838,2026-03-26T10:02:15
839,2026-03-27T10:03:33
840,2026-03-31T10:03:06
841,2026-04-01T15:40:21
842,2026-04-03T10:17:07
844,2026-04-14T10:02:50
845,2026-04-14T15:03:04
846,2026-04-15T14:02:55
849,2026-04-16T14:03:15
850,2026-04-17T14:00:49
851,2026-04-21T13:31:31
855,2026-04-23T10:30:35
857,2026-04-24T14:01:01
858,2026-04-28T14:05:49
860,2026-04-30T13:33:17
862,2026-05-01T11:05:22
864,2026-05-07T10:01:18
866,2026-05-08T15:36:44
867,2026-05-08T17:41:22
868,2026-05-11T15:01:26
869,2026-05-18T14:02:23
870,2026-05-19T10:02:01
871,2026-05-20T10:02:27
872,2026-05-20T17:01:34
873,2026-05-21T12:36:29
882,2026-05-27T17:28:53
883,2026-05-27T21:13:00
884,2026-05-28T11:34:52
885,2026-05-28T15:32:51
887,2026-05-29T16:18:58
890,2026-06-02T15:00:47
891,2026-06-04T16:01:38
893,2026-06-05T11:05:27
895,2026-06-10T12:31:40
896,2026-06-11T12:33:27
897,2026-06-18T12:36:52
898,2026-06-22T13:01:33
899,2026-06-23T10:07:39
900,2026-06-24T10:06:06
902,2026-06-25T13:34:00
903,2026-06-26T10:06:29
904,2026-06-29T10:01:34
906,2026-06-30T13:01:19
907,2026-07-01T10:08:32
910,2026-07-10T14:05:36
911,2026-07-13T10:03:08
913,2026-07-14T15:43:12
914,2026-07-15T11:01:45
917,2026-07-17T10:08:19
920,2026-07-20T12:05:53
927,2026-07-23T14:06:18
928,2026-07-24T10:13:04
929,2026-07-27T13:01:50
932,2026-07-29T10:03:26
933,2026-07-30T13:07:23
935,2026-08-05T10:01:25
937,2026-08-06T11:37:10
941,2026-08-07T14:36:51
959,2026-08-18T13:02:30
963,2026-08-20T13:02:00
964,2026-08-24T13:09:20
965,2026-08-26T10:01:50
966,2026-08-28T10:02:49
968,2026-09-03T11:37:38
969,2026-09-04T10:01:40
970,2026-09-08T10:02:38
971,2026-09-09T09:31:52
972,2026-09-10T14:31:49
973,2026-09-14T14:35:42
974,2026-09-16T10:03:25
976,2026-09-17T13:32:59
977,2026-09-18T10:01:54
984,2026-09-23T10:07:28
1037,2026-09-29T13:10:41
1039,2026-09-30T10:05:00
1041,2026-10-01T12:36:06
1045,2026-10-02T11:55:41
1046,2026-10-05T15:35:06
