date,name,amount_usd,ofac_notice_url,mentions_itsr
12/12/2018,"Yantai Jereh Oilfield Services Group Co., Ltd.","2,774,972",https://ofac.treasury.gov/media/13406/download?inline,True
11/19/2018,Société Générale S.A.,"53,966,916",https://ofac.treasury.gov/media/11261/download?inline,True
10/05/2018,"JPMorgan Chase Bank, N.A.","5,263,171",https://ofac.treasury.gov/media/11276/download?inline,True
09/13/2018,"Epsilon Electronics, Inc.","1,500,000",https://ofac.treasury.gov/media/14041/download?inline,True
08/06/2019,PACCAR Inc.,"1,709,325",https://ofac.treasury.gov/media/35591/download?inline,True
05/02/2019,MID-SHIP Group,"871,837",https://ofac.treasury.gov/media/35596/download?inline,False
04/15/2019,UniCredit Bank,"611,023,421",https://ofac.treasury.gov/media/16521/download?inline,True
04/09/2019,Standard Chartered Bank,"657,040,033",https://ofac.treasury.gov/media/26286/download?inline,True
03/27/2019,Stanley Black and Decker,"1,869,144",https://ofac.treasury.gov/media/9321/download?inline,True
02/21/2019,ZAG IP,"506,250",https://ofac.treasury.gov/media/7561/download?inline,True
02/07/2019,KollMorgen,"13,381",https://ofac.treasury.gov/media/7036/download?inline,True
12/30/2020,"BitGo, Inc.","98,830",https://ofac.treasury.gov/media/50266/download?inline,True
10/20/2020,"Berkshire Hathaway, Inc.","4,144,651",https://ofac.treasury.gov/media/48756/download?inline,True
09/24/2020,Keysight Technologies Inc.,"473,157",https://ofac.treasury.gov/media/48171/download?inline,True
07/28/2020,"Whitford Worldwide Company, LLC","824,314",https://ofac.treasury.gov/media/46001/download?inline,True
07/08/2020,"Amazon.com, Inc.","134,523",https://ofac.treasury.gov/media/44311/download?inline,True
02/26/2020,Société Internationale de Télécommunications Aéronautiques SCRL,"7,829,640",https://ofac.treasury.gov/media/33096/download?inline,False
12/08/2021,An Individual,"133,860",https://ofac.treasury.gov/media/915121/download?inline,True
09/27/2021 a,"Schlumberger Rod Lift, Inc.","160,000",https://ofac.treasury.gov/media/913316/download?inline,False
09/09/2021,"NewTek, Inc.","189,483",https://ofac.treasury.gov/media/912746/download?inline,True
08/27/2021,First Bank of Romania,"862,318",https://ofac.treasury.gov/media/912501/download?inline,True
07/23/2021,Payoneer Inc.,"1,385,901.40",https://ofac.treasury.gov/media/911571/download?inline,True
07/19/2021 b,Alfa Laval Inc.,"16,875",https://ofac.treasury.gov/media/911516/download?inline,True
07/19/2021 a,Alfa Laval Middle East Ltd.,"415,695",https://ofac.treasury.gov/media/911521/download?inline,True
04/29/2021 a,SAP SE,"2,132,174",https://ofac.treasury.gov/media/97351/download?inline,True
04/19/2021,"Alliance Steel, Inc.","435,003",https://ofac.treasury.gov/media/57926/download?inline,True
03/26/2021,"Nordgas, S.r.l.","950,000",https://ofac.treasury.gov/media/56931/download?inline,True
03/15/2021,"UniControl, Inc.","216,464",https://ofac.treasury.gov/media/56316/download?inline,True
02/18/2021,"BitPay, Inc.","507,375",https://ofac.treasury.gov/media/54341/download?inline,True
12/30/2022,Danfoss A/S,"4,379,810",https://ofac.treasury.gov/media/930196/download?inline,True
11/28/2022,"Payward, Inc. (“Kraken”)","362,158.70",https://ofac.treasury.gov/media/929541/download?inline,True
10/11/2022,"Bittrex, Inc.","24,280,829.20",https://ofac.treasury.gov/media/928746/download?inline,True
09/30/2022,"Tango Card, Inc.","116,048.60",https://ofac.treasury.gov/media/928326/download?inline,True
09/26/2022 b,CFM Indosuez Wealth,"401,039",https://ofac.treasury.gov/media/928136/download?inline,True
09/26/2022 a,CA Indosuez Switzerland S.A.,"720,258",https://ofac.treasury.gov/media/928131/download?inline,True
04/25/2022,Toll Holdings Limited,"6,131,855",https://ofac.treasury.gov/media/922441/download?inline,True
01/11/2022,Sojitz (Hong Kong) Limited,"5,228,298",https://ofac.treasury.gov/media/917606/download?inline,True
12/08/2023,"Nasdaq, Inc.","4,040,923",https://ofac.treasury.gov/media/932386/download?inline,True
11/21/2023,Binance,"968,618,825",https://ofac.treasury.gov/media/932351/download?inline,True
11/06/2023,DaVinci Payments,"206,213.00",https://ofac.treasury.gov/media/932276/download?inline,True
09/21/2023 b,Emigrant Bank,"31,867.90",https://ofac.treasury.gov/media/932156/download?inline,True
09/21/2023 a,3M Company,"9,618,477",https://ofac.treasury.gov/media/932161/download?inline,True
08/16/2023,Construction Specialties Inc.,"660,954",https://ofac.treasury.gov/media/932086/download?inline,True
05/17/2023,"Murad, LLC, and an Individual","3,509,286",https://ofac.treasury.gov/media/931761/download?inline,True
05/01/2023,"Poloniex, LLC","7,591,630",https://ofac.treasury.gov/media/931701/download?inline,True
04/06/2023,Microsoft Corporation,"2,980,265.86",https://ofac.treasury.gov/media/931591/download?inline,True
03/31/2023,Uphold HQ Inc.,"72,230.32",https://ofac.treasury.gov/media/931556/download?inline,True
03/30/2023,"Wells Fargo Bank, N.A.","30,000,000",https://ofac.treasury.gov/media/931541/download?inline,True
12/18/2024 b,Córdoba Music Group,"41,591",https://ofac.treasury.gov/media/933726/download?inline,True
12/13/2024,"C.H. Robinson International, Inc.","257,690",https://ofac.treasury.gov/media/933696/download?inline,True
12/03/2024,Aiotec GmbH,"14,550,000",https://ofac.treasury.gov/media/933661/download?inline,True
11/19/2024,An Individual,"1,104,408",https://ofac.treasury.gov/media/933651/download?inline,True
11/14/2024,American Life Insurance Company,"178,421",https://ofac.treasury.gov/media/933596/download?inline,True
04/19/2024,"SCG Plastics Co., Ltd.","20,000,000",https://ofac.treasury.gov/media/932841/download?inline,True
12/16/2025,"Exodus Movement, Inc.","3,103,360",https://ofac.treasury.gov/media/934831/download?inline,False
09/22/2025,ShapeShift AG,"750,000",https://ofac.treasury.gov/media/934641/download?inline,True
09/03/2025,Fracht FWO Inc.,"1,610,775",https://ofac.treasury.gov/media/934596/download?inline,True
07/15/2025,Interactive Brokers LLC,"11,832,136",https://ofac.treasury.gov/media/934501/download?inline,True
07/08/2025,"Harman International Industries, Inc.","1,454,145",https://ofac.treasury.gov/media/934471/download?inline,True
06/16/2025,"Unicat Catalyst Technologies, LLC","3,882,797",https://ofac.treasury.gov/media/934376/download?inline,True
