imo,first_us_iran_designation,source
0001777,2026-05-19,https://ofac.treasury.gov/recent-actions/20260519
0012961,2025-10-09,https://ofac.treasury.gov/recent-actions/20251009
0014181,2025-03-20,https://ofac.treasury.gov/recent-actions/20250320
0017707,2025-03-13,https://ofac.treasury.gov/recent-actions/20250313
0024761,2026-07-29,https://ofac.treasury.gov/recent-actions/20260729
0025596,2025-07-03,https://ofac.treasury.gov/recent-actions/20250703
0029112,2025-12-18,https://ofac.treasury.gov/recent-actions/20251218
0030818,2025-10-09,https://ofac.treasury.gov/recent-actions/20251009
0034064,2025-08-21,https://ofac.treasury.gov/recent-actions/20250821
0042360,2026-06-05,https://ofac.treasury.gov/recent-actions/20260605
0042648,2026-02-25,https://ofac.treasury.gov/recent-actions/20260225
0052848,2025-03-20,https://ofac.treasury.gov/recent-actions/20250320
0057486,2025-07-30,https://ofac.treasury.gov/recent-actions/20250730
0059859,2025-12-18,https://ofac.treasury.gov/recent-actions/20251218
0081438,2026-06-05,https://ofac.treasury.gov/recent-actions/20260605
0086990,2025-08-21,https://ofac.treasury.gov/recent-actions/20250821
0092021,2026-02-25,https://ofac.treasury.gov/recent-actions/20260225
0093841,2025-07-30,https://ofac.treasury.gov/recent-actions/20250730
0095675,2026-05-19,https://ofac.treasury.gov/recent-actions/20260519
0101799,2026-05-28,https://ofac.treasury.gov/recent-actions/20260528
0108270,2026-01-23,https://ofac.treasury.gov/recent-actions/20260123
0108782,2025-07-30,https://ofac.treasury.gov/recent-actions/20250730
0108805,2025-07-30,https://ofac.treasury.gov/recent-actions/20250730
0108938,2025-07-03,https://ofac.treasury.gov/recent-actions/20250703
0109043,2026-02-06,https://ofac.treasury.gov/recent-actions/20260206
0109689,2025-10-09,https://ofac.treasury.gov/recent-actions/20251009
0110647,2025-10-09,https://ofac.treasury.gov/recent-actions/20251009
0113465,2026-05-28,https://ofac.treasury.gov/recent-actions/20260528
0113947,2025-07-30,https://ofac.treasury.gov/recent-actions/20250730
0115648,2025-12-18,https://ofac.treasury.gov/recent-actions/20251218
0118435,2026-02-25,https://ofac.treasury.gov/recent-actions/20260225
0121567,2026-02-06,https://ofac.treasury.gov/recent-actions/20260206
0123299,2026-07-29,https://ofac.treasury.gov/recent-actions/20260729
0124442,2025-11-20,https://ofac.treasury.gov/recent-actions/20251120
0134656,2026-07-14,https://ofac.treasury.gov/recent-actions/20260714
0148434,2026-02-25,https://ofac.treasury.gov/recent-actions/20260225
0156125,2025-12-18,https://ofac.treasury.gov/recent-actions/20251218
0158563,2025-10-09,https://ofac.treasury.gov/recent-actions/20251009
0171833,2026-07-14,https://ofac.treasury.gov/recent-actions/20260714
0178209,2026-05-19,https://ofac.treasury.gov/recent-actions/20260519
0184349,2026-01-23,https://ofac.treasury.gov/recent-actions/20260123
0189512,2026-01-23,https://ofac.treasury.gov/recent-actions/20260123
0191080,2026-04-24,https://ofac.treasury.gov/recent-actions/20260424
0191721,2026-02-25,https://ofac.treasury.gov/recent-actions/20260225
0198612,2026-04-24,https://ofac.treasury.gov/recent-actions/20260424
0200588,2025-08-21,https://ofac.treasury.gov/recent-actions/20250821
0202023,2025-10-09,https://ofac.treasury.gov/recent-actions/20251009
0202363,2026-05-28,https://ofac.treasury.gov/recent-actions/20260528
0212118,2026-04-24,https://ofac.treasury.gov/recent-actions/20260424
0212271,2025-10-09,https://ofac.treasury.gov/recent-actions/20251009
0213341,2026-02-06,https://ofac.treasury.gov/recent-actions/20260206
0220254,2025-10-09,https://ofac.treasury.gov/recent-actions/20251009
0226749,2025-12-18,https://ofac.treasury.gov/recent-actions/20251218
0234222,2026-08-24,https://ofac.treasury.gov/recent-actions/20260824
0234236,2026-04-24,https://ofac.treasury.gov/recent-actions/20260424
0237023,2026-04-24,https://ofac.treasury.gov/recent-actions/20260424
0237712,2025-06-20,https://ofac.treasury.gov/recent-actions/20250620
0239458,2025-07-30,https://ofac.treasury.gov/recent-actions/20250730
0241856,2026-01-23,https://ofac.treasury.gov/recent-actions/20260123
0242372,2026-01-23,https://ofac.treasury.gov/recent-actions/20260123
0260904,2026-02-25,https://ofac.treasury.gov/recent-actions/20260225
0261023,2026-04-15,https://ofac.treasury.gov/recent-actions/20260415
0281591,2026-04-24,https://ofac.treasury.gov/recent-actions/20260424
0295422,2026-04-24,https://ofac.treasury.gov/recent-actions/20260424
0301550,2026-07-29,https://ofac.treasury.gov/recent-actions/20260729
0306224,2026-07-29,https://ofac.treasury.gov/recent-actions/20260729
0315412,2026-01-23,https://ofac.treasury.gov/recent-actions/20260123
0316659,2026-04-24,https://ofac.treasury.gov/recent-actions/20260424
0319857,2026-08-24,https://ofac.treasury.gov/recent-actions/20260824
0326041,2026-04-24,https://ofac.treasury.gov/recent-actions/20260424
0334947,2026-02-25,https://ofac.treasury.gov/recent-actions/20260225
0351225,2026-05-19,https://ofac.treasury.gov/recent-actions/20260519
0356257,2026-02-06,https://ofac.treasury.gov/recent-actions/20260206
0359778,2026-07-29,https://ofac.treasury.gov/recent-actions/20260729
0385978,2026-05-19,https://ofac.treasury.gov/recent-actions/20260519
0401979,2026-05-19,https://ofac.treasury.gov/recent-actions/20260519
0404616,2026-04-24,https://ofac.treasury.gov/recent-actions/20260424
0412196,2026-05-19,https://ofac.treasury.gov/recent-actions/20260519
0416503,2026-05-19,https://ofac.treasury.gov/recent-actions/20260519
0418694,2026-05-19,https://ofac.treasury.gov/recent-actions/20260519
0421146,2026-05-19,https://ofac.treasury.gov/recent-actions/20260519
0422793,2026-07-14,https://ofac.treasury.gov/recent-actions/20260714
0422802,2026-07-14,https://ofac.treasury.gov/recent-actions/20260714
0428792,2026-08-24,https://ofac.treasury.gov/recent-actions/20260824
0451162,2026-08-24,https://ofac.treasury.gov/recent-actions/20260824
0451967,2026-07-29,https://ofac.treasury.gov/recent-actions/20260729
1904245,2025-04-10,https://ofac.treasury.gov/recent-actions/20250410
2289659,2025-07-03,https://ofac.treasury.gov/recent-actions/20250703
5033025,2025-11-20,https://ofac.treasury.gov/recent-actions/20251120
5186278,2025-07-09,https://ofac.treasury.gov/recent-actions/20250709
5409641,2025-12-18,https://ofac.treasury.gov/recent-actions/20251218
5596048,2025-03-13,https://ofac.treasury.gov/recent-actions/20250313
5696949,2026-05-19,https://ofac.treasury.gov/recent-actions/20260519
5700690,2025-07-30,https://ofac.treasury.gov/recent-actions/20250730
5732240,2025-03-13,https://ofac.treasury.gov/recent-actions/20250313
5744389,2025-02-24,https://ofac.treasury.gov/recent-actions/20250224
5837979,2025-03-13,https://ofac.treasury.gov/recent-actions/20250313
5838566,2025-10-09,https://ofac.treasury.gov/recent-actions/20251009
5920175,2026-07-14,https://ofac.treasury.gov/recent-actions/20260714
5965711,2026-02-25,https://ofac.treasury.gov/recent-actions/20260225
6017001,2025-12-18,https://ofac.treasury.gov/recent-actions/20251218
6025151,2025-04-10,https://ofac.treasury.gov/recent-actions/20250410
6027727,2025-08-21,https://ofac.treasury.gov/recent-actions/20250821
6053860,2024-06-27,https://ofac.treasury.gov/recent-actions/20240627
6088476,2025-03-13,https://ofac.treasury.gov/recent-actions/20250313
6089179,2024-12-03,https://ofac.treasury.gov/recent-actions/20241203
6096873,2022-09-29,https://ofac.treasury.gov/recent-actions/20220929
6104171,2025-07-30,https://ofac.treasury.gov/recent-actions/20250730
6104579,2026-07-14,https://ofac.treasury.gov/recent-actions/20260714
6112976,2025-10-09,https://ofac.treasury.gov/recent-actions/20251009
6113237,2024-12-03,https://ofac.treasury.gov/recent-actions/20241203
6116541,2025-04-10,https://ofac.treasury.gov/recent-actions/20250410
6126330,2024-12-03,https://ofac.treasury.gov/recent-actions/20241203
6127236,2025-07-03,https://ofac.treasury.gov/recent-actions/20250703
6134958,2025-07-30,https://ofac.treasury.gov/recent-actions/20250730
6137379,2025-11-20,https://ofac.treasury.gov/recent-actions/20251120
6137793,2025-12-18,https://ofac.treasury.gov/recent-actions/20251218
6139711,2025-11-20,https://ofac.treasury.gov/recent-actions/20251120
6140568,2025-02-24,https://ofac.treasury.gov/recent-actions/20250224
6141155,2024-12-03,https://ofac.treasury.gov/recent-actions/20241203
6142171,2024-10-11,https://ofac.treasury.gov/recent-actions/20241011
6158030,2026-06-05,https://ofac.treasury.gov/recent-actions/20260605
6162377,2026-05-01,https://ofac.treasury.gov/recent-actions/20260501
6163123,2025-07-03,https://ofac.treasury.gov/recent-actions/20250703
6163976,2025-10-09,https://ofac.treasury.gov/recent-actions/20251009
6164705,2025-10-09,https://ofac.treasury.gov/recent-actions/20251009
6166193,2025-05-08,https://ofac.treasury.gov/recent-actions/20250508
6168478,2025-07-30,https://ofac.treasury.gov/recent-actions/20250730
6171619,2024-12-03,https://ofac.treasury.gov/recent-actions/20241203
6172081,2026-02-06,https://ofac.treasury.gov/recent-actions/20260206
6174627,2024-12-03,https://ofac.treasury.gov/recent-actions/20241203
6176107,2024-12-03,https://ofac.treasury.gov/recent-actions/20241203
6189156,2024-10-17,https://ofac.treasury.gov/recent-actions/20241017
6189536,2025-07-30,https://ofac.treasury.gov/recent-actions/20250730
6189571,2025-07-30,https://ofac.treasury.gov/recent-actions/20250730
6190715,2024-10-17,https://ofac.treasury.gov/recent-actions/20241017
6191691,2025-04-10,https://ofac.treasury.gov/recent-actions/20250410
6195693,2024-10-17,https://ofac.treasury.gov/recent-actions/20241017
6203527,2025-07-30,https://ofac.treasury.gov/recent-actions/20250730
6205948,2024-12-03,https://ofac.treasury.gov/recent-actions/20241203
6206261,2025-12-18,https://ofac.treasury.gov/recent-actions/20251218
6207811,2024-10-11,https://ofac.treasury.gov/recent-actions/20241011
6210475,2026-04-24,https://ofac.treasury.gov/recent-actions/20260424
6215065,2024-10-11,https://ofac.treasury.gov/recent-actions/20241011
6219142,2024-10-11,https://ofac.treasury.gov/recent-actions/20241011
6221903,2024-10-11,https://ofac.treasury.gov/recent-actions/20241011
6225490,2026-05-28,https://ofac.treasury.gov/recent-actions/20260528
6225751,2025-12-18,https://ofac.treasury.gov/recent-actions/20251218
6227068,2026-05-28,https://ofac.treasury.gov/recent-actions/20260528
6227200,2025-04-10,https://ofac.treasury.gov/recent-actions/20250410
6228565,2024-10-17,https://ofac.treasury.gov/recent-actions/20241017
6233526,2024-06-27,https://ofac.treasury.gov/recent-actions/20240627
6238337,2026-04-24,https://ofac.treasury.gov/recent-actions/20260424
6243669,2025-12-18,https://ofac.treasury.gov/recent-actions/20251218
6244565,2026-04-24,GUR/OpenSanctions ofac_date
6245207,2025-08-21,https://ofac.treasury.gov/recent-actions/20250821
6252049,2026-05-28,https://ofac.treasury.gov/recent-actions/20260528
6255216,2025-12-18,https://ofac.treasury.gov/recent-actions/20251218
6256316,2022-09-29,https://ofac.treasury.gov/recent-actions/20220929
6256801,2024-10-11,https://ofac.treasury.gov/recent-actions/20241011
6257827,2026-05-19,https://ofac.treasury.gov/recent-actions/20260519
6258171,2022-12-08,https://ofac.treasury.gov/recent-actions/20221208
6266198,2026-04-24,https://ofac.treasury.gov/recent-actions/20260424
6266343,2026-02-06,https://ofac.treasury.gov/recent-actions/20260206
6268146,2024-10-11,https://ofac.treasury.gov/recent-actions/20241011
6268870,2025-04-10,https://ofac.treasury.gov/recent-actions/20250410
6271661,2024-10-11,https://ofac.treasury.gov/recent-actions/20241011
6272687,2026-02-25,https://ofac.treasury.gov/recent-actions/20260225
6275841,2026-07-14,https://ofac.treasury.gov/recent-actions/20260714
6283562,2026-05-19,https://ofac.treasury.gov/recent-actions/20260519
6283911,2025-10-09,https://ofac.treasury.gov/recent-actions/20251009
6284628,2025-07-30,https://ofac.treasury.gov/recent-actions/20250730
6285714,2025-11-20,https://ofac.treasury.gov/recent-actions/20251120
6294571,2025-07-30,https://ofac.treasury.gov/recent-actions/20250730
6298746,2024-06-27,https://ofac.treasury.gov/recent-actions/20240627
6302744,2026-05-19,https://ofac.treasury.gov/recent-actions/20260519
6305602,2025-05-13,https://ofac.treasury.gov/recent-actions/20250513
6311331,2024-02-27,https://ofac.treasury.gov/recent-actions/20240227
6311376,2026-08-24,https://ofac.treasury.gov/recent-actions/20260824
6317123,2025-02-24,https://ofac.treasury.gov/recent-actions/20250224
6318210,2025-03-20,https://ofac.treasury.gov/recent-actions/20250320
6323643,2025-12-18,https://ofac.treasury.gov/recent-actions/20251218
6324125,2026-07-14,https://ofac.treasury.gov/recent-actions/20260714
6326461,2026-07-29,https://ofac.treasury.gov/recent-actions/20260729
6327561,2026-07-14,https://ofac.treasury.gov/recent-actions/20260714
6327601,2025-11-20,https://ofac.treasury.gov/recent-actions/20251120
6329280,2026-02-25,https://ofac.treasury.gov/recent-actions/20260225
6329293,2025-11-20,https://ofac.treasury.gov/recent-actions/20251120
6331263,2025-07-03,https://ofac.treasury.gov/recent-actions/20250703
6335306,2026-07-14,https://ofac.treasury.gov/recent-actions/20260714
6335884,2026-07-14,https://ofac.treasury.gov/recent-actions/20260714
6337161,2025-07-30,https://ofac.treasury.gov/recent-actions/20250730
6337174,2026-05-19,https://ofac.treasury.gov/recent-actions/20260519
6339741,2025-03-20,https://ofac.treasury.gov/recent-actions/20250320
6340553,2024-10-11,https://ofac.treasury.gov/recent-actions/20241011
6340584,2026-02-06,https://ofac.treasury.gov/recent-actions/20260206
6341083,2025-07-30,https://ofac.treasury.gov/recent-actions/20250730
6343147,2026-04-24,https://ofac.treasury.gov/recent-actions/20260424
6344264,2024-12-03,https://ofac.treasury.gov/recent-actions/20241203
6347401,2025-03-13,https://ofac.treasury.gov/recent-actions/20250313
6347414,2025-03-20,https://ofac.treasury.gov/recent-actions/20250320
6348942,2025-02-24,https://ofac.treasury.gov/recent-actions/20250224
6350550,2024-10-11,https://ofac.treasury.gov/recent-actions/20241011
6351601,2026-04-24,https://ofac.treasury.gov/recent-actions/20260424
6354393,2025-03-20,https://ofac.treasury.gov/recent-actions/20250320
6357101,2025-07-30,https://ofac.treasury.gov/recent-actions/20250730
6357680,2026-07-29,https://ofac.treasury.gov/recent-actions/20260729
6358303,2026-05-19,https://ofac.treasury.gov/recent-actions/20260519
6358714,2025-12-18,https://ofac.treasury.gov/recent-actions/20251218
6359173,2026-08-24,https://ofac.treasury.gov/recent-actions/20260824
6359244,2025-10-09,https://ofac.treasury.gov/recent-actions/20251009
6362274,2025-03-20,https://ofac.treasury.gov/recent-actions/20250320
6367332,2025-07-30,https://ofac.treasury.gov/recent-actions/20250730
6370362,2025-05-13,https://ofac.treasury.gov/recent-actions/20250513
6374158,2025-02-24,https://ofac.treasury.gov/recent-actions/20250224
6374161,2025-02-24,https://ofac.treasury.gov/recent-actions/20250224
6375258,2025-05-08,https://ofac.treasury.gov/recent-actions/20250508
6375624,2025-02-24,https://ofac.treasury.gov/recent-actions/20250224
6379560,2024-12-03,https://ofac.treasury.gov/recent-actions/20241203
6380179,2026-05-19,https://ofac.treasury.gov/recent-actions/20260519
6382091,2025-02-24,https://ofac.treasury.gov/recent-actions/20250224
6384273,2025-10-09,https://ofac.treasury.gov/recent-actions/20251009
6386836,2025-06-20,https://ofac.treasury.gov/recent-actions/20250620
6388881,2026-02-06,https://ofac.treasury.gov/recent-actions/20260206
6391672,2026-04-24,https://ofac.treasury.gov/recent-actions/20260424
6394368,2024-12-03,https://ofac.treasury.gov/recent-actions/20241203
6394782,2024-10-11,https://ofac.treasury.gov/recent-actions/20241011
6395865,2026-04-24,https://ofac.treasury.gov/recent-actions/20260424
6399602,2024-02-27,https://ofac.treasury.gov/recent-actions/20240227
6399908,2026-04-15,https://ofac.treasury.gov/recent-actions/20260415
6400813,2026-06-05,https://ofac.treasury.gov/recent-actions/20260605
6404935,2026-05-28,https://ofac.treasury.gov/recent-actions/20260528
6404952,2025-07-03,https://ofac.treasury.gov/recent-actions/20250703
6405037,2025-07-03,https://ofac.treasury.gov/recent-actions/20250703
6405289,2025-07-30,https://ofac.treasury.gov/recent-actions/20250730
6409732,2025-03-13,https://ofac.treasury.gov/recent-actions/20250313
6413451,2026-06-05,https://ofac.treasury.gov/recent-actions/20260605
6414273,2025-07-03,https://ofac.treasury.gov/recent-actions/20250703
6416181,2025-03-13,https://ofac.treasury.gov/recent-actions/20250313
6416765,2025-07-30,https://ofac.treasury.gov/recent-actions/20250730
6418449,2026-07-14,https://ofac.treasury.gov/recent-actions/20260714
6420321,2026-06-05,https://ofac.treasury.gov/recent-actions/20260605
6421571,2026-02-25,https://ofac.treasury.gov/recent-actions/20260225
6422671,2024-12-03,https://ofac.treasury.gov/recent-actions/20241203
6422945,2025-02-24,https://ofac.treasury.gov/recent-actions/20250224
6424059,2025-11-20,https://ofac.treasury.gov/recent-actions/20251120
6424310,2025-03-13,https://ofac.treasury.gov/recent-actions/20250313
6427261,2026-04-24,https://ofac.treasury.gov/recent-actions/20260424
6427552,2024-10-17,https://ofac.treasury.gov/recent-actions/20241017
6431603,2024-02-27,https://ofac.treasury.gov/recent-actions/20240227
6437121,2025-11-20,https://ofac.treasury.gov/recent-actions/20251120
6437311,2026-02-06,https://ofac.treasury.gov/recent-actions/20260206
6440853,2026-01-23,https://ofac.treasury.gov/recent-actions/20260123
6441879,2026-05-01,https://ofac.treasury.gov/recent-actions/20260501
6443668,2025-02-24,https://ofac.treasury.gov/recent-actions/20250224
6447484,2024-06-10,https://ofac.treasury.gov/recent-actions/20240610
6450727,2025-07-30,https://ofac.treasury.gov/recent-actions/20250730
6450979,2024-04-04,https://ofac.treasury.gov/recent-actions/20240404
6452140,2025-11-20,https://ofac.treasury.gov/recent-actions/20251120
6452153,2025-11-20,https://ofac.treasury.gov/recent-actions/20251120
6452167,2025-12-18,https://ofac.treasury.gov/recent-actions/20251218
6452873,2024-06-10,https://ofac.treasury.gov/recent-actions/20240610
6454999,2025-12-18,https://ofac.treasury.gov/recent-actions/20251218
6457931,2026-01-23,https://ofac.treasury.gov/recent-actions/20260123
6462631,2024-12-03,https://ofac.treasury.gov/recent-actions/20241203
6463192,2025-05-08,https://ofac.treasury.gov/recent-actions/20250508
6465772,2025-06-20,https://ofac.treasury.gov/recent-actions/20250620
6466926,2025-03-20,https://ofac.treasury.gov/recent-actions/20250320
6467650,2025-03-13,https://ofac.treasury.gov/recent-actions/20250313
6467751,2026-04-15,https://ofac.treasury.gov/recent-actions/20260415
6471215,2025-05-08,https://ofac.treasury.gov/recent-actions/20250508
6472859,2025-03-20,https://ofac.treasury.gov/recent-actions/20250320
6475500,2025-07-30,https://ofac.treasury.gov/recent-actions/20250730
6477293,2026-02-06,https://ofac.treasury.gov/recent-actions/20260206
6479652,2025-12-18,https://ofac.treasury.gov/recent-actions/20251218
6480761,2025-08-21,https://ofac.treasury.gov/recent-actions/20250821
6480933,2025-07-30,https://ofac.treasury.gov/recent-actions/20250730
6481035,2025-03-13,https://ofac.treasury.gov/recent-actions/20250313
6482241,2025-10-09,https://ofac.treasury.gov/recent-actions/20251009
6482373,2024-10-02,https://ofac.treasury.gov/recent-actions/20241002
6483748,2025-03-13,https://ofac.treasury.gov/recent-actions/20250313
6483853,2025-12-18,https://ofac.treasury.gov/recent-actions/20251218
6484508,2025-03-13,https://ofac.treasury.gov/recent-actions/20250313
6484539,2025-06-20,https://ofac.treasury.gov/recent-actions/20250620
6484692,2025-10-09,https://ofac.treasury.gov/recent-actions/20251009
6484746,2025-05-08,https://ofac.treasury.gov/recent-actions/20250508
6485996,2026-05-19,https://ofac.treasury.gov/recent-actions/20260519
6487480,2025-03-13,https://ofac.treasury.gov/recent-actions/20250313
6487533,2025-03-20,https://ofac.treasury.gov/recent-actions/20250320
6488219,2025-03-20,https://ofac.treasury.gov/recent-actions/20250320
6489305,2025-10-09,https://ofac.treasury.gov/recent-actions/20251009
6490991,2025-12-18,https://ofac.treasury.gov/recent-actions/20251218
6491059,2025-10-09,https://ofac.treasury.gov/recent-actions/20251009
6493421,2026-05-19,https://ofac.treasury.gov/recent-actions/20260519
6495856,2025-03-13,https://ofac.treasury.gov/recent-actions/20250313
6498881,2025-02-24,https://ofac.treasury.gov/recent-actions/20250224
6499567,2025-03-13,https://ofac.treasury.gov/recent-actions/20250313
6499774,2025-07-30,https://ofac.treasury.gov/recent-actions/20250730
6500031,2025-07-03,https://ofac.treasury.gov/recent-actions/20250703
6502638,2025-07-30,https://ofac.treasury.gov/recent-actions/20250730
6503450,2026-04-15,https://ofac.treasury.gov/recent-actions/20260415
6503481,2025-07-30,https://ofac.treasury.gov/recent-actions/20250730
6503861,2025-10-09,https://ofac.treasury.gov/recent-actions/20251009
6505181,2025-03-13,https://ofac.treasury.gov/recent-actions/20250313
6505796,2026-07-14,https://ofac.treasury.gov/recent-actions/20260714
6505871,2026-04-15,https://ofac.treasury.gov/recent-actions/20260415
6506091,2024-10-11,https://ofac.treasury.gov/recent-actions/20241011
6506264,2025-10-09,https://ofac.treasury.gov/recent-actions/20251009
6506573,2025-12-18,https://ofac.treasury.gov/recent-actions/20251218
6506627,2025-07-30,https://ofac.treasury.gov/recent-actions/20250730
6506631,2026-04-15,https://ofac.treasury.gov/recent-actions/20260415
6507571,2025-06-20,https://ofac.treasury.gov/recent-actions/20250620
6508071,2025-07-03,https://ofac.treasury.gov/recent-actions/20250703
6508402,2025-07-30,https://ofac.treasury.gov/recent-actions/20250730
6509771,2025-07-30,https://ofac.treasury.gov/recent-actions/20250730
6510831,2025-11-20,https://ofac.treasury.gov/recent-actions/20251120
6511361,2025-02-24,https://ofac.treasury.gov/recent-actions/20250224
6513297,2025-07-30,https://ofac.treasury.gov/recent-actions/20250730
6513924,2025-07-30,https://ofac.treasury.gov/recent-actions/20250730
7621011,2025-07-09,GUR/OpenSanctions ofac_date
8106109,2025-03-13,GUR/OpenSanctions ofac_date
8400945,2024-06-27,GUR/OpenSanctions ofac_date
8413306,2025-04-10,GUR/OpenSanctions ofac_date
8710730,2025-03-13,GUR/OpenSanctions ofac_date
8721454,2026-07-14,GUR/OpenSanctions ofac_date
8729963,2026-07-14,GUR/OpenSanctions ofac_date
8813116,2026-05-28,GUR/OpenSanctions ofac_date
8818843,2025-10-09,GUR/OpenSanctions ofac_date
8832083,2026-07-14,GUR/OpenSanctions ofac_date
8843666,2026-07-14,GUR/OpenSanctions ofac_date
8858099,2026-07-14,GUR/OpenSanctions ofac_date
8891572,2026-07-14,GUR/OpenSanctions ofac_date
8910897,2026-06-05,GUR/OpenSanctions ofac_date
8912558,2025-10-09,GUR/OpenSanctions ofac_date
8917807,2026-05-19,GUR/OpenSanctions ofac_date
8982888,2025-04-10,GUR/OpenSanctions ofac_date
9000883,2025-10-09,GUR/OpenSanctions ofac_date
9002491,2024-04-04,GUR/OpenSanctions ofac_date
9002908,2026-04-24,GUR/OpenSanctions ofac_date
9005053,2025-10-09,GUR/OpenSanctions ofac_date
9005235,2023-04-27,GUR/OpenSanctions ofac_date
9005338,2025-04-10,GUR/OpenSanctions ofac_date
9008108,2025-10-09,GUR/OpenSanctions ofac_date
9011246,2023-04-27,GUR/OpenSanctions ofac_date
9012886,2025-07-30,GUR/OpenSanctions ofac_date
9013701,2025-10-09,GUR/OpenSanctions ofac_date
9013749,2023-04-27,GUR/OpenSanctions ofac_date
9014456,2025-11-20,GUR/OpenSanctions ofac_date
9031519,2025-10-09,GUR/OpenSanctions ofac_date
9034690,2026-02-25,GUR/OpenSanctions ofac_date
9034705,2026-01-23,GUR/OpenSanctions ofac_date
9038763,2025-11-20,GUR/OpenSanctions ofac_date
9041655,2025-07-30,GUR/OpenSanctions ofac_date
9045807,2025-07-03,GUR/OpenSanctions ofac_date
9046784,2026-02-25,GUR/OpenSanctions ofac_date
9053816,2026-01-23,GUR/OpenSanctions ofac_date
9070072,2024-10-11,GUR/OpenSanctions ofac_date
9073672,2025-07-09,GUR/OpenSanctions ofac_date
9077850,2023-04-27,GUR/OpenSanctions ofac_date
9079078,2023-04-27,GUR/OpenSanctions ofac_date
9079080,2023-04-27,GUR/OpenSanctions ofac_date
9079092,2023-04-27,GUR/OpenSanctions ofac_date
9088524,2025-07-30,GUR/OpenSanctions ofac_date
9102241,2025-07-03,GUR/OpenSanctions ofac_date
9102277,2025-03-13,GUR/OpenSanctions ofac_date
9105085,2019-09-04,GUR/OpenSanctions ofac_date
9105396,2025-07-09,GUR/OpenSanctions ofac_date
9107655,2023-04-27,GUR/OpenSanctions ofac_date
9108099,2025-07-03,GUR/OpenSanctions ofac_date
9110535,2026-07-14,GUR/OpenSanctions ofac_date
9113094,2025-04-10,GUR/OpenSanctions ofac_date
9114581,2025-10-09,GUR/OpenSanctions ofac_date
9115303,2025-10-09,GUR/OpenSanctions ofac_date
9118745,2025-04-10,GUR/OpenSanctions ofac_date
9122291,2025-07-09,GUR/OpenSanctions ofac_date
9122461,2026-07-14,GUR/OpenSanctions ofac_date
9122473,2025-07-30,GUR/OpenSanctions ofac_date
9125712,2025-04-10,GUR/OpenSanctions ofac_date
9125724,2025-04-10,GUR/OpenSanctions ofac_date
9126015,2026-05-19,GUR/OpenSanctions ofac_date
9127667,2025-07-30,GUR/OpenSanctions ofac_date
9131096,2026-05-19,GUR/OpenSanctions ofac_date
9131101,2024-04-04,GUR/OpenSanctions ofac_date
9131539,2026-06-05,GUR/OpenSanctions ofac_date
9133082,2026-05-28,GUR/OpenSanctions ofac_date
9133109,2026-02-06,GUR/OpenSanctions ofac_date
9134165,2025-10-09,GUR/OpenSanctions ofac_date
9134232,2026-07-14,GUR/OpenSanctions ofac_date
9136113,2025-04-10,GUR/OpenSanctions ofac_date
9136644,2025-04-10,GUR/OpenSanctions ofac_date
9139696,2026-08-24,GUR/OpenSanctions ofac_date
9139945,2026-06-05,GUR/OpenSanctions ofac_date
9140451,2025-12-18,GUR/OpenSanctions ofac_date
9144782,2025-11-20,GUR/OpenSanctions ofac_date
9146314,2026-07-14,GUR/OpenSanctions ofac_date
9147394,2026-02-25,GUR/OpenSanctions ofac_date
9153525,2025-03-13,GUR/OpenSanctions ofac_date
9154000,2025-02-24,GUR/OpenSanctions ofac_date
9155341,2026-02-25,GUR/OpenSanctions ofac_date
9155626,2026-02-06,GUR/OpenSanctions ofac_date
9155808,2019-09-04,GUR/OpenSanctions ofac_date
9157478,2025-07-03,GUR/OpenSanctions ofac_date
9158240,2026-06-05,GUR/OpenSanctions ofac_date
9162928,2024-06-27,GUR/OpenSanctions ofac_date
9163269,2025-02-24,GUR/OpenSanctions ofac_date
9164500,2025-04-10,GUR/OpenSanctions ofac_date
9166675,2024-12-03,GUR/OpenSanctions ofac_date
9167162,2026-02-25,GUR/OpenSanctions ofac_date
9167409,2026-06-05,GUR/OpenSanctions ofac_date
9169421,2024-12-03,GUR/OpenSanctions ofac_date
9171448,2025-05-08,GUR/OpenSanctions ofac_date
9171498,2025-04-10,GUR/OpenSanctions ofac_date
9171503,2026-05-19,GUR/OpenSanctions ofac_date
9172636,2026-05-19,GUR/OpenSanctions ofac_date
9174220,2024-10-11,GUR/OpenSanctions ofac_date
9174397,2025-08-21,GUR/OpenSanctions ofac_date
9174660,2026-10-05,GUR/OpenSanctions ofac_date
9175901,2025-07-09,GUR/OpenSanctions ofac_date
9176656,2025-04-10,GUR/OpenSanctions ofac_date
9176929,2026-01-23,GUR/OpenSanctions ofac_date
9177583,2026-05-19,GUR/OpenSanctions ofac_date
9177806,2026-04-24,GUR/OpenSanctions ofac_date
9178068,2025-08-21,GUR/OpenSanctions ofac_date
9179921,2025-03-13,GUR/OpenSanctions ofac_date
9180152,2025-10-09,GUR/OpenSanctions ofac_date
9180164,2026-05-28,GUR/OpenSanctions ofac_date
9180281,2023-04-27,GUR/OpenSanctions ofac_date
9181194,2025-02-24,GUR/OpenSanctions ofac_date
9181649,2025-03-20,GUR/OpenSanctions ofac_date
9182291,2025-04-10,GUR/OpenSanctions ofac_date
9183362,2026-04-24,GUR/OpenSanctions ofac_date
9183934,2023-04-27,GUR/OpenSanctions ofac_date
9185346,2026-08-24,GUR/OpenSanctions ofac_date
9187368,2025-06-20,GUR/OpenSanctions ofac_date
9187667,2023-04-27,GUR/OpenSanctions ofac_date
9189110,2026-08-24,GUR/OpenSanctions ofac_date
9189146,2025-07-30,GUR/OpenSanctions ofac_date
9190078,2025-04-10,GUR/OpenSanctions ofac_date
9192442,2026-07-14,GUR/OpenSanctions ofac_date
9193721,2026-02-25,GUR/OpenSanctions ofac_date
9194139,2024-04-04,GUR/OpenSanctions ofac_date
9194969,2026-05-19,GUR/OpenSanctions ofac_date
9196632,2025-07-03,GUR/OpenSanctions ofac_date
9196644,2024-12-03,GUR/OpenSanctions ofac_date
9197727,2026-01-23,GUR/OpenSanctions ofac_date
9197844,2024-10-11,GUR/OpenSanctions ofac_date
9198317,2024-12-03,GUR/OpenSanctions ofac_date
9200861,2025-07-30,GUR/OpenSanctions ofac_date
9203265,2024-10-11,GUR/OpenSanctions ofac_date
9203277,2025-03-13,GUR/OpenSanctions ofac_date
9204764,2025-07-30,GUR/OpenSanctions ofac_date
9204776,2025-12-18,GUR/OpenSanctions ofac_date
9206396,2026-05-19,GUR/OpenSanctions ofac_date
9207273,2025-12-18,GUR/OpenSanctions ofac_date
9207391,2024-10-11,https://ofac.treasury.gov/recent-actions/20241011
9208069,2026-04-24,GUR/OpenSanctions ofac_date
9208215,2024-10-11,GUR/OpenSanctions ofac_date
9208239,2025-10-09,GUR/OpenSanctions ofac_date
9212400,2025-02-24,GUR/OpenSanctions ofac_date
9212888,2023-04-27,GUR/OpenSanctions ofac_date
9212890,2023-04-27,GUR/OpenSanctions ofac_date
9212917,2023-04-27,GUR/OpenSanctions ofac_date
9212929,2023-04-27,GUR/OpenSanctions ofac_date
9216559,2024-06-27,GUR/OpenSanctions ofac_date
9216717,2025-07-03,GUR/OpenSanctions ofac_date
9218466,2023-04-27,GUR/OpenSanctions ofac_date
9218478,2023-04-27,GUR/OpenSanctions ofac_date
9218480,2023-04-27,GUR/OpenSanctions ofac_date
9218492,2023-04-27,GUR/OpenSanctions ofac_date
9220914,2026-04-24,GUR/OpenSanctions ofac_date
9220938,2024-10-17,GUR/OpenSanctions ofac_date
9220940,2024-10-17,GUR/OpenSanctions ofac_date
9221267,2025-04-10,GUR/OpenSanctions ofac_date
9221671,2024-10-11,GUR/OpenSanctions ofac_date
9221970,2019-09-04,GUR/OpenSanctions ofac_date
9222443,2025-10-09,GUR/OpenSanctions ofac_date
9222649,2026-02-06,GUR/OpenSanctions ofac_date
9223887,2026-07-29,GUR/OpenSanctions ofac_date
9224271,2024-10-11,GUR/OpenSanctions ofac_date
9224295,2024-10-11,GUR/OpenSanctions ofac_date
9224570,2025-12-18,GUR/OpenSanctions ofac_date
9225342,2026-05-19,GUR/OpenSanctions ofac_date
9226968,2019-09-04,GUR/OpenSanctions ofac_date
9228538,2025-07-30,GUR/OpenSanctions ofac_date
9229362,2024-06-27,GUR/OpenSanctions ofac_date
9229439,2024-12-03,GUR/OpenSanctions ofac_date
9230971,2025-05-08,GUR/OpenSanctions ofac_date
9231767,2023-09-19,GUR/OpenSanctions ofac_date
9231901,2025-02-24,GUR/OpenSanctions ofac_date
9232620,2025-11-20,GUR/OpenSanctions ofac_date
9232876,2025-03-20,GUR/OpenSanctions ofac_date
9232955,2025-04-10,GUR/OpenSanctions ofac_date
9233349,2024-12-03,GUR/OpenSanctions ofac_date
9233650,2026-08-24,GUR/OpenSanctions ofac_date
9233739,2026-02-06,GUR/OpenSanctions ofac_date
9233753,2024-04-04,GUR/OpenSanctions ofac_date
9233973,2025-12-18,GUR/OpenSanctions ofac_date
9234472,2026-02-06,GUR/OpenSanctions ofac_date
9235464,2025-10-09,GUR/OpenSanctions ofac_date
9236248,2025-02-24,GUR/OpenSanctions ofac_date
9236353,2023-09-19,GUR/OpenSanctions ofac_date
9236652,2025-07-30,GUR/OpenSanctions ofac_date
9236731,2025-12-18,GUR/OpenSanctions ofac_date
9236755,2024-10-17,GUR/OpenSanctions ofac_date
9237084,2025-07-30,GUR/OpenSanctions ofac_date
9237412,2025-03-13,GUR/OpenSanctions ofac_date
9237785,2026-07-29,GUR/OpenSanctions ofac_date
9238868,2025-08-21,GUR/OpenSanctions ofac_date
9239989,2025-10-09,GUR/OpenSanctions ofac_date
9240158,2026-04-24,GUR/OpenSanctions ofac_date
9240419,2026-05-19,GUR/OpenSanctions ofac_date
9240512,2024-10-11,GUR/OpenSanctions ofac_date
9240885,2026-01-23,GUR/OpenSanctions ofac_date
9241114,2025-10-09,GUR/OpenSanctions ofac_date
9241487,2025-07-30,GUR/OpenSanctions ofac_date
9242118,2024-10-11,GUR/OpenSanctions ofac_date
9242443,2025-12-18,GUR/OpenSanctions ofac_date
9242481,2026-04-24,GUR/OpenSanctions ofac_date
9244635,2025-02-24,GUR/OpenSanctions ofac_date
9246322,2025-07-30,GUR/OpenSanctions ofac_date
9246487,2025-12-18,GUR/OpenSanctions ofac_date
9246803,2026-05-19,GUR/OpenSanctions ofac_date
9247388,2024-10-17,GUR/OpenSanctions ofac_date
9247390,2024-10-11,GUR/OpenSanctions ofac_date
9247778,2025-07-30,GUR/OpenSanctions ofac_date
9247986,2025-11-20,GUR/OpenSanctions ofac_date
9248485,2025-07-30,GUR/OpenSanctions ofac_date
9248497,2024-04-04,GUR/OpenSanctions ofac_date
9251602,2026-01-23,GUR/OpenSanctions ofac_date
9251640,2025-07-30,GUR/OpenSanctions ofac_date
9251810,2024-10-11,GUR/OpenSanctions ofac_date
9251822,2025-11-20,GUR/OpenSanctions ofac_date
9251884,2025-10-09,GUR/OpenSanctions ofac_date
9251896,2025-10-09,GUR/OpenSanctions ofac_date
9252072,2025-10-09,GUR/OpenSanctions ofac_date
9252400,2024-10-17,GUR/OpenSanctions ofac_date
9252955,2025-07-30,GUR/OpenSanctions ofac_date
9253117,2026-04-24,GUR/OpenSanctions ofac_date
9254422,2025-04-10,GUR/OpenSanctions ofac_date
9254915,2025-03-20,GUR/OpenSanctions ofac_date
9255488,2025-07-30,GUR/OpenSanctions ofac_date
9255684,2025-12-18,GUR/OpenSanctions ofac_date
9255933,2026-02-25,GUR/OpenSanctions ofac_date
9255945,2025-12-18,GUR/OpenSanctions ofac_date
9256468,2024-04-04,GUR/OpenSanctions ofac_date
9256913,2024-12-03,GUR/OpenSanctions ofac_date
9256975,2025-08-21,GUR/OpenSanctions ofac_date
9256987,2025-05-08,GUR/OpenSanctions ofac_date
9257137,2024-12-03,GUR/OpenSanctions ofac_date
9257149,2025-03-13,GUR/OpenSanctions ofac_date
9257503,2024-06-27,GUR/OpenSanctions ofac_date
9257711,2026-04-24,GUR/OpenSanctions ofac_date
9258519,2026-04-24,GUR/OpenSanctions ofac_date
9258595,2025-12-18,GUR/OpenSanctions ofac_date
9258674,2024-04-04,GUR/OpenSanctions ofac_date
9259185,2024-04-04,GUR/OpenSanctions ofac_date
9259317,2026-04-24,GUR/OpenSanctions ofac_date
9259355,2026-07-29,GUR/OpenSanctions ofac_date
9259367,2024-10-11,GUR/OpenSanctions ofac_date
9259408,2025-07-30,GUR/OpenSanctions ofac_date
9260067,2024-10-17,GUR/OpenSanctions ofac_date
9262168,2024-10-11,GUR/OpenSanctions ofac_date
9262754,2025-07-03,GUR/OpenSanctions ofac_date
9262766,2024-12-03,GUR/OpenSanctions ofac_date
9262912,2025-12-18,GUR/OpenSanctions ofac_date
9263215,2025-05-08,GUR/OpenSanctions ofac_date
9263227,2026-04-24,GUR/OpenSanctions ofac_date
9263382,2024-06-27,GUR/OpenSanctions ofac_date
9263954,2025-12-18,GUR/OpenSanctions ofac_date
9264570,2025-07-03,GUR/OpenSanctions ofac_date
9264881,2025-07-30,GUR/OpenSanctions ofac_date
9266841,2026-05-19,GUR/OpenSanctions ofac_date
9267948,2026-02-06,GUR/OpenSanctions ofac_date
9267950,2025-11-20,GUR/OpenSanctions ofac_date
9267962,2026-02-25,GUR/OpenSanctions ofac_date
9268186,2025-08-21,GUR/OpenSanctions ofac_date
9269403,2025-12-18,GUR/OpenSanctions ofac_date
9271406,2025-02-24,GUR/OpenSanctions ofac_date
9272694,2025-03-13,GUR/OpenSanctions ofac_date
9273002,2025-12-18,GUR/OpenSanctions ofac_date
9273337,2025-07-30,GUR/OpenSanctions ofac_date
9274563,2026-04-15,GUR/OpenSanctions ofac_date
9275658,2025-10-09,GUR/OpenSanctions ofac_date
9276573,2025-03-13,GUR/OpenSanctions ofac_date
9277371,2025-12-18,GUR/OpenSanctions ofac_date
9278698,2026-05-19,GUR/OpenSanctions ofac_date
9280366,2025-02-24,GUR/OpenSanctions ofac_date
9280873,2024-10-11,GUR/OpenSanctions ofac_date
9281554,2024-06-27,GUR/OpenSanctions ofac_date
9281695,2025-03-20,GUR/OpenSanctions ofac_date
9281891,2024-12-03,GUR/OpenSanctions ofac_date
9282106,2025-07-30,GUR/OpenSanctions ofac_date
9282481,2025-07-30,GUR/OpenSanctions ofac_date
9282508,2026-04-15,GUR/OpenSanctions ofac_date
9282522,2024-04-04,GUR/OpenSanctions ofac_date
9282792,2026-02-06,GUR/OpenSanctions ofac_date
9283746,2023-04-27,GUR/OpenSanctions ofac_date
9283760,2023-04-27,GUR/OpenSanctions ofac_date
9285744,2024-12-03,GUR/OpenSanctions ofac_date
9285756,2024-12-03,GUR/OpenSanctions ofac_date
9286073,2026-05-28,GUR/OpenSanctions ofac_date
9286138,2026-08-24,GUR/OpenSanctions ofac_date
9286140,2023-04-27,GUR/OpenSanctions ofac_date
9286152,2023-04-27,GUR/OpenSanctions ofac_date
9286229,2025-07-03,GUR/OpenSanctions ofac_date
9288019,2025-03-13,GUR/OpenSanctions ofac_date
9288265,2024-12-03,GUR/OpenSanctions ofac_date
9288875,2025-07-30,GUR/OpenSanctions ofac_date
9289491,2024-10-11,GUR/OpenSanctions ofac_date
9289726,2025-10-09,GUR/OpenSanctions ofac_date
9289740,2025-10-09,GUR/OpenSanctions ofac_date
9290086,2026-04-24,GUR/OpenSanctions ofac_date
9290775,2026-02-06,GUR/OpenSanctions ofac_date
9291262,2026-04-15,GUR/OpenSanctions ofac_date
9292151,2025-07-30,GUR/OpenSanctions ofac_date
9292163,2024-12-03,GUR/OpenSanctions ofac_date
9292187,2026-05-19,GUR/OpenSanctions ofac_date
9292228,2024-10-11,GUR/OpenSanctions ofac_date
9293155,2026-02-06,GUR/OpenSanctions ofac_date
9293741,2025-03-20,GUR/OpenSanctions ofac_date
9294240,2025-10-09,GUR/OpenSanctions ofac_date
9294305,2026-05-28,GUR/OpenSanctions ofac_date
9294329,2026-04-24,GUR/OpenSanctions ofac_date
9294331,2026-07-29,GUR/OpenSanctions ofac_date
9297101,2025-12-18,GUR/OpenSanctions ofac_date
9297319,2024-10-11,GUR/OpenSanctions ofac_date
9298272,2025-06-20,GUR/OpenSanctions ofac_date
9298284,2026-05-28,GUR/OpenSanctions ofac_date
9298492,2025-07-30,GUR/OpenSanctions ofac_date
9299563,2026-02-25,GUR/OpenSanctions ofac_date
9299707,2025-07-30,GUR/OpenSanctions ofac_date
9301005,2025-10-09,GUR/OpenSanctions ofac_date
9302566,2025-07-30,GUR/OpenSanctions ofac_date
9303754,2025-07-30,GUR/OpenSanctions ofac_date
9304356,2025-07-30,GUR/OpenSanctions ofac_date
9304655,2024-10-11,GUR/OpenSanctions ofac_date
9306548,2025-07-03,GUR/OpenSanctions ofac_date
9306665,2026-01-23,GUR/OpenSanctions ofac_date
9307009,2025-07-30,GUR/OpenSanctions ofac_date
9307023,2025-07-30,GUR/OpenSanctions ofac_date
9307047,2025-07-30,GUR/OpenSanctions ofac_date
9307748,2025-10-09,GUR/OpenSanctions ofac_date
9307932,2024-12-03,GUR/OpenSanctions ofac_date
9308065,2025-07-30,GUR/OpenSanctions ofac_date
9308778,2024-10-11,GUR/OpenSanctions ofac_date
9308998,2026-04-24,GUR/OpenSanctions ofac_date
9309227,2025-04-10,GUR/OpenSanctions ofac_date
9309239,2024-06-27,GUR/OpenSanctions ofac_date
9310147,2025-03-20,GUR/OpenSanctions ofac_date
9310159,2025-03-20,GUR/OpenSanctions ofac_date
9311309,2025-04-10,GUR/OpenSanctions ofac_date
9312353,2025-10-09,GUR/OpenSanctions ofac_date
9312494,2026-02-06,GUR/OpenSanctions ofac_date
9313242,2025-07-30,GUR/OpenSanctions ofac_date
9315654,2024-10-17,GUR/OpenSanctions ofac_date
9318022,2025-07-30,GUR/OpenSanctions ofac_date
9318618,2026-02-06,GUR/OpenSanctions ofac_date
9320738,2025-10-09,GUR/OpenSanctions ofac_date
9320843,2025-05-08,GUR/OpenSanctions ofac_date
9321421,2024-12-03,GUR/OpenSanctions ofac_date
9321469,2025-12-18,GUR/OpenSanctions ofac_date
9321677,2026-04-15,GUR/OpenSanctions ofac_date
9321718,2025-07-30,GUR/OpenSanctions ofac_date
9321938,2026-07-29,GUR/OpenSanctions ofac_date
9322279,2026-05-19,GUR/OpenSanctions ofac_date
9326055,2024-12-03,GUR/OpenSanctions ofac_date
9326067,2026-05-19,GUR/OpenSanctions ofac_date
9326885,2026-04-15,GUR/OpenSanctions ofac_date
9326902,2025-10-09,GUR/OpenSanctions ofac_date
9328170,2025-07-30,GUR/OpenSanctions ofac_date
9328716,2025-03-13,GUR/OpenSanctions ofac_date
9330020,2025-12-18,GUR/OpenSanctions ofac_date
9330501,2025-07-30,GUR/OpenSanctions ofac_date
9331244,2026-07-29,GUR/OpenSanctions ofac_date
9332315,2025-07-30,GUR/OpenSanctions ofac_date
9332614,2026-04-15,GUR/OpenSanctions ofac_date
9336490,2025-07-30,GUR/OpenSanctions ofac_date
9337195,2025-10-09,GUR/OpenSanctions ofac_date
9337389,2024-04-04,GUR/OpenSanctions ofac_date
9340934,2025-10-09,GUR/OpenSanctions ofac_date
9341512,2024-12-03,GUR/OpenSanctions ofac_date
9348493,2025-07-30,GUR/OpenSanctions ofac_date
9352559,2026-04-24,GUR/OpenSanctions ofac_date
9353905,2026-01-23,GUR/OpenSanctions ofac_date
9354167,2025-07-30,GUR/OpenSanctions ofac_date
9354521,2024-10-11,GUR/OpenSanctions ofac_date
9356593,2023-04-27,GUR/OpenSanctions ofac_date
9356608,2023-04-27,GUR/OpenSanctions ofac_date
9357183,2023-04-27,GUR/OpenSanctions ofac_date
9357377,2023-04-27,GUR/OpenSanctions ofac_date
9357389,2023-04-27,GUR/OpenSanctions ofac_date
9357391,2023-04-27,GUR/OpenSanctions ofac_date
9357406,2023-04-27,GUR/OpenSanctions ofac_date
9357717,2023-04-27,GUR/OpenSanctions ofac_date
9357729,2023-04-27,GUR/OpenSanctions ofac_date
9358802,2025-12-18,GUR/OpenSanctions ofac_date
9360001,2025-10-09,GUR/OpenSanctions ofac_date
9362059,2023-04-27,GUR/OpenSanctions ofac_date
9362073,2023-04-27,GUR/OpenSanctions ofac_date
9363182,2025-12-18,GUR/OpenSanctions ofac_date
9365752,2025-02-24,GUR/OpenSanctions ofac_date
9365764,2025-02-24,GUR/OpenSanctions ofac_date
9365776,2025-02-24,GUR/OpenSanctions ofac_date
9369760,2026-02-06,GUR/OpenSanctions ofac_date
9371608,2024-12-03,GUR/OpenSanctions ofac_date
9372705,2025-04-10,GUR/OpenSanctions ofac_date
9379404,2025-10-09,GUR/OpenSanctions ofac_date
9379698,2025-08-21,GUR/OpenSanctions ofac_date
9379703,2024-10-11,GUR/OpenSanctions ofac_date
9380570,2025-12-18,GUR/OpenSanctions ofac_date
9382073,2025-07-30,GUR/OpenSanctions ofac_date
9386304,2026-06-05,GUR/OpenSanctions ofac_date
9387152,2026-05-19,GUR/OpenSanctions ofac_date
9387279,2025-07-30,GUR/OpenSanctions ofac_date
9387762,2026-04-24,GUR/OpenSanctions ofac_date
9388027,2025-07-30,GUR/OpenSanctions ofac_date
9389019,2026-08-24,GUR/OpenSanctions ofac_date
9397030,2025-04-10,GUR/OpenSanctions ofac_date
9397080,2024-04-04,GUR/OpenSanctions ofac_date
9399167,2025-04-10,GUR/OpenSanctions ofac_date
9400112,2025-07-30,GUR/OpenSanctions ofac_date
9400980,2025-07-30,GUR/OpenSanctions ofac_date
9404508,2026-07-14,GUR/OpenSanctions ofac_date
9404558,2023-04-27,GUR/OpenSanctions ofac_date
9404560,2023-04-27,GUR/OpenSanctions ofac_date
9404572,2025-12-18,GUR/OpenSanctions ofac_date
9408358,2026-05-19,GUR/OpenSanctions ofac_date
9408695,2025-07-30,GUR/OpenSanctions ofac_date
9409986,2025-12-18,GUR/OpenSanctions ofac_date
9410387,2024-12-03,GUR/OpenSanctions ofac_date
9411288,2024-06-27,GUR/OpenSanctions ofac_date
9411965,2025-11-20,GUR/OpenSanctions ofac_date
9413004,2026-04-15,GUR/OpenSanctions ofac_date
9415844,2025-07-30,GUR/OpenSanctions ofac_date
9417464,2026-04-15,GUR/OpenSanctions ofac_date
9417490,2024-06-27,GUR/OpenSanctions ofac_date
9418999,2026-07-14,GUR/OpenSanctions ofac_date
9422847,2025-04-10,GUR/OpenSanctions ofac_date
9422859,2025-04-10,GUR/OpenSanctions ofac_date
9430715,2025-12-18,GUR/OpenSanctions ofac_date
9433016,2025-07-30,GUR/OpenSanctions ofac_date
9436484,2025-07-30,GUR/OpenSanctions ofac_date
9439541,2025-07-30,GUR/OpenSanctions ofac_date
9451501,2025-04-10,GUR/OpenSanctions ofac_date
9453729,2025-12-18,GUR/OpenSanctions ofac_date
9463528,2025-04-10,GUR/OpenSanctions ofac_date
9464156,2025-12-18,GUR/OpenSanctions ofac_date
9467158,2026-07-14,GUR/OpenSanctions ofac_date
9471123,2026-02-06,GUR/OpenSanctions ofac_date
9506693,2026-07-14,GUR/OpenSanctions ofac_date
9509097,2026-07-14,GUR/OpenSanctions ofac_date
9514339,2026-07-14,GUR/OpenSanctions ofac_date
9531375,2025-07-30,GUR/OpenSanctions ofac_date
9531387,2025-07-30,GUR/OpenSanctions ofac_date
9534614,2026-04-24,GUR/OpenSanctions ofac_date
9546708,2025-04-10,GUR/OpenSanctions ofac_date
9546710,2025-12-18,GUR/OpenSanctions ofac_date
9548990,2026-02-25,GUR/OpenSanctions ofac_date
9549009,2026-02-25,GUR/OpenSanctions ofac_date
9553957,2025-07-30,GUR/OpenSanctions ofac_date
9554822,2025-07-30,GUR/OpenSanctions ofac_date
9554834,2025-07-30,GUR/OpenSanctions ofac_date
9555199,2025-04-10,GUR/OpenSanctions ofac_date
9558517,2025-07-09,GUR/OpenSanctions ofac_date
9569669,2023-04-27,GUR/OpenSanctions ofac_date
9569671,2023-04-27,GUR/OpenSanctions ofac_date
9569695,2023-04-27,GUR/OpenSanctions ofac_date
9569700,2023-04-27,GUR/OpenSanctions ofac_date
9569712,2023-04-27,GUR/OpenSanctions ofac_date
9571052,2025-07-30,GUR/OpenSanctions ofac_date
9575424,2023-04-27,GUR/OpenSanctions ofac_date
9606015,2026-07-14,GUR/OpenSanctions ofac_date
9672301,2025-04-10,GUR/OpenSanctions ofac_date
9719862,2025-07-30,GUR/OpenSanctions ofac_date
9829629,2025-07-03,GUR/OpenSanctions ofac_date
